#-----------------------------------------------------------------------------
# Date d'extraction : 24/04/2025 - 12h35 loc.
#-----------------------------------------------------------------------------
# Producteur : MF-DCSC
# Experience : EUROCORDEX2020
# Modele     : ALADIN63_CNRM-CM5
# Scenario :
#     REF : référence
#-----------------------------------------------------------------------------
# Période extraite : de 1990 à 2005
#-----------------------------------------------------------------------------
# Type d'indice : annuel
#-----------------------------------------------------------------------------
# Indices : 
#     TAV : Température moyenne journalière (°C)
#     PN20MM : Nombre de jours de fortes précipitations (jour(s))
#     PQ90 : précipitations intenses (Q90) (mm)
#     PQ99 : précipitations extrêmes (Q99) (mm)
#     RR99 : nombre de jours de précipitations intenses (nombre de jours où on dépasse le Q99) (jour(s))
#-----------------------------------------------------------------------------
# Format des enregistrements 
# Point;Latitude;Longitude;Contexte;Annee;TAV;PN20MM;PQ90;PQ99;RR99;
#-----------------------------------------------------------------------------
Point;Latitude;Longitude;Contexte;Annee;TAV;PN20MM;PQ90;PQ99;RR99;
11741;47.3229;-3.2243;REF;1990;13.06;6;7.81;20.39;6;
11741;47.3229;-3.2243;REF;1991;12.27;1;6.69;16.46;1;
11741;47.3229;-3.2243;REF;1992;12.17;4;6.84;19.21;4;
11741;47.3229;-3.2243;REF;1993;12.52;4;6.11;20.11;4;
11741;47.3229;-3.2243;REF;1994;11.99;4;7.65;20.06;4;
11741;47.3229;-3.2243;REF;1995;12.62;2;6.04;17.43;2;
11741;47.3229;-3.2243;REF;1996;12.9;5;5.13;20.42;5;
11741;47.3229;-3.2243;REF;1997;12.45;4;6.19;17.63;4;
11741;47.3229;-3.2243;REF;1998;12.57;3;7.5;18.24;3;
11741;47.3229;-3.2243;REF;1999;13.14;4;5.11;17.68;4;
11741;47.3229;-3.2243;REF;2000;13.28;6;6.83;25.81;6;
11741;47.3229;-3.2243;REF;2001;12.26;4;7.38;19.99;4;
11741;47.3229;-3.2243;REF;2002;12.6;2;7.16;19.5;3;
11741;47.3229;-3.2243;REF;2003;13.13;2;6.49;18.18;2;
11741;47.3229;-3.2243;REF;2004;13.28;6;8.03;22.31;6;
11741;47.3229;-3.2243;REF;2005;12.78;4;4.14;19.41;4;
12037;47.5126;-2.1799;REF;1990;12.47;12;9.1;31.16;8;
12037;47.5126;-2.1799;REF;1991;11.34;4;6.72;20.11;3;
12037;47.5126;-2.1799;REF;1992;11.34;2;8.05;17.65;2;
12037;47.5126;-2.1799;REF;1993;11.78;4;8.05;20.02;3;
12037;47.5126;-2.1799;REF;1994;11.15;8;8.14;24.68;4;
12037;47.5126;-2.1799;REF;1995;11.87;10;8.01;30.1;6;
12037;47.5126;-2.1799;REF;1996;12.21;5;5.36;22.05;2;
12037;47.5126;-2.1799;REF;1997;11.65;4;7.93;19.88;0;
12037;47.5126;-2.1799;REF;1998;11.68;5;9.1;20.5;3;
12037;47.5126;-2.1799;REF;1999;12.46;7;5.89;26.54;5;
12037;47.5126;-2.1799;REF;2000;12.6;15;7.68;32.15;11;
12037;47.5126;-2.1799;REF;2001;11.54;8;9.16;26.08;4;
12037;47.5126;-2.1799;REF;2002;11.9;7;8.74;22.18;1;
12037;47.5126;-2.1799;REF;2003;12.47;8;9.44;24.57;5;
12037;47.5126;-2.1799;REF;2004;12.63;11;8.94;25.74;5;
12037;47.5126;-2.1799;REF;2005;12.04;5;4.72;22.28;3;
12175;47.5626;-2.7167;REF;1990;12.84;9;8.48;28.18;6;
12175;47.5626;-2.7167;REF;1991;11.89;3;6.97;18.35;1;
12175;47.5626;-2.7167;REF;1992;11.76;4;8.26;20.46;1;
12175;47.5626;-2.7167;REF;1993;12.24;3;7.59;19.71;2;
12175;47.5626;-2.7167;REF;1994;11.63;5;9.36;22.39;3;
12175;47.5626;-2.7167;REF;1995;12.32;10;7.07;23.19;4;
12175;47.5626;-2.7167;REF;1996;12.66;5;5.6;20.34;3;
12175;47.5626;-2.7167;REF;1997;12.17;3;7.47;16.96;2;
12175;47.5626;-2.7167;REF;1998;12.23;6;8.18;20.7;1;
12175;47.5626;-2.7167;REF;1999;12.91;2;5.95;17.13;2;
12175;47.5626;-2.7167;REF;2000;13.13;13;7.05;29.2;11;
12175;47.5626;-2.7167;REF;2001;11.89;9;8.79;27.65;8;
12175;47.5626;-2.7167;REF;2002;12.35;6;8.28;21.58;4;
12175;47.5626;-2.7167;REF;2003;12.85;10;7.71;24.76;5;
12175;47.5626;-2.7167;REF;2004;13.09;11;8.58;26.35;6;
12175;47.5626;-2.7167;REF;2005;12.54;5;5.03;21.62;3;
12176;47.5671;-2.6106;REF;1990;12.71;7;9.12;26.15;7;
12176;47.5671;-2.6106;REF;1991;11.68;4;6.38;17.81;1;
12176;47.5671;-2.6106;REF;1992;11.6;3;8.09;18.2;2;
12176;47.5671;-2.6106;REF;1993;12.06;2;7.73;18.18;2;
12176;47.5671;-2.6106;REF;1994;11.41;5;8.8;22.45;4;
12176;47.5671;-2.6106;REF;1995;12.14;6;7.17;22.51;4;
12176;47.5671;-2.6106;REF;1996;12.51;3;5.61;18.51;2;
12176;47.5671;-2.6106;REF;1997;11.94;3;7.47;16.78;3;
12176;47.5671;-2.6106;REF;1998;12.03;3;8.04;18.76;1;
12176;47.5671;-2.6106;REF;1999;12.79;3;5.68;18.12;2;
12176;47.5671;-2.6106;REF;2000;12.97;13;6.88;26.37;10;
12176;47.5671;-2.6106;REF;2001;11.74;8;8.34;26.53;6;
12176;47.5671;-2.6106;REF;2002;12.21;6;7.91;22.87;5;
12176;47.5671;-2.6106;REF;2003;12.74;9;7.63;22.25;4;
12176;47.5671;-2.6106;REF;2004;12.94;8;8.77;24.75;7;
12176;47.5671;-2.6106;REF;2005;12.37;3;5.09;18.08;3;
12177;47.5716;-2.5044;REF;1990;12.61;7;9.18;26.29;7;
12177;47.5716;-2.5044;REF;1991;11.59;4;6.42;17.92;1;
12177;47.5716;-2.5044;REF;1992;11.5;3;8.13;18.31;2;
12177;47.5716;-2.5044;REF;1993;11.97;2;7.83;18.29;2;
12177;47.5716;-2.5044;REF;1994;11.32;6;8.85;22.58;4;
12177;47.5716;-2.5044;REF;1995;12.04;6;7.21;22.64;4;
12177;47.5716;-2.5044;REF;1996;12.41;3;5.64;18.61;2;
12177;47.5716;-2.5044;REF;1997;11.85;3;7.51;16.88;3;
12177;47.5716;-2.5044;REF;1998;11.94;3;8.09;18.87;1;
12177;47.5716;-2.5044;REF;1999;12.69;3;5.7;18.23;2;
12177;47.5716;-2.5044;REF;2000;12.88;13;6.92;26.52;10;
12177;47.5716;-2.5044;REF;2001;11.66;8;8.39;26.68;6;
12177;47.5716;-2.5044;REF;2002;12.11;6;7.95;22.98;5;
12177;47.5716;-2.5044;REF;2003;12.65;9;7.68;22.38;4;
12177;47.5716;-2.5044;REF;2004;12.84;8;8.81;24.89;7;
12177;47.5716;-2.5044;REF;2005;12.28;3;5.12;18.18;3;
12178;47.576;-2.3983;REF;1990;12.38;8;9;25.4;6;
12178;47.576;-2.3983;REF;1991;11.35;5;6.35;21.66;2;
12178;47.576;-2.3983;REF;1992;11.29;2;7.73;17.6;1;
12178;47.576;-2.3983;REF;1993;11.72;4;8;19.11;2;
12178;47.576;-2.3983;REF;1994;11.09;6;8.34;23.08;4;
12178;47.576;-2.3983;REF;1995;11.79;8;7.78;26.64;7;
12178;47.576;-2.3983;REF;1996;12.17;3;5.62;17.82;3;
12178;47.576;-2.3983;REF;1997;11.61;3;7.95;17.28;2;
12178;47.576;-2.3983;REF;1998;11.71;3;8;18.21;2;
12178;47.576;-2.3983;REF;1999;12.44;4;5;19.74;3;
12178;47.576;-2.3983;REF;2000;12.57;13;6.84;27.65;9;
12178;47.576;-2.3983;REF;2001;11.45;9;7.98;26.39;6;
12178;47.576;-2.3983;REF;2002;11.86;7;8.24;21.78;2;
12178;47.576;-2.3983;REF;2003;12.42;9;8.08;22.54;3;
12178;47.576;-2.3983;REF;2004;12.56;8;9.17;26.75;6;
12178;47.576;-2.3983;REF;2005;12.04;3;5.41;18.06;3;
12179;47.5803;-2.2922;REF;1990;12.47;12;9.1;31.16;8;
12179;47.5803;-2.2922;REF;1991;11.34;4;6.72;20.11;3;
12179;47.5803;-2.2922;REF;1992;11.34;2;8.05;17.65;2;
12179;47.5803;-2.2922;REF;1993;11.78;4;8.05;20.02;3;
12179;47.5803;-2.2922;REF;1994;11.15;8;8.14;24.69;4;
12179;47.5803;-2.2922;REF;1995;11.87;10;8.01;30.1;6;
12179;47.5803;-2.2922;REF;1996;12.21;5;5.36;22.05;2;
12179;47.5803;-2.2922;REF;1997;11.65;4;7.93;19.88;0;
12179;47.5803;-2.2922;REF;1998;11.68;5;9.1;20.5;3;
12179;47.5803;-2.2922;REF;1999;12.46;7;5.89;26.54;5;
12179;47.5803;-2.2922;REF;2000;12.6;15;7.68;32.15;11;
12179;47.5803;-2.2922;REF;2001;11.54;8;9.16;26.08;4;
12179;47.5803;-2.2922;REF;2002;11.9;7;8.74;22.18;1;
12179;47.5803;-2.2922;REF;2003;12.47;8;9.44;24.57;5;
12179;47.5803;-2.2922;REF;2004;12.63;11;8.94;25.74;5;
12179;47.5803;-2.2922;REF;2005;12.04;5;4.72;22.28;3;
12180;47.5845;-2.186;REF;1990;12.57;12;9.04;30.99;8;
12180;47.5845;-2.186;REF;1991;11.43;4;6.69;20;3;
12180;47.5845;-2.186;REF;1992;11.44;2;7.99;17.55;2;
12180;47.5845;-2.186;REF;1993;11.87;4;8.08;19.91;3;
12180;47.5845;-2.186;REF;1994;11.24;8;8.09;24.56;4;
12180;47.5845;-2.186;REF;1995;11.96;10;7.96;29.93;6;
12180;47.5845;-2.186;REF;1996;12.3;5;5.33;21.92;2;
12180;47.5845;-2.186;REF;1997;11.74;4;7.89;19.77;0;
12180;47.5845;-2.186;REF;1998;11.77;5;9.05;20.39;3;
12180;47.5845;-2.186;REF;1999;12.55;7;6.01;26.39;5;
12180;47.5845;-2.186;REF;2000;12.7;15;7.64;31.99;11;
12180;47.5845;-2.186;REF;2001;11.63;8;9.13;25.93;4;
12180;47.5845;-2.186;REF;2002;11.99;7;8.69;22.05;1;
12180;47.5845;-2.186;REF;2003;12.56;8;9.38;24.42;5;
12180;47.5845;-2.186;REF;2004;12.72;10;8.89;25.59;5;
12180;47.5845;-2.186;REF;2005;12.13;5;4.7;22.16;3;
12314;47.6151;-3.1483;REF;1990;12.79;9;8.23;22.05;5;
12314;47.6151;-3.1483;REF;1991;11.89;3;7.15;17.15;1;
12314;47.6151;-3.1483;REF;1992;11.77;4;7.89;20.66;4;
12314;47.6151;-3.1483;REF;1993;12.17;6;7.3;22.78;5;
12314;47.6151;-3.1483;REF;1994;11.62;5;8.42;20.97;4;
12314;47.6151;-3.1483;REF;1995;12.31;3;6.46;18.91;3;
12314;47.6151;-3.1483;REF;1996;12.6;6;5.25;22.77;5;
12314;47.6151;-3.1483;REF;1997;12.14;3;6.56;17.39;3;
12314;47.6151;-3.1483;REF;1998;12.24;3;8.34;18.97;3;
12314;47.6151;-3.1483;REF;1999;12.87;4;5.86;19.43;4;
12314;47.6151;-3.1483;REF;2000;13.01;7;7.97;24.89;6;
12314;47.6151;-3.1483;REF;2001;11.9;5;8.1;21.24;4;
12314;47.6151;-3.1483;REF;2002;12.3;5;8.21;20.49;3;
12314;47.6151;-3.1483;REF;2003;12.84;5;7.69;20.93;3;
12314;47.6151;-3.1483;REF;2004;13.03;7;8.76;22.23;6;
12314;47.6151;-3.1483;REF;2005;12.48;5;4.57;20.93;3;
12315;47.6201;-3.0421;REF;1990;12.71;11;8.62;23.61;7;
12315;47.6201;-3.0421;REF;1991;11.69;3;7.16;19.54;2;
12315;47.6201;-3.0421;REF;1992;11.55;5;8.47;22.15;4;
12315;47.6201;-3.0421;REF;1993;11.99;6;7.41;23.37;5;
12315;47.6201;-3.0421;REF;1994;11.33;5;8.73;21.61;4;
12315;47.6201;-3.0421;REF;1995;12.14;4;6.8;19.75;2;
12315;47.6201;-3.0421;REF;1996;12.45;5;5.34;23.01;5;
12315;47.6201;-3.0421;REF;1997;11.93;3;6.9;17.77;3;
12315;47.6201;-3.0421;REF;1998;12.04;2;8.42;17.96;1;
12315;47.6201;-3.0421;REF;1999;12.77;4;5.71;18.92;3;
12315;47.6201;-3.0421;REF;2000;12.94;8;7.88;26.39;5;
12315;47.6201;-3.0421;REF;2001;11.67;6;8.57;21.21;3;
12315;47.6201;-3.0421;REF;2002;12.15;5;8.32;22.69;5;
12315;47.6201;-3.0421;REF;2003;12.72;5;7.49;22.21;3;
12315;47.6201;-3.0421;REF;2004;12.92;7;9.38;24.43;6;
12315;47.6201;-3.0421;REF;2005;12.32;6;4.8;21.56;2;
12316;47.6249;-2.9359;REF;1990;12.7;10;8.6;24.02;8;
12316;47.6249;-2.9359;REF;1991;11.67;4;6.82;18.3;1;
12316;47.6249;-2.9359;REF;1992;11.58;3;7.9;19.01;2;
12316;47.6249;-2.9359;REF;1993;12.01;5;7.49;21.01;3;
12316;47.6249;-2.9359;REF;1994;11.34;5;8.73;21.74;4;
12316;47.6249;-2.9359;REF;1995;12.12;5;6.95;20.48;2;
12316;47.6249;-2.9359;REF;1996;12.46;5;5.94;21.91;4;
12316;47.6249;-2.9359;REF;1997;11.93;3;7.27;17.88;3;
12316;47.6249;-2.9359;REF;1998;12.01;3;8.62;17.46;1;
12316;47.6249;-2.9359;REF;1999;12.79;4;6.06;17.55;3;
12316;47.6249;-2.9359;REF;2000;12.97;9;7.6;25.76;8;
12316;47.6249;-2.9359;REF;2001;11.65;7;8.93;22.26;4;
12316;47.6249;-2.9359;REF;2002;12.16;6;8.19;24.1;5;
12316;47.6249;-2.9359;REF;2003;12.71;7;7.73;20.86;3;
12316;47.6249;-2.9359;REF;2004;12.89;7;9.59;24.83;7;
12316;47.6249;-2.9359;REF;2005;12.38;6;4.8;21.84;3;
12317;47.6297;-2.8297;REF;1990;12.65;9;8.06;26.94;7;
12317;47.6297;-2.8297;REF;1991;11.64;3;6.86;16.87;2;
12317;47.6297;-2.8297;REF;1992;11.5;3;8.1;19.39;2;
12317;47.6297;-2.8297;REF;1993;12.01;3;7.46;17.98;2;
12317;47.6297;-2.8297;REF;1994;11.33;5;9.11;22.32;4;
12317;47.6297;-2.8297;REF;1995;12.08;7;6.9;22.63;4;
12317;47.6297;-2.8297;REF;1996;12.43;3;5.69;19.17;3;
12317;47.6297;-2.8297;REF;1997;11.9;3;7.4;16.52;2;
12317;47.6297;-2.8297;REF;1998;11.99;2;8.11;19.45;1;
12317;47.6297;-2.8297;REF;1999;12.71;2;6.02;17.7;2;
12317;47.6297;-2.8297;REF;2000;12.93;12;6.83;26.52;9;
12317;47.6297;-2.8297;REF;2001;11.65;8;8.51;27.2;6;
12317;47.6297;-2.8297;REF;2002;12.15;4;7.84;20.98;4;
12317;47.6297;-2.8297;REF;2003;12.65;10;7.62;24.12;5;
12317;47.6297;-2.8297;REF;2004;12.89;9;8.95;25.02;7;
12317;47.6297;-2.8297;REF;2005;12.31;4;4.95;20.22;3;
12318;47.6344;-2.7235;REF;1990;12.75;9;8.01;26.79;7;
12318;47.6344;-2.7235;REF;1991;11.73;3;6.81;16.76;2;
12318;47.6344;-2.7235;REF;1992;11.6;3;8.04;19.27;2;
12318;47.6344;-2.7235;REF;1993;12.1;3;7.42;17.88;2;
12318;47.6344;-2.7235;REF;1994;11.43;5;9.06;22.23;4;
12318;47.6344;-2.7235;REF;1995;12.19;7;6.86;22.52;4;
12318;47.6344;-2.7235;REF;1996;12.53;3;5.65;19.08;3;
12318;47.6344;-2.7235;REF;1997;11.99;3;7.35;16.42;2;
12318;47.6344;-2.7235;REF;1998;12.09;2;8.06;19.33;1;
12318;47.6344;-2.7235;REF;1999;12.81;2;5.98;17.59;2;
12318;47.6344;-2.7235;REF;2000;13.03;12;6.8;26.36;9;
12318;47.6344;-2.7235;REF;2001;11.75;8;8.46;27.07;6;
12318;47.6344;-2.7235;REF;2002;12.24;4;7.79;20.9;4;
12318;47.6344;-2.7235;REF;2003;12.75;10;7.57;23.97;5;
12318;47.6344;-2.7235;REF;2004;12.99;9;8.86;24.87;7;
12318;47.6344;-2.7235;REF;2005;12.41;4;4.9;20.16;3;
12319;47.639;-2.6173;REF;1990;12.51;7;9.23;26.45;7;
12319;47.639;-2.6173;REF;1991;11.49;4;6.46;18.07;1;
12319;47.639;-2.6173;REF;1992;11.4;3;8.18;18.44;2;
12319;47.639;-2.6173;REF;1993;11.88;2;7.89;18.4;2;
12319;47.639;-2.6173;REF;1994;11.22;6;8.9;22.73;4;
12319;47.639;-2.6173;REF;1995;11.94;6;7.26;22.87;4;
12319;47.639;-2.6173;REF;1996;12.31;3;5.55;18.73;2;
12319;47.639;-2.6173;REF;1997;11.75;3;7.55;17;3;
12319;47.639;-2.6173;REF;1998;11.85;3;8.13;19;1;
12319;47.639;-2.6173;REF;1999;12.58;3;5.71;18.36;2;
12319;47.639;-2.6173;REF;2000;12.77;13;6.96;26.69;10;
12319;47.639;-2.6173;REF;2001;11.56;8;8.44;26.87;6;
12319;47.639;-2.6173;REF;2002;12;6;7.78;23.1;5;
12319;47.639;-2.6173;REF;2003;12.55;9;7.67;22.53;4;
12319;47.639;-2.6173;REF;2004;12.74;8;8.86;25.06;7;
12319;47.639;-2.6173;REF;2005;12.19;3;5.16;18.31;3;
12320;47.6434;-2.511;REF;1990;12.1;12;10.2;30.72;6;
12320;47.6434;-2.511;REF;1991;11.08;4;7.14;20.78;2;
12320;47.6434;-2.511;REF;1992;10.98;6;9.31;21.11;1;
12320;47.6434;-2.511;REF;1993;11.49;5;8.88;20.35;2;
12320;47.6434;-2.511;REF;1994;10.86;7;10.32;28.38;5;
12320;47.6434;-2.511;REF;1995;11.56;12;8.4;28.81;5;
12320;47.6434;-2.511;REF;1996;11.92;5;6.29;21.54;2;
12320;47.6434;-2.511;REF;1997;11.37;3;8.37;18.29;2;
12320;47.6434;-2.511;REF;1998;11.44;6;9.17;22.89;1;
12320;47.6434;-2.511;REF;1999;12.2;3;6.33;19.14;2;
12320;47.6434;-2.511;REF;2000;12.34;15;6.82;32.77;9;
12320;47.6434;-2.511;REF;2001;11.17;10;9.72;33.6;8;
12320;47.6434;-2.511;REF;2002;11.59;8;8.75;26.71;4;
12320;47.6434;-2.511;REF;2003;12.14;10;9.14;28.32;7;
12320;47.6434;-2.511;REF;2004;12.32;11;9.2;30.12;8;
12320;47.6434;-2.511;REF;2005;11.79;8;5.94;22.14;3;
12321;47.6478;-2.4047;REF;1990;12.16;10;9.59;29.32;6;
12321;47.6478;-2.4047;REF;1991;11.09;5;6.73;22.5;2;
12321;47.6478;-2.4047;REF;1992;11.05;3;8.28;18.52;1;
12321;47.6478;-2.4047;REF;1993;11.49;5;8.57;21.06;2;
12321;47.6478;-2.4047;REF;1994;10.82;7;8.97;26.94;5;
12321;47.6478;-2.4047;REF;1995;11.55;11;8.14;29.52;6;
12321;47.6478;-2.4047;REF;1996;11.9;5;5.53;20.46;2;
12321;47.6478;-2.4047;REF;1997;11.37;4;8.34;19.34;2;
12321;47.6478;-2.4047;REF;1998;11.46;5;8.79;20.33;2;
12321;47.6478;-2.4047;REF;1999;12.19;4;5.3;19.33;3;
12321;47.6478;-2.4047;REF;2000;12.34;14;6.67;30.95;9;
12321;47.6478;-2.4047;REF;2001;11.2;9;8.57;31.58;6;
12321;47.6478;-2.4047;REF;2002;11.6;7;8.77;21.57;1;
12321;47.6478;-2.4047;REF;2003;12.21;9;8.89;25.62;6;
12321;47.6478;-2.4047;REF;2004;12.31;9;9.51;29.05;7;
12321;47.6478;-2.4047;REF;2005;11.78;5;5.56;20.69;2;
12322;47.6521;-2.2984;REF;1990;12.25;10;9.68;33.07;6;
12322;47.6521;-2.2984;REF;1991;11.19;4;7.01;21.3;3;
12322;47.6521;-2.2984;REF;1992;11.15;3;7.7;18.08;1;
12322;47.6521;-2.2984;REF;1993;11.56;4;9.23;19.47;2;
12322;47.6521;-2.2984;REF;1994;10.93;8;8.31;26.52;4;
12322;47.6521;-2.2984;REF;1995;11.64;11;8.29;29.11;8;
12322;47.6521;-2.2984;REF;1996;11.98;6;5.01;21.22;2;
12322;47.6521;-2.2984;REF;1997;11.44;4;7.85;19.47;1;
12322;47.6521;-2.2984;REF;1998;11.52;4;8.33;20.75;2;
12322;47.6521;-2.2984;REF;1999;12.25;5;5.97;22.04;3;
12322;47.6521;-2.2984;REF;2000;12.39;14;7.25;35.15;11;
12322;47.6521;-2.2984;REF;2001;11.29;7;9.26;28.39;7;
12322;47.6521;-2.2984;REF;2002;11.69;6;8.69;22.71;1;
12322;47.6521;-2.2984;REF;2003;12.27;11;9.35;24.72;4;
12322;47.6521;-2.2984;REF;2004;12.39;8;9.39;27.96;6;
12322;47.6521;-2.2984;REF;2005;11.9;5;5.69;20.54;2;
12323;47.6563;-2.1921;REF;1990;12.36;10;9.56;32.87;6;
12323;47.6563;-2.1921;REF;1991;11.29;4;6.91;21.15;3;
12323;47.6563;-2.1921;REF;1992;11.26;3;7.65;17.96;1;
12323;47.6563;-2.1921;REF;1993;11.66;4;9.17;19.34;2;
12323;47.6563;-2.1921;REF;1994;11.03;8;8.29;26.34;4;
12323;47.6563;-2.1921;REF;1995;11.75;11;8.23;28.92;8;
12323;47.6563;-2.1921;REF;1996;12.09;6;4.98;21.11;2;
12323;47.6563;-2.1921;REF;1997;11.54;4;7.8;19.35;1;
12323;47.6563;-2.1921;REF;1998;11.62;4;8.27;20.61;2;
12323;47.6563;-2.1921;REF;1999;12.36;5;5.93;21.9;3;
12323;47.6563;-2.1921;REF;2000;12.5;14;7.21;34.93;11;
12323;47.6563;-2.1921;REF;2001;11.4;7;9.2;28.2;7;
12323;47.6563;-2.1921;REF;2002;11.79;6;8.63;22.58;1;
12323;47.6563;-2.1921;REF;2003;12.38;11;9.28;24.57;4;
12323;47.6563;-2.1921;REF;2004;12.49;8;9.28;27.77;6;
12323;47.6563;-2.1921;REF;2005;12.01;4;5.65;20.41;2;
12324;47.6604;-2.0858;REF;1990;12.62;10;9.3;31.31;8;
12324;47.6604;-2.0858;REF;1991;11.51;5;6.64;23.59;3;
12324;47.6604;-2.0858;REF;1992;11.5;2;7.68;18.67;1;
12324;47.6604;-2.0858;REF;1993;11.89;4;8.46;18.49;2;
12324;47.6604;-2.0858;REF;1994;11.27;9;7.7;27.04;5;
12324;47.6604;-2.0858;REF;1995;11.97;11;8.5;29.22;7;
12324;47.6604;-2.0858;REF;1996;12.33;5;6.2;21.54;2;
12324;47.6604;-2.0858;REF;1997;11.78;4;7.26;18.97;0;
12324;47.6604;-2.0858;REF;1998;11.82;4;8.4;19.63;3;
12324;47.6604;-2.0858;REF;1999;12.59;8;6.13;24.53;4;
12324;47.6604;-2.0858;REF;2000;12.7;13;7.67;35.49;7;
12324;47.6604;-2.0858;REF;2001;11.64;8;9.46;28.55;7;
12324;47.6604;-2.0858;REF;2002;12.01;5;8.85;20.94;2;
12324;47.6604;-2.0858;REF;2003;12.58;7;9.03;24.25;4;
12324;47.6604;-2.0858;REF;2004;12.73;6;9.45;25.01;4;
12324;47.6604;-2.0858;REF;2005;12.27;2;5.31;19.37;1;
12456;47.6818;-3.262;REF;1990;12.84;5;9.63;20.64;4;
12456;47.6818;-3.262;REF;1991;11.91;3;6.46;16.32;3;
12456;47.6818;-3.262;REF;1992;11.83;5;8.1;20.36;3;
12456;47.6818;-3.262;REF;1993;12.19;6;7.44;22.19;5;
12456;47.6818;-3.262;REF;1994;11.62;3;8.09;18.75;0;
12456;47.6818;-3.262;REF;1995;12.33;8;6.57;22.4;5;
12456;47.6818;-3.262;REF;1996;12.65;5;5.92;20.97;3;
12456;47.6818;-3.262;REF;1997;12.18;3;6.55;17.61;3;
12456;47.6818;-3.262;REF;1998;12.27;3;7.74;17.35;2;
12456;47.6818;-3.262;REF;1999;12.91;4;5.49;18.73;4;
12456;47.6818;-3.262;REF;2000;13.06;6;7.66;21.71;4;
12456;47.6818;-3.262;REF;2001;11.89;6;7.56;21.12;4;
12456;47.6818;-3.262;REF;2002;12.31;4;8.43;20.43;4;
12456;47.6818;-3.262;REF;2003;12.9;5;7.52;20.88;2;
12456;47.6818;-3.262;REF;2004;13.05;5;8.91;21.17;4;
12456;47.6818;-3.262;REF;2005;12.51;4;4.22;20.74;4;
12458;47.6918;-3.0494;REF;1990;12.63;11;8.66;23.72;7;
12458;47.6918;-3.0494;REF;1991;11.61;3;7.3;19.64;2;
12458;47.6918;-3.0494;REF;1992;11.48;5;8.49;22.28;4;
12458;47.6918;-3.0494;REF;1993;11.91;6;7.45;23.5;5;
12458;47.6918;-3.0494;REF;1994;11.26;5;8.77;21.74;4;
12458;47.6918;-3.0494;REF;1995;12.05;4;6.84;19.86;2;
12458;47.6918;-3.0494;REF;1996;12.37;5;5.37;23.13;5;
12458;47.6918;-3.0494;REF;1997;11.85;3;6.93;17.87;3;
12458;47.6918;-3.0494;REF;1998;11.97;3;8.47;18.04;1;
12458;47.6918;-3.0494;REF;1999;12.68;4;5.74;19.04;3;
12458;47.6918;-3.0494;REF;2000;12.86;8;7.93;26.54;5;
12458;47.6918;-3.0494;REF;2001;11.6;6;8.62;21.32;3;
12458;47.6918;-3.0494;REF;2002;12.05;5;8.36;22.81;5;
12458;47.6918;-3.0494;REF;2003;12.64;5;7.52;22.32;3;
12458;47.6918;-3.0494;REF;2004;12.84;7;9.43;24.55;6;
12458;47.6918;-3.0494;REF;2005;12.24;6;4.82;21.66;2;
12459;47.6967;-2.9431;REF;1990;12.44;11;9.72;30.4;9;
12459;47.6967;-2.9431;REF;1991;11.38;4;7.69;20.2;2;
12459;47.6967;-2.9431;REF;1992;11.29;7;9.12;22.67;2;
12459;47.6967;-2.9431;REF;1993;11.75;7;8.54;23.65;4;
12459;47.6967;-2.9431;REF;1994;11.1;7;9.38;27.49;5;
12459;47.6967;-2.9431;REF;1995;11.86;10;7.77;24.82;2;
12459;47.6967;-2.9431;REF;1996;12.19;6;6.3;24.77;4;
12459;47.6967;-2.9431;REF;1997;11.67;4;8.28;19.81;3;
12459;47.6967;-2.9431;REF;1998;11.74;4;9.05;20.18;1;
12459;47.6967;-2.9431;REF;1999;12.54;4;6.59;18.7;3;
12459;47.6967;-2.9431;REF;2000;12.68;11;8.27;31.93;7;
12459;47.6967;-2.9431;REF;2001;11.38;13;9.89;26.06;4;
12459;47.6967;-2.9431;REF;2002;11.86;9;9.12;25.77;4;
12459;47.6967;-2.9431;REF;2003;12.43;8;8.49;25.22;4;
12459;47.6967;-2.9431;REF;2004;12.58;9;10.53;31.36;6;
12459;47.6967;-2.9431;REF;2005;12.11;7;5.14;24.94;3;
12460;47.7015;-2.8367;REF;1990;12.38;11;9.76;31.26;6;
12460;47.7015;-2.8367;REF;1991;11.32;4;7.35;19.52;3;
12460;47.7015;-2.8367;REF;1992;11.23;4;8.23;20.41;2;
12460;47.7015;-2.8367;REF;1993;11.69;4;8.57;21.18;3;
12460;47.7015;-2.8367;REF;1994;11.09;6;9.54;28;5;
12460;47.7015;-2.8367;REF;1995;11.81;10;8.09;24.47;4;
12460;47.7015;-2.8367;REF;1996;12.14;5;6.3;22.7;3;
12460;47.7015;-2.8367;REF;1997;11.61;4;8.29;20.03;3;
12460;47.7015;-2.8367;REF;1998;11.69;4;8.64;20.05;1;
12460;47.7015;-2.8367;REF;1999;12.49;2;5.94;16.46;2;
12460;47.7015;-2.8367;REF;2000;12.63;12;7.91;31.04;8;
12460;47.7015;-2.8367;REF;2001;11.36;16;9.95;27.63;5;
12460;47.7015;-2.8367;REF;2002;11.84;7;9.34;24.87;3;
12460;47.7015;-2.8367;REF;2003;12.38;8;8.69;25.41;4;
12460;47.7015;-2.8367;REF;2004;12.52;10;10.31;32.17;8;
12460;47.7015;-2.8367;REF;2005;12.06;8;5.44;26.56;5;
12461;47.7062;-2.7304;REF;1990;12.08;11;10;31.8;6;
12461;47.7062;-2.7304;REF;1991;11.06;4;7.65;19.83;3;
12461;47.7062;-2.7304;REF;1992;10.96;5;8.55;20.78;2;
12461;47.7062;-2.7304;REF;1993;11.44;4;8.81;21.56;3;
12461;47.7062;-2.7304;REF;1994;10.82;6;9.7;28.5;5;
12461;47.7062;-2.7304;REF;1995;11.54;11;8.15;24.91;4;
12461;47.7062;-2.7304;REF;1996;11.86;5;6.41;23.04;3;
12461;47.7062;-2.7304;REF;1997;11.33;4;8.44;20.39;3;
12461;47.7062;-2.7304;REF;1998;11.42;4;8.79;20.35;1;
12461;47.7062;-2.7304;REF;1999;12.2;2;6.17;16.75;2;
12461;47.7062;-2.7304;REF;2000;12.34;13;8.04;31.59;8;
12461;47.7062;-2.7304;REF;2001;11.1;17;10.13;28.13;5;
12461;47.7062;-2.7304;REF;2002;11.57;9;9.54;25.28;3;
12461;47.7062;-2.7304;REF;2003;12.1;8;8.86;25.87;4;
12461;47.7062;-2.7304;REF;2004;12.24;11;10.48;32.75;8;
12461;47.7062;-2.7304;REF;2005;11.78;8;5.53;26.99;5;
12462;47.7108;-2.624;REF;1990;11.84;11;10.08;31.26;6;
12462;47.7108;-2.624;REF;1991;10.85;8;7.53;23.88;3;
12462;47.7108;-2.624;REF;1992;10.75;5;8.57;20.73;2;
12462;47.7108;-2.624;REF;1993;11.21;5;9.17;22.57;2;
12462;47.7108;-2.624;REF;1994;10.59;7;10.36;29.89;5;
12462;47.7108;-2.624;REF;1995;11.3;12;8.18;31.56;6;
12462;47.7108;-2.624;REF;1996;11.65;7;5.85;20.82;2;
12462;47.7108;-2.624;REF;1997;11.1;5;8.22;20.98;2;
12462;47.7108;-2.624;REF;1998;11.22;5;8.63;22.21;2;
12462;47.7108;-2.624;REF;1999;11.97;2;6.32;16.93;2;
12462;47.7108;-2.624;REF;2000;12.1;14;8.28;33.91;8;
12462;47.7108;-2.624;REF;2001;10.93;14;10.11;32.78;9;
12462;47.7108;-2.624;REF;2002;11.32;7;9.41;25.41;2;
12462;47.7108;-2.624;REF;2003;11.88;9;9.13;23.9;3;
12462;47.7108;-2.624;REF;2004;12.03;12;9.84;32.91;8;
12462;47.7108;-2.624;REF;2005;11.57;8;5.97;25.56;2;
12463;47.7153;-2.5176;REF;1990;12.01;10;9.97;30.99;6;
12463;47.7153;-2.5176;REF;1991;11;6;7.24;23.66;3;
12463;47.7153;-2.5176;REF;1992;10.9;5;8.49;20.52;2;
12463;47.7153;-2.5176;REF;1993;11.36;5;9.22;22.35;2;
12463;47.7153;-2.5176;REF;1994;10.75;7;10.26;29.6;5;
12463;47.7153;-2.5176;REF;1995;11.46;12;8.1;31.25;6;
12463;47.7153;-2.5176;REF;1996;11.8;6;5.8;20.61;2;
12463;47.7153;-2.5176;REF;1997;11.25;5;8.19;20.77;2;
12463;47.7153;-2.5176;REF;1998;11.37;5;8.54;21.99;2;
12463;47.7153;-2.5176;REF;1999;12.13;2;6.42;16.76;2;
12463;47.7153;-2.5176;REF;2000;12.26;13;8.2;33.58;8;
12463;47.7153;-2.5176;REF;2001;11.08;13;10.02;32.48;9;
12463;47.7153;-2.5176;REF;2002;11.48;7;9.23;25.2;2;
12463;47.7153;-2.5176;REF;2003;12.03;9;9.03;23.66;3;
12463;47.7153;-2.5176;REF;2004;12.19;12;9.74;32.59;8;
12463;47.7153;-2.5176;REF;2005;11.72;8;5.9;25.34;2;
12464;47.7197;-2.4111;REF;1990;12.2;10;8.97;28.22;6;
12464;47.7197;-2.4111;REF;1991;11.15;7;7.4;22.54;2;
12464;47.7197;-2.4111;REF;1992;11.06;2;7.27;18.5;2;
12464;47.7197;-2.4111;REF;1993;11.48;4;9.46;18.7;2;
12464;47.7197;-2.4111;REF;1994;10.83;7;8.89;26.27;4;
12464;47.7197;-2.4111;REF;1995;11.58;9;7.87;29.5;7;
12464;47.7197;-2.4111;REF;1996;11.92;6;5.43;21.63;2;
12464;47.7197;-2.4111;REF;1997;11.35;5;7.78;20.41;2;
12464;47.7197;-2.4111;REF;1998;11.52;4;7.69;19.51;3;
12464;47.7197;-2.4111;REF;1999;12.24;2;5.22;17.45;2;
12464;47.7197;-2.4111;REF;2000;12.38;13;7.72;31.57;10;
12464;47.7197;-2.4111;REF;2001;11.23;13;9.3;31.26;8;
12464;47.7197;-2.4111;REF;2002;11.62;4;8.35;21.06;1;
12464;47.7197;-2.4111;REF;2003;12.21;9;8.58;23.31;2;
12464;47.7197;-2.4111;REF;2004;12.32;11;9.66;27.62;8;
12464;47.7197;-2.4111;REF;2005;11.85;6;5.9;22.21;1;
12465;47.7239;-2.3047;REF;1990;12.37;11;8.95;26.52;7;
12465;47.7239;-2.3047;REF;1991;11.3;6;7;22.95;4;
12465;47.7239;-2.3047;REF;1992;11.25;2;7.41;17.49;2;
12465;47.7239;-2.3047;REF;1993;11.63;4;10.21;19.09;2;
12465;47.7239;-2.3047;REF;1994;11.02;6;8.37;26.14;4;
12465;47.7239;-2.3047;REF;1995;11.73;11;8.07;28.5;8;
12465;47.7239;-2.3047;REF;1996;12.06;6;6.11;20.93;2;
12465;47.7239;-2.3047;REF;1997;11.5;4;7.41;19.95;1;
12465;47.7239;-2.3047;REF;1998;11.65;3;8.23;18.42;3;
12465;47.7239;-2.3047;REF;1999;12.36;4;5.68;19.07;3;
12465;47.7239;-2.3047;REF;2000;12.49;14;7.49;37.92;11;
12465;47.7239;-2.3047;REF;2001;11.4;10;8.74;31.41;7;
12465;47.7239;-2.3047;REF;2002;11.76;6;8.92;22.89;2;
12465;47.7239;-2.3047;REF;2003;12.36;9;8.95;22.89;1;
12465;47.7239;-2.3047;REF;2004;12.47;8;9.3;26.13;6;
12465;47.7239;-2.3047;REF;2005;12.02;6;5.39;21.42;0;
12466;47.7281;-2.1983;REF;1990;12.52;11;8.8;26.25;7;
12466;47.7281;-2.1983;REF;1991;11.45;6;6.94;22.7;4;
12466;47.7281;-2.1983;REF;1992;11.4;2;7.35;17.33;2;
12466;47.7281;-2.1983;REF;1993;11.77;4;10;18.86;2;
12466;47.7281;-2.1983;REF;1994;11.16;6;8.3;25.81;4;
12466;47.7281;-2.1983;REF;1995;11.88;11;8;28.22;8;
12466;47.7281;-2.1983;REF;1996;12.21;6;6.05;20.72;2;
12466;47.7281;-2.1983;REF;1997;11.65;4;7.35;19.77;1;
12466;47.7281;-2.1983;REF;1998;11.78;3;8.16;18.24;3;
12466;47.7281;-2.1983;REF;1999;12.51;4;5.63;18.88;3;
12466;47.7281;-2.1983;REF;2000;12.65;13;7.43;37.57;11;
12466;47.7281;-2.1983;REF;2001;11.53;9;8.66;31.09;7;
12466;47.7281;-2.1983;REF;2002;11.92;6;8.91;22.72;2;
12466;47.7281;-2.1983;REF;2003;12.5;9;8.87;22.67;1;
12466;47.7281;-2.1983;REF;2004;12.62;8;9.22;25.89;6;
12466;47.7281;-2.1983;REF;2005;12.16;5;5.44;21.22;0;
12467;47.7322;-2.0918;REF;1990;12.49;6;7.55;22.23;6;
12467;47.7322;-2.0918;REF;1991;11.44;4;5.72;19.43;4;
12467;47.7322;-2.0918;REF;1992;11.38;2;6.64;15.68;2;
12467;47.7322;-2.0918;REF;1993;11.8;1;7.11;15.18;1;
12467;47.7322;-2.0918;REF;1994;11.16;5;6.9;23.1;5;
12467;47.7322;-2.0918;REF;1995;11.89;8;6.94;24.69;8;
12467;47.7322;-2.0918;REF;1996;12.23;3;5.41;16.02;3;
12467;47.7322;-2.0918;REF;1997;11.63;1;6.39;16.01;0;
12467;47.7322;-2.0918;REF;1998;11.75;4;7.43;17.33;4;
12467;47.7322;-2.0918;REF;1999;12.53;3;4.82;18.67;3;
12467;47.7322;-2.0918;REF;2000;12.61;10;6.56;27.48;9;
12467;47.7322;-2.0918;REF;2001;11.53;7;7.5;23.23;7;
12467;47.7322;-2.0918;REF;2002;11.9;3;7.45;19.53;3;
12467;47.7322;-2.0918;REF;2003;12.49;4;7.26;19.97;3;
12467;47.7322;-2.0918;REF;2004;12.62;4;7.95;19.97;3;
12467;47.7322;-2.0918;REF;2005;12.16;2;4.54;16.97;1;
12468;47.7363;-1.9853;REF;1990;12.42;7;7.35;23.22;7;
12468;47.7363;-1.9853;REF;1991;11.34;3;5.9;19.06;2;
12468;47.7363;-1.9853;REF;1992;11.34;4;6.4;18.94;4;
12468;47.7363;-1.9853;REF;1993;11.77;1;6.87;14.42;1;
12468;47.7363;-1.9853;REF;1994;11.15;7;6.5;21.58;6;
12468;47.7363;-1.9853;REF;1995;11.84;8;7.36;21.68;7;
12468;47.7363;-1.9853;REF;1996;12.2;2;4.94;15.86;2;
12468;47.7363;-1.9853;REF;1997;11.58;2;6.59;17.29;2;
12468;47.7363;-1.9853;REF;1998;11.63;3;7.1;16.93;2;
12468;47.7363;-1.9853;REF;1999;12.46;5;5;22.19;5;
12468;47.7363;-1.9853;REF;2000;12.52;10;6.84;29.8;9;
12468;47.7363;-1.9853;REF;2001;11.5;7;7.83;21.88;6;
12468;47.7363;-1.9853;REF;2002;11.85;4;7.93;19.06;3;
12468;47.7363;-1.9853;REF;2003;12.4;4;7.18;19.61;4;
12468;47.7363;-1.9853;REF;2004;12.56;4;8.15;20.48;4;
12468;47.7363;-1.9853;REF;2005;12.09;2;4.84;16.34;1;
12469;47.7402;-1.8788;REF;1990;12.42;7;7.33;23.23;7;
12469;47.7402;-1.8788;REF;1991;11.33;3;5.91;19.07;2;
12469;47.7402;-1.8788;REF;1992;11.33;4;6.4;18.94;4;
12469;47.7402;-1.8788;REF;1993;11.76;1;6.87;14.43;1;
12469;47.7402;-1.8788;REF;1994;11.14;7;6.5;21.59;6;
12469;47.7402;-1.8788;REF;1995;11.84;8;7.36;21.69;7;
12469;47.7402;-1.8788;REF;1996;12.19;2;4.94;15.87;2;
12469;47.7402;-1.8788;REF;1997;11.58;2;6.59;17.3;2;
12469;47.7402;-1.8788;REF;1998;11.62;3;7.11;16.94;2;
12469;47.7402;-1.8788;REF;1999;12.45;5;5;22.2;5;
12469;47.7402;-1.8788;REF;2000;12.51;10;6.84;29.82;9;
12469;47.7402;-1.8788;REF;2001;11.49;7;7.83;21.89;6;
12469;47.7402;-1.8788;REF;2002;11.84;4;7.93;19.06;3;
12469;47.7402;-1.8788;REF;2003;12.4;4;7.18;19.62;4;
12469;47.7402;-1.8788;REF;2004;12.56;4;8.15;20.5;4;
12469;47.7402;-1.8788;REF;2005;12.08;2;4.84;16.33;1;
12470;47.744;-1.7723;REF;1990;12.46;6;7.46;22.73;6;
12470;47.744;-1.7723;REF;1991;11.35;3;6.44;16.42;2;
12470;47.744;-1.7723;REF;1992;11.38;2;6.91;18.62;2;
12470;47.744;-1.7723;REF;1993;11.78;1;6.48;14.73;1;
12470;47.744;-1.7723;REF;1994;11.18;7;6.67;22.66;7;
12470;47.744;-1.7723;REF;1995;11.89;8;6.8;23.02;7;
12470;47.744;-1.7723;REF;1996;12.21;2;4.56;17.68;2;
12470;47.744;-1.7723;REF;1997;11.61;2;7;18.24;2;
12470;47.744;-1.7723;REF;1998;11.64;4;7.42;17.24;4;
12470;47.744;-1.7723;REF;1999;12.5;4;5.44;22.29;4;
12470;47.744;-1.7723;REF;2000;12.54;10;7.09;30.12;10;
12470;47.744;-1.7723;REF;2001;11.51;7;7.77;21.44;7;
12470;47.744;-1.7723;REF;2002;11.85;2;7.78;17.72;2;
12470;47.744;-1.7723;REF;2003;12.39;5;7.21;20.13;3;
12470;47.744;-1.7723;REF;2004;12.62;4;7.68;20.57;4;
12470;47.744;-1.7723;REF;2005;12.13;1;4.52;15.81;1;
12471;47.7477;-1.6657;REF;1990;12.44;8;7.53;23.23;7;
12471;47.7477;-1.6657;REF;1991;11.33;4;6.73;18.52;4;
12471;47.7477;-1.6657;REF;1992;11.39;3;6.34;17.44;2;
12471;47.7477;-1.6657;REF;1993;11.78;1;5.94;14.61;1;
12471;47.7477;-1.6657;REF;1994;11.19;6;6.44;22.7;6;
12471;47.7477;-1.6657;REF;1995;11.89;7;7.05;22.17;6;
12471;47.7477;-1.6657;REF;1996;12.23;3;4.39;16.15;3;
12471;47.7477;-1.6657;REF;1997;11.62;4;7.04;19.44;3;
12471;47.7477;-1.6657;REF;1998;11.61;5;7.28;20.57;4;
12471;47.7477;-1.6657;REF;1999;12.48;6;5.65;23.22;5;
12471;47.7477;-1.6657;REF;2000;12.5;10;7.05;30.25;10;
12471;47.7477;-1.6657;REF;2001;11.54;5;7.14;21.3;5;
12471;47.7477;-1.6657;REF;2002;11.86;2;7.82;16.75;1;
12471;47.7477;-1.6657;REF;2003;12.38;1;8.06;18.12;1;
12471;47.7477;-1.6657;REF;2004;12.64;4;7.7;20.36;4;
12471;47.7477;-1.6657;REF;2005;12.09;1;4.67;16.01;1;
12597;47.7431;-3.4824;REF;1990;12.77;3;9.81;19.68;3;
12597;47.7431;-3.4824;REF;1991;11.8;2;6.25;17.06;0;
12597;47.7431;-3.4824;REF;1992;11.78;6;7.6;21.35;4;
12597;47.7431;-3.4824;REF;1993;12.09;3;8.26;18.19;2;
12597;47.7431;-3.4824;REF;1994;11.54;2;7.74;17.1;1;
12597;47.7431;-3.4824;REF;1995;12.2;7;6.94;24.31;7;
12597;47.7431;-3.4824;REF;1996;12.54;7;5.73;24.77;7;
12597;47.7431;-3.4824;REF;1997;12.04;2;6.22;16.66;2;
12597;47.7431;-3.4824;REF;1998;12.2;2;7.02;17.63;2;
12597;47.7431;-3.4824;REF;1999;12.83;4;5.44;18.44;4;
12597;47.7431;-3.4824;REF;2000;12.98;8;7.35;25.65;6;
12597;47.7431;-3.4824;REF;2001;11.77;7;7.8;21.31;4;
12597;47.7431;-3.4824;REF;2002;12.2;6;9.18;23.59;5;
12597;47.7431;-3.4824;REF;2003;12.82;5;7.92;20.34;3;
12597;47.7431;-3.4824;REF;2004;12.92;5;8.72;21.71;4;
12597;47.7431;-3.4824;REF;2005;12.42;5;4.3;21.33;4;
12598;47.7484;-3.376;REF;1990;12.75;5;9.69;20.76;4;
12598;47.7484;-3.376;REF;1991;11.81;3;6.49;16.41;3;
12598;47.7484;-3.376;REF;1992;11.74;5;8.14;20.49;3;
12598;47.7484;-3.376;REF;1993;12.11;6;7.48;22.32;5;
12598;47.7484;-3.376;REF;1994;11.53;3;8.14;18.87;0;
12598;47.7484;-3.376;REF;1995;12.24;8;6.61;22.54;5;
12598;47.7484;-3.376;REF;1996;12.55;6;5.95;21.09;3;
12598;47.7484;-3.376;REF;1997;12.09;3;6.59;17.71;3;
12598;47.7484;-3.376;REF;1998;12.18;3;7.79;17.45;2;
12598;47.7484;-3.376;REF;1999;12.81;4;5.52;18.84;4;
12598;47.7484;-3.376;REF;2000;12.97;7;7.71;21.84;4;
12598;47.7484;-3.376;REF;2001;11.8;7;7.6;21.25;4;
12598;47.7484;-3.376;REF;2002;12.21;4;8.47;20.55;4;
12598;47.7484;-3.376;REF;2003;12.81;5;7.57;21;2;
12598;47.7484;-3.376;REF;2004;12.95;5;8.96;21.29;4;
12598;47.7484;-3.376;REF;2005;12.42;4;4.25;20.86;4;
12599;47.7536;-3.2696;REF;1990;12.7;5;9.72;20.82;4;
12599;47.7536;-3.2696;REF;1991;11.77;3;6.51;16.46;3;
12599;47.7536;-3.2696;REF;1992;11.69;5;8.16;20.55;3;
12599;47.7536;-3.2696;REF;1993;12.06;6;7.5;22.39;5;
12599;47.7536;-3.2696;REF;1994;11.48;3;8.15;18.92;0;
12599;47.7536;-3.2696;REF;1995;12.19;8;6.63;22.6;5;
12599;47.7536;-3.2696;REF;1996;12.5;6;5.97;21.16;3;
12599;47.7536;-3.2696;REF;1997;12.04;3;6.61;17.76;3;
12599;47.7536;-3.2696;REF;1998;12.13;3;7.81;17.51;2;
12599;47.7536;-3.2696;REF;1999;12.76;4;5.54;18.9;4;
12599;47.7536;-3.2696;REF;2000;12.92;7;7.73;21.9;4;
12599;47.7536;-3.2696;REF;2001;11.75;7;7.63;21.31;4;
12599;47.7536;-3.2696;REF;2002;12.16;4;8.49;20.61;4;
12599;47.7536;-3.2696;REF;2003;12.76;5;7.59;21.06;2;
12599;47.7536;-3.2696;REF;2004;12.9;5;8.99;21.36;4;
12599;47.7536;-3.2696;REF;2005;12.37;4;4.26;20.92;4;
12600;47.7586;-3.1632;REF;1990;12.56;11;11.5;26.3;5;
12600;47.7586;-3.1632;REF;1991;11.43;4;8.34;21;3;
12600;47.7586;-3.1632;REF;1992;11.37;10;9.54;25.36;3;
12600;47.7586;-3.1632;REF;1993;11.76;7;9.19;23.91;3;
12600;47.7586;-3.1632;REF;1994;11.15;6;10.05;23.92;4;
12600;47.7586;-3.1632;REF;1995;11.92;10;8.53;23.75;2;
12600;47.7586;-3.1632;REF;1996;12.28;7;6.67;25.46;4;
12600;47.7586;-3.1632;REF;1997;11.76;3;8.06;18.68;2;
12600;47.7586;-3.1632;REF;1998;11.86;6;9.48;21.99;1;
12600;47.7586;-3.1632;REF;1999;12.62;4;5.83;20.2;4;
12600;47.7586;-3.1632;REF;2000;12.79;11;9;29.41;8;
12600;47.7586;-3.1632;REF;2001;11.47;10;10.18;28.62;6;
12600;47.7586;-3.1632;REF;2002;11.95;9;10.83;21.84;3;
12600;47.7586;-3.1632;REF;2003;12.55;9;9.19;23.64;2;
12600;47.7586;-3.1632;REF;2004;12.66;8;10.62;27.76;5;
12600;47.7586;-3.1632;REF;2005;12.19;7;5.43;23.01;3;
12601;47.7636;-3.0567;REF;1990;12.28;12;11.68;26.85;5;
12601;47.7636;-3.0567;REF;1991;11.18;5;8.48;21.32;3;
12601;47.7636;-3.0567;REF;1992;11.11;10;9.7;25.8;3;
12601;47.7636;-3.0567;REF;1993;11.5;7;9.34;24.33;3;
12601;47.7636;-3.0567;REF;1994;10.89;6;10.22;24.33;4;
12601;47.7636;-3.0567;REF;1995;11.66;10;8.68;24.16;2;
12601;47.7636;-3.0567;REF;1996;12.01;7;6.77;25.85;4;
12601;47.7636;-3.0567;REF;1997;11.5;3;8.2;19;2;
12601;47.7636;-3.0567;REF;1998;11.61;6;9.63;22.35;1;
12601;47.7636;-3.0567;REF;1999;12.35;4;5.93;20.51;4;
12601;47.7636;-3.0567;REF;2000;12.51;11;9.16;30.19;8;
12601;47.7636;-3.0567;REF;2001;11.22;10;10.35;29.21;6;
12601;47.7636;-3.0567;REF;2002;11.69;9;11.05;22.17;3;
12601;47.7636;-3.0567;REF;2003;12.28;9;9.35;24.06;2;
12601;47.7636;-3.0567;REF;2004;12.39;8;10.78;28.24;5;
12601;47.7636;-3.0567;REF;2005;11.92;8;5.45;23.35;3;
12602;47.7685;-2.9502;REF;1990;12.29;10;10.22;29.28;6;
12602;47.7685;-2.9502;REF;1991;11.2;5;7.19;22.99;1;
12602;47.7685;-2.9502;REF;1992;11.15;5;9.14;23.46;2;
12602;47.7685;-2.9502;REF;1993;11.58;6;9.09;23.72;3;
12602;47.7685;-2.9502;REF;1994;10.94;6;9.84;25.9;4;
12602;47.7685;-2.9502;REF;1995;11.66;10;8.03;26.07;4;
12602;47.7685;-2.9502;REF;1996;12.01;6;6.35;24.18;3;
12602;47.7685;-2.9502;REF;1997;11.49;4;7.78;20.06;3;
12602;47.7685;-2.9502;REF;1998;11.61;6;8.05;21.82;2;
12602;47.7685;-2.9502;REF;1999;12.39;4;5.55;18.51;2;
12602;47.7685;-2.9502;REF;2000;12.51;12;8.46;32.77;9;
12602;47.7685;-2.9502;REF;2001;11.22;12;9.21;26.65;4;
12602;47.7685;-2.9502;REF;2002;11.67;8;9.25;22.9;3;
12602;47.7685;-2.9502;REF;2003;12.31;8;8.99;21.7;2;
12602;47.7685;-2.9502;REF;2004;12.38;11;10.73;34.08;6;
12602;47.7685;-2.9502;REF;2005;11.99;8;5.48;22.69;3;
12603;47.7733;-2.8437;REF;1990;12.04;11;9.89;30.16;6;
12603;47.7733;-2.8437;REF;1991;11.02;8;7.23;24.35;2;
12603;47.7733;-2.8437;REF;1992;10.93;5;9;23.49;2;
12603;47.7733;-2.8437;REF;1993;11.39;4;8.93;21.16;3;
12603;47.7733;-2.8437;REF;1994;10.77;6;10.19;27.34;4;
12603;47.7733;-2.8437;REF;1995;11.48;13;8.94;25.23;4;
12603;47.7733;-2.8437;REF;1996;11.79;7;6.43;23.56;3;
12603;47.7733;-2.8437;REF;1997;11.27;6;7.94;21.54;3;
12603;47.7733;-2.8437;REF;1998;11.43;6;7.75;22.14;2;
12603;47.7733;-2.8437;REF;1999;12.17;2;5.47;16.8;2;
12603;47.7733;-2.8437;REF;2000;12.28;14;8.2;34.74;8;
12603;47.7733;-2.8437;REF;2001;11.07;16;9.27;28.41;7;
12603;47.7733;-2.8437;REF;2002;11.46;8;9.43;23.32;2;
12603;47.7733;-2.8437;REF;2003;12.09;7;9.27;23.69;2;
12603;47.7733;-2.8437;REF;2004;12.18;13;10.48;32.21;8;
12603;47.7733;-2.8437;REF;2005;11.78;7;5.35;22.46;3;
12604;47.778;-2.7372;REF;1990;11.95;11;9.94;30.29;6;
12604;47.778;-2.7372;REF;1991;10.94;8;7.34;24.49;2;
12604;47.778;-2.7372;REF;1992;10.84;5;8.88;23.61;2;
12604;47.778;-2.7372;REF;1993;11.31;4;8.97;21.27;3;
12604;47.778;-2.7372;REF;1994;10.69;6;10.24;27.49;4;
12604;47.778;-2.7372;REF;1995;11.39;12;8.99;25.36;4;
12604;47.778;-2.7372;REF;1996;11.71;7;6.46;23.68;3;
12604;47.778;-2.7372;REF;1997;11.19;6;7.97;21.65;3;
12604;47.778;-2.7372;REF;1998;11.35;6;7.79;22.24;2;
12604;47.778;-2.7372;REF;1999;12.08;2;5.5;16.89;2;
12604;47.778;-2.7372;REF;2000;12.19;14;8.24;34.92;8;
12604;47.778;-2.7372;REF;2001;10.99;16;9.35;28.56;7;
12604;47.778;-2.7372;REF;2002;11.38;8;9.48;23.44;2;
12604;47.778;-2.7372;REF;2003;12;7;9.26;23.82;2;
12604;47.778;-2.7372;REF;2004;12.1;13;10.53;32.37;8;
12604;47.778;-2.7372;REF;2005;11.7;7;5.38;22.57;3;
12605;47.7826;-2.6307;REF;1990;12.06;11;9.71;28.93;5;
12605;47.7826;-2.6307;REF;1991;11.07;7;7.51;25.2;4;
12605;47.7826;-2.6307;REF;1992;10.93;5;8.52;21.54;2;
12605;47.7826;-2.6307;REF;1993;11.39;5;9.77;21.39;3;
12605;47.7826;-2.6307;REF;1994;10.82;8;10.48;27.54;4;
12605;47.7826;-2.6307;REF;1995;11.48;11;8.51;26.78;5;
12605;47.7826;-2.6307;REF;1996;11.79;7;6.49;23.97;2;
12605;47.7826;-2.6307;REF;1997;11.29;6;7.9;22.02;2;
12605;47.7826;-2.6307;REF;1998;11.46;6;8.06;22.55;2;
12605;47.7826;-2.6307;REF;1999;12.16;2;5.08;16.45;2;
12605;47.7826;-2.6307;REF;2000;12.29;11;7.45;31.24;9;
12605;47.7826;-2.6307;REF;2001;11.1;17;9.88;29.59;8;
12605;47.7826;-2.6307;REF;2002;11.5;9;9.15;23.63;1;
12605;47.7826;-2.6307;REF;2003;12.08;9;9.22;22.47;2;
12605;47.7826;-2.6307;REF;2004;12.21;13;10.35;34.11;7;
12605;47.7826;-2.6307;REF;2005;11.79;7;4.94;22.8;2;
12606;47.7871;-2.5242;REF;1990;12.1;10;9.7;28.79;5;
12606;47.7871;-2.5242;REF;1991;11.12;8;7.34;26.24;4;
12606;47.7871;-2.5242;REF;1992;11.01;5;7.8;20.14;2;
12606;47.7871;-2.5242;REF;1993;11.43;5;10.52;21.77;2;
12606;47.7871;-2.5242;REF;1994;10.87;9;9.76;28.9;5;
12606;47.7871;-2.5242;REF;1995;11.52;9;8.09;32.11;7;
12606;47.7871;-2.5242;REF;1996;11.84;6;5.68;23.59;3;
12606;47.7871;-2.5242;REF;1997;11.32;6;7.89;21.05;2;
12606;47.7871;-2.5242;REF;1998;11.49;4;8.13;20.58;2;
12606;47.7871;-2.5242;REF;1999;12.21;3;5.05;17.98;2;
12606;47.7871;-2.5242;REF;2000;12.3;12;8.05;34.77;8;
12606;47.7871;-2.5242;REF;2001;11.2;14;9.9;32.14;8;
12606;47.7871;-2.5242;REF;2002;11.55;7;9.28;22.34;1;
12606;47.7871;-2.5242;REF;2003;12.12;10;9.56;23.45;2;
12606;47.7871;-2.5242;REF;2004;12.26;11;10.03;30.65;7;
12606;47.7871;-2.5242;REF;2005;11.83;6;5.57;21.45;2;
12607;47.7915;-2.4176;REF;1990;12.35;10;8.89;28;6;
12607;47.7915;-2.4176;REF;1991;11.29;7;7.34;22.36;2;
12607;47.7915;-2.4176;REF;1992;11.2;2;7.2;18.33;2;
12607;47.7915;-2.4176;REF;1993;11.61;4;9.38;18.53;2;
12607;47.7915;-2.4176;REF;1994;10.97;7;8.82;26.05;4;
12607;47.7915;-2.4176;REF;1995;11.71;8;7.79;29.26;7;
12607;47.7915;-2.4176;REF;1996;12.06;6;5.39;21.48;2;
12607;47.7915;-2.4176;REF;1997;11.48;4;7.71;19.72;2;
12607;47.7915;-2.4176;REF;1998;11.65;4;7.63;19.34;3;
12607;47.7915;-2.4176;REF;1999;12.38;2;5.17;17.29;2;
12607;47.7915;-2.4176;REF;2000;12.51;13;7.64;31.3;10;
12607;47.7915;-2.4176;REF;2001;11.36;11;9.2;30.99;8;
12607;47.7915;-2.4176;REF;2002;11.75;4;8.28;20.88;1;
12607;47.7915;-2.4176;REF;2003;12.34;8;8.52;23.12;2;
12607;47.7915;-2.4176;REF;2004;12.46;11;9.55;27.38;8;
12607;47.7915;-2.4176;REF;2005;11.99;6;5.85;22.02;1;
12608;47.7958;-2.311;REF;1990;12.26;7;7.21;22.33;5;
12608;47.7958;-2.311;REF;1991;11.18;4;5.91;20.3;3;
12608;47.7958;-2.311;REF;1992;11.13;2;6.19;15.85;2;
12608;47.7958;-2.311;REF;1993;11.52;3;7.57;15.9;2;
12608;47.7958;-2.311;REF;1994;10.94;4;7.22;20.54;4;
12608;47.7958;-2.311;REF;1995;11.64;10;6.67;26.9;8;
12608;47.7958;-2.311;REF;1996;11.98;5;5.13;20.43;2;
12608;47.7958;-2.311;REF;1997;11.41;3;6.19;17.82;1;
12608;47.7958;-2.311;REF;1998;11.52;4;6.94;19.5;2;
12608;47.7958;-2.311;REF;1999;12.29;3;4.57;15.84;3;
12608;47.7958;-2.311;REF;2000;12.38;11;6.41;32.16;10;
12608;47.7958;-2.311;REF;2001;11.29;8;7.8;26.03;8;
12608;47.7958;-2.311;REF;2002;11.61;2;7.5;18.91;1;
12608;47.7958;-2.311;REF;2003;12.24;3;7.51;18.62;3;
12608;47.7958;-2.311;REF;2004;12.32;6;7.52;21.6;4;
12608;47.7958;-2.311;REF;2005;11.9;2;4.45;16.71;2;
12609;47.8;-2.2044;REF;1990;12.22;7;7.23;22.38;5;
12609;47.8;-2.2044;REF;1991;11.15;4;5.92;20.34;3;
12609;47.8;-2.2044;REF;1992;11.1;2;6.2;15.88;2;
12609;47.8;-2.2044;REF;1993;11.49;3;7.59;15.91;2;
12609;47.8;-2.2044;REF;1994;10.9;4;7.24;20.49;4;
12609;47.8;-2.2044;REF;1995;11.61;10;6.69;26.96;8;
12609;47.8;-2.2044;REF;1996;11.95;5;5.1;20.47;2;
12609;47.8;-2.2044;REF;1997;11.37;3;6.2;17.84;2;
12609;47.8;-2.2044;REF;1998;11.48;4;6.95;19.54;2;
12609;47.8;-2.2044;REF;1999;12.25;3;4.58;15.87;3;
12609;47.8;-2.2044;REF;2000;12.35;11;6.42;32.19;10;
12609;47.8;-2.2044;REF;2001;11.25;8;7.82;26.09;8;
12609;47.8;-2.2044;REF;2002;11.6;2;7.52;18.95;1;
12609;47.8;-2.2044;REF;2003;12.2;3;7.53;18.63;3;
12609;47.8;-2.2044;REF;2004;12.29;6;7.54;21.47;4;
12609;47.8;-2.2044;REF;2005;11.87;2;4.49;16.75;2;
12610;47.8041;-2.0978;REF;1990;12.36;7;7.72;24.14;6;
12610;47.8041;-2.0978;REF;1991;11.27;4;5.98;19.17;4;
12610;47.8041;-2.0978;REF;1992;11.25;2;6.44;15.32;2;
12610;47.8041;-2.0978;REF;1993;11.64;1;7.1;17.02;1;
12610;47.8041;-2.0978;REF;1994;11.03;5;7.06;22.62;4;
12610;47.8041;-2.0978;REF;1995;11.73;9;6.98;29.17;8;
12610;47.8041;-2.0978;REF;1996;12.08;3;5.52;17.24;2;
12610;47.8041;-2.0978;REF;1997;11.53;2;6.27;16.54;1;
12610;47.8041;-2.0978;REF;1998;11.61;4;7.24;18.74;4;
12610;47.8041;-2.0978;REF;1999;12.38;5;4.73;23.12;4;
12610;47.8041;-2.0978;REF;2000;12.46;9;6.61;29.96;9;
12610;47.8041;-2.0978;REF;2001;11.4;8;7.65;24.2;8;
12610;47.8041;-2.0978;REF;2002;11.72;5;7.33;20.11;1;
12610;47.8041;-2.0978;REF;2003;12.33;4;7.3;18.45;2;
12610;47.8041;-2.0978;REF;2004;12.45;5;7.74;20.71;3;
12610;47.8041;-2.0978;REF;2005;12.01;2;4.19;17.29;1;
12611;47.8081;-1.9912;REF;1990;12.45;6;7.68;22.73;6;
12611;47.8081;-1.9912;REF;1991;11.38;5;6.14;20.98;5;
12611;47.8081;-1.9912;REF;1992;11.36;3;7.45;18.27;3;
12611;47.8081;-1.9912;REF;1993;11.78;1;6.74;13.62;1;
12611;47.8081;-1.9912;REF;1994;11.16;6;6.5;21.87;5;
12611;47.8081;-1.9912;REF;1995;11.84;7;7.09;23.85;7;
12611;47.8081;-1.9912;REF;1996;12.19;2;5.36;17.01;2;
12611;47.8081;-1.9912;REF;1997;11.58;0;6.43;16.78;0;
12611;47.8081;-1.9912;REF;1998;11.69;3;6.63;17.06;3;
12611;47.8081;-1.9912;REF;1999;12.47;5;5.28;24.76;5;
12611;47.8081;-1.9912;REF;2000;12.53;8;6.38;25.9;8;
12611;47.8081;-1.9912;REF;2001;11.5;7;7.75;21.84;7;
12611;47.8081;-1.9912;REF;2002;11.83;2;8.25;17.07;2;
12611;47.8081;-1.9912;REF;2003;12.44;3;7.29;18.48;3;
12611;47.8081;-1.9912;REF;2004;12.57;4;7.45;18.81;4;
12611;47.8081;-1.9912;REF;2005;12.1;0;4.57;15.95;0;
12612;47.812;-1.8845;REF;1990;12.47;6;7.64;22.7;6;
12612;47.812;-1.8845;REF;1991;11.41;5;6.02;20.95;5;
12612;47.812;-1.8845;REF;1992;11.38;3;7.44;18.24;3;
12612;47.812;-1.8845;REF;1993;11.8;1;6.73;13.6;1;
12612;47.812;-1.8845;REF;1994;11.18;6;6.49;21.84;5;
12612;47.812;-1.8845;REF;1995;11.86;7;7.08;23.82;7;
12612;47.812;-1.8845;REF;1996;12.21;2;5.36;16.99;2;
12612;47.812;-1.8845;REF;1997;11.6;0;6.42;16.76;0;
12612;47.812;-1.8845;REF;1998;11.72;3;6.62;17.04;3;
12612;47.812;-1.8845;REF;1999;12.49;5;5.28;24.71;5;
12612;47.812;-1.8845;REF;2000;12.55;8;6.37;25.86;8;
12612;47.812;-1.8845;REF;2001;11.52;7;7.74;21.81;7;
12612;47.812;-1.8845;REF;2002;11.86;2;8.06;17.04;2;
12612;47.812;-1.8845;REF;2003;12.46;3;7.28;18.45;3;
12612;47.812;-1.8845;REF;2004;12.59;4;7.44;18.78;4;
12612;47.812;-1.8845;REF;2005;12.12;0;4.56;15.93;0;
12613;47.8158;-1.7779;REF;1990;12.56;7;7.59;22.64;6;
12613;47.8158;-1.7779;REF;1991;11.47;3;6.54;17.38;3;
12613;47.8158;-1.7779;REF;1992;11.48;4;7.2;20.5;4;
12613;47.8158;-1.7779;REF;1993;11.88;1;6.38;14.25;1;
12613;47.8158;-1.7779;REF;1994;11.28;6;6.44;22.11;6;
12613;47.8158;-1.7779;REF;1995;11.97;7;7.26;24.83;7;
12613;47.8158;-1.7779;REF;1996;12.31;3;4.64;16.3;3;
12613;47.8158;-1.7779;REF;1997;11.7;2;6.3;17.26;1;
12613;47.8158;-1.7779;REF;1998;11.81;3;6.98;16.81;3;
12613;47.8158;-1.7779;REF;1999;12.61;6;5.98;25.87;5;
12613;47.8158;-1.7779;REF;2000;12.65;9;6.64;24.88;9;
12613;47.8158;-1.7779;REF;2001;11.62;7;7.22;21.59;7;
12613;47.8158;-1.7779;REF;2002;11.97;1;7.8;16.14;1;
12613;47.8158;-1.7779;REF;2003;12.53;4;7.5;18.76;3;
12613;47.8158;-1.7779;REF;2004;12.72;4;7.37;19.69;4;
12613;47.8158;-1.7779;REF;2005;12.21;0;4.65;14.78;0;
12614;47.8195;-1.6712;REF;1990;12.19;9;7.5;22.42;7;
12614;47.8195;-1.6712;REF;1991;11.17;4;6.83;18.63;3;
12614;47.8195;-1.6712;REF;1992;11.17;4;6.75;20.03;3;
12614;47.8195;-1.6712;REF;1993;11.59;2;6.32;14.92;1;
12614;47.8195;-1.6712;REF;1994;10.97;7;6.43;21.95;7;
12614;47.8195;-1.6712;REF;1995;11.68;8;7.39;23.62;7;
12614;47.8195;-1.6712;REF;1996;11.98;2;4.9;16.76;2;
12614;47.8195;-1.6712;REF;1997;11.4;2;7.39;19.37;1;
12614;47.8195;-1.6712;REF;1998;11.45;3;7.45;16.75;3;
12614;47.8195;-1.6712;REF;1999;12.29;7;5.51;23.11;6;
12614;47.8195;-1.6712;REF;2000;12.31;9;6.9;26.49;9;
12614;47.8195;-1.6712;REF;2001;11.33;7;7.11;22.05;7;
12614;47.8195;-1.6712;REF;2002;11.65;2;7.7;16.29;2;
12614;47.8195;-1.6712;REF;2003;12.18;3;8.15;18.37;3;
12614;47.8195;-1.6712;REF;2004;12.45;5;7.51;20.35;4;
12614;47.8195;-1.6712;REF;2005;11.88;0;4.92;14.74;0;
12615;47.8232;-1.5645;REF;1990;12.23;8;7.48;22.35;7;
12615;47.8232;-1.5645;REF;1991;11.22;4;6.79;18.56;3;
12615;47.8232;-1.5645;REF;1992;11.21;4;6.73;19.97;3;
12615;47.8232;-1.5645;REF;1993;11.64;2;6.32;14.88;1;
12615;47.8232;-1.5645;REF;1994;11.02;7;6.42;21.88;7;
12615;47.8232;-1.5645;REF;1995;11.72;8;7.37;23.51;7;
12615;47.8232;-1.5645;REF;1996;12.03;2;4.88;16.72;2;
12615;47.8232;-1.5645;REF;1997;11.45;2;7.37;19.32;1;
12615;47.8232;-1.5645;REF;1998;11.49;3;7.43;16.66;3;
12615;47.8232;-1.5645;REF;1999;12.33;7;5.49;22.98;6;
12615;47.8232;-1.5645;REF;2000;12.36;9;6.88;26.42;9;
12615;47.8232;-1.5645;REF;2001;11.38;7;7.08;21.96;7;
12615;47.8232;-1.5645;REF;2002;11.71;2;7.68;16.23;2;
12615;47.8232;-1.5645;REF;2003;12.22;3;8.12;18.3;3;
12615;47.8232;-1.5645;REF;2004;12.49;5;7.49;20.28;4;
12615;47.8232;-1.5645;REF;2005;11.92;0;4.91;14.69;0;
12617;47.8301;-1.351;REF;1990;12.04;6;7.04;22.56;6;
12617;47.8301;-1.351;REF;1991;10.98;3;6.03;17.92;3;
12617;47.8301;-1.351;REF;1992;11.01;4;6.77;18.94;4;
12617;47.8301;-1.351;REF;1993;11.43;1;6.36;14.27;1;
12617;47.8301;-1.351;REF;1994;10.73;6;6.35;21.65;6;
12617;47.8301;-1.351;REF;1995;11.54;6;7.33;21.18;7;
12617;47.8301;-1.351;REF;1996;11.84;4;4.85;18.13;4;
12617;47.8301;-1.351;REF;1997;11.27;5;6.94;21.37;5;
12617;47.8301;-1.351;REF;1998;11.26;2;6.45;17.27;2;
12617;47.8301;-1.351;REF;1999;12.14;6;5.73;21.73;6;
12617;47.8301;-1.351;REF;2000;12.16;8;7;25.69;8;
12617;47.8301;-1.351;REF;2001;11.19;5;6.6;21.04;5;
12617;47.8301;-1.351;REF;2002;11.5;1;7.42;19.17;2;
12617;47.8301;-1.351;REF;2003;12.01;2;7.83;16.96;2;
12617;47.8301;-1.351;REF;2004;12.31;3;6.76;18.92;3;
12617;47.8301;-1.351;REF;2005;11.7;1;4.82;15.55;1;
12618;47.8334;-1.2443;REF;1990;12.04;5;7.71;21.63;6;
12618;47.8334;-1.2443;REF;1991;10.96;4;6.06;19.19;4;
12618;47.8334;-1.2443;REF;1992;11.02;5;7.41;22.18;5;
12618;47.8334;-1.2443;REF;1993;11.4;1;6.2;13.97;1;
12618;47.8334;-1.2443;REF;1994;10.75;4;6.79;20.27;5;
12618;47.8334;-1.2443;REF;1995;11.54;5;6.64;21.42;6;
12618;47.8334;-1.2443;REF;1996;11.86;4;4.71;18.39;4;
12618;47.8334;-1.2443;REF;1997;11.28;5;6.61;21.85;5;
12618;47.8334;-1.2443;REF;1998;11.23;4;6.97;18.47;4;
12618;47.8334;-1.2443;REF;1999;12.15;5;5.28;24.1;5;
12618;47.8334;-1.2443;REF;2000;12.17;4;6.32;20.34;4;
12618;47.8334;-1.2443;REF;2001;11.21;5;6.98;21.9;5;
12618;47.8334;-1.2443;REF;2002;11.52;4;7.67;18.7;4;
12618;47.8334;-1.2443;REF;2003;11.99;1;7.45;16.94;1;
12618;47.8334;-1.2443;REF;2004;12.3;4;7.25;19.96;5;
12618;47.8334;-1.2443;REF;2005;11.67;1;4.67;15.9;1;
12737;47.7984;-3.8098;REF;1990;12.72;10;10.55;25.11;6;
12737;47.7984;-3.8098;REF;1991;11.74;4;7.88;19.25;1;
12737;47.7984;-3.8098;REF;1992;11.73;7;8.74;23.36;4;
12737;47.7984;-3.8098;REF;1993;12.03;5;9.36;21.06;2;
12737;47.7984;-3.8098;REF;1994;11.48;2;9.14;17.19;1;
12737;47.7984;-3.8098;REF;1995;12.07;12;8.18;24.03;4;
12737;47.7984;-3.8098;REF;1996;12.46;8;6.51;25.85;6;
12737;47.7984;-3.8098;REF;1997;12.01;4;8.16;19.61;2;
12737;47.7984;-3.8098;REF;1998;12.21;7;8.34;22.15;3;
12737;47.7984;-3.8098;REF;1999;12.77;6;6.54;24.63;5;
12737;47.7984;-3.8098;REF;2000;12.98;9;7.54;27.34;8;
12737;47.7984;-3.8098;REF;2001;11.7;8;8.39;23.56;4;
12737;47.7984;-3.8098;REF;2002;12.15;5;10.31;23.57;4;
12737;47.7984;-3.8098;REF;2003;12.73;10;9.14;25.54;4;
12737;47.7984;-3.8098;REF;2004;12.9;7;9.24;23.84;4;
12737;47.7984;-3.8098;REF;2005;12.35;8;5.34;23.46;4;
12738;47.804;-3.7033;REF;1990;12.64;9;11.08;23.49;3;
12738;47.804;-3.7033;REF;1991;11.68;5;7.38;21.11;2;
12738;47.804;-3.7033;REF;1992;11.63;8;8.74;24.29;5;
12738;47.804;-3.7033;REF;1993;11.91;6;9.47;20.83;2;
12738;47.804;-3.7033;REF;1994;11.38;3;8.95;18.61;2;
12738;47.804;-3.7033;REF;1995;12.02;9;7.82;28.2;7;
12738;47.804;-3.7033;REF;1996;12.39;8;6.56;25.88;6;
12738;47.804;-3.7033;REF;1997;11.91;4;8.31;19.86;3;
12738;47.804;-3.7033;REF;1998;12.12;5;8.77;20.33;2;
12738;47.804;-3.7033;REF;1999;12.67;6;6.3;22.24;2;
12738;47.804;-3.7033;REF;2000;12.9;8;9.09;30.32;7;
12738;47.804;-3.7033;REF;2001;11.66;8;9.2;23.92;4;
12738;47.804;-3.7033;REF;2002;12.09;7;9.91;23.74;4;
12738;47.804;-3.7033;REF;2003;12.64;10;9.51;23.25;3;
12738;47.804;-3.7033;REF;2004;12.84;7;9.7;24.43;4;
12738;47.804;-3.7033;REF;2005;12.28;7;5.24;23.94;5;
12739;47.8095;-3.5968;REF;1990;12.45;9;11.19;23.71;3;
12739;47.8095;-3.5968;REF;1991;11.51;5;7.46;21.34;2;
12739;47.8095;-3.5968;REF;1992;11.44;9;8.85;24.56;5;
12739;47.8095;-3.5968;REF;1993;11.74;6;9.58;21.07;2;
12739;47.8095;-3.5968;REF;1994;11.2;3;9.02;18.8;2;
12739;47.8095;-3.5968;REF;1995;11.84;9;7.91;28.56;7;
12739;47.8095;-3.5968;REF;1996;12.21;8;6.64;26.17;6;
12739;47.8095;-3.5968;REF;1997;11.73;4;8.43;20.08;3;
12739;47.8095;-3.5968;REF;1998;11.94;5;8.85;20.55;2;
12739;47.8095;-3.5968;REF;1999;12.48;6;6.37;22.47;2;
12739;47.8095;-3.5968;REF;2000;12.72;8;9.2;30.63;7;
12739;47.8095;-3.5968;REF;2001;11.49;9;9.28;24.15;4;
12739;47.8095;-3.5968;REF;2002;11.9;7;10.06;23.98;4;
12739;47.8095;-3.5968;REF;2003;12.45;10;9.62;23.51;3;
12739;47.8095;-3.5968;REF;2004;12.65;8;9.81;24.7;4;
12739;47.8095;-3.5968;REF;2005;12.1;7;5.31;24.17;4;
12740;47.8149;-3.4903;REF;1990;12.41;10;11.54;23.68;2;
12740;47.8149;-3.4903;REF;1991;11.3;4;7.97;20.18;1;
12740;47.8149;-3.4903;REF;1992;11.26;10;9.91;26.32;4;
12740;47.8149;-3.4903;REF;1993;11.59;7;10.33;22.66;3;
12740;47.8149;-3.4903;REF;1994;11;4;10.04;19.73;2;
12740;47.8149;-3.4903;REF;1995;11.74;11;8.65;30.64;6;
12740;47.8149;-3.4903;REF;1996;12.12;8;6.76;28.58;5;
12740;47.8149;-3.4903;REF;1997;11.57;4;7.77;19.95;2;
12740;47.8149;-3.4903;REF;1998;11.76;4;9.06;19.93;1;
12740;47.8149;-3.4903;REF;1999;12.46;4;6.83;19.88;3;
12740;47.8149;-3.4903;REF;2000;12.67;11;9.38;31.51;6;
12740;47.8149;-3.4903;REF;2001;11.26;10;9.91;29.34;7;
12740;47.8149;-3.4903;REF;2002;11.78;10;11.01;23.9;3;
12740;47.8149;-3.4903;REF;2003;12.43;10;9.81;25.01;4;
12740;47.8149;-3.4903;REF;2004;12.55;9;10.51;31.07;5;
12740;47.8149;-3.4903;REF;2005;12;9;5.57;26.92;5;
12741;47.8201;-3.3838;REF;1990;12.4;10;11.32;25.09;3;
12741;47.8201;-3.3838;REF;1991;11.28;4;7.78;20;2;
12741;47.8201;-3.3838;REF;1992;11.23;11;9.77;25.62;3;
12741;47.8201;-3.3838;REF;1993;11.58;7;10.02;22.46;3;
12741;47.8201;-3.3838;REF;1994;10.98;4;10.68;19.58;1;
12741;47.8201;-3.3838;REF;1995;11.72;12;8.52;27.65;6;
12741;47.8201;-3.3838;REF;1996;12.1;8;7.2;24.87;4;
12741;47.8201;-3.3838;REF;1997;11.58;2;8.59;19.27;2;
12741;47.8201;-3.3838;REF;1998;11.71;3;8.77;19.43;2;
12741;47.8201;-3.3838;REF;1999;12.47;6;6.43;21.96;3;
12741;47.8201;-3.3838;REF;2000;12.63;12;9.13;28.77;7;
12741;47.8201;-3.3838;REF;2001;11.26;10;10.02;29.93;7;
12741;47.8201;-3.3838;REF;2002;11.76;8;10.73;21.38;2;
12741;47.8201;-3.3838;REF;2003;12.43;9;9.5;24.48;3;
12741;47.8201;-3.3838;REF;2004;12.51;11;10.43;29.62;6;
12741;47.8201;-3.3838;REF;2005;12.01;9;5.28;24.99;4;
12742;47.8253;-3.2772;REF;1990;12.31;11;11.4;25.24;3;
12742;47.8253;-3.2772;REF;1991;11.19;4;7.82;20.11;2;
12742;47.8253;-3.2772;REF;1992;11.14;11;9.82;25.76;4;
12742;47.8253;-3.2772;REF;1993;11.49;7;10.08;22.59;3;
12742;47.8253;-3.2772;REF;1994;10.89;4;10.74;19.69;1;
12742;47.8253;-3.2772;REF;1995;11.64;11;8.55;27.81;6;
12742;47.8253;-3.2772;REF;1996;12;8;7.24;25;4;
12742;47.8253;-3.2772;REF;1997;11.5;2;8.64;19.32;2;
12742;47.8253;-3.2772;REF;1998;11.62;3;8.9;19.53;2;
12742;47.8253;-3.2772;REF;1999;12.37;6;6.47;22.08;3;
12742;47.8253;-3.2772;REF;2000;12.54;12;9.18;28.93;7;
12742;47.8253;-3.2772;REF;2001;11.18;10;10.08;30.23;7;
12742;47.8253;-3.2772;REF;2002;11.67;8;10.8;21.5;2;
12742;47.8253;-3.2772;REF;2003;12.33;10;9.55;24.61;3;
12742;47.8253;-3.2772;REF;2004;12.42;11;10.47;29.83;6;
12742;47.8253;-3.2772;REF;2005;11.92;9;5.37;25.12;4;
12743;47.8304;-3.1706;REF;1990;12.17;13;11.75;27.06;5;
12743;47.8304;-3.1706;REF;1991;11.07;5;8.54;21.47;3;
12743;47.8304;-3.1706;REF;1992;11.01;9;9.76;26;3;
12743;47.8304;-3.1706;REF;1993;11.4;7;9.4;24.52;3;
12743;47.8304;-3.1706;REF;1994;10.79;6;10.29;24.49;4;
12743;47.8304;-3.1706;REF;1995;11.55;11;8.74;24.32;2;
12743;47.8304;-3.1706;REF;1996;11.9;7;6.81;26.01;4;
12743;47.8304;-3.1706;REF;1997;11.4;3;8.25;19.13;2;
12743;47.8304;-3.1706;REF;1998;11.5;6;9.69;22.48;2;
12743;47.8304;-3.1706;REF;1999;12.24;4;5.97;20.63;3;
12743;47.8304;-3.1706;REF;2000;12.4;11;9.22;30.39;8;
12743;47.8304;-3.1706;REF;2001;11.12;11;10.42;29.5;6;
12743;47.8304;-3.1706;REF;2002;11.59;9;11.15;22.32;3;
12743;47.8304;-3.1706;REF;2003;12.17;9;9.41;24.22;2;
12743;47.8304;-3.1706;REF;2004;12.29;9;10.85;28.43;5;
12743;47.8304;-3.1706;REF;2005;11.81;8;5.51;23.48;3;
12744;47.8354;-3.064;REF;1990;12.02;13;11.85;27.31;5;
12744;47.8354;-3.064;REF;1991;10.94;5;8.62;21.62;3;
12744;47.8354;-3.064;REF;1992;10.87;9;9.85;26.24;3;
12744;47.8354;-3.064;REF;1993;11.26;7;9.48;24.75;3;
12744;47.8354;-3.064;REF;1994;10.65;6;10.38;24.72;4;
12744;47.8354;-3.064;REF;1995;11.4;11;8.83;24.55;2;
12744;47.8354;-3.064;REF;1996;11.75;7;6.87;26.22;4;
12744;47.8354;-3.064;REF;1997;11.26;3;8.34;19.3;2;
12744;47.8354;-3.064;REF;1998;11.36;6;9.78;22.68;2;
12744;47.8354;-3.064;REF;1999;12.09;4;6.03;20.79;3;
12744;47.8354;-3.064;REF;2000;12.26;11;9.31;30.67;8;
12744;47.8354;-3.064;REF;2001;10.99;11;10.52;29.78;6;
12744;47.8354;-3.064;REF;2002;11.44;9;11.2;22.52;3;
12744;47.8354;-3.064;REF;2003;12.02;9;9.5;24.44;2;
12744;47.8354;-3.064;REF;2004;12.14;9;10.95;28.7;5;
12744;47.8354;-3.064;REF;2005;11.67;9;5.57;23.66;3;
12745;47.8403;-2.9574;REF;1990;12.02;10;10.38;29.77;6;
12745;47.8403;-2.9574;REF;1991;10.95;6;7.3;23.36;1;
12745;47.8403;-2.9574;REF;1992;10.89;5;9.29;23.84;2;
12745;47.8403;-2.9574;REF;1993;11.33;6;9.24;24.11;3;
12745;47.8403;-2.9574;REF;1994;10.69;6;10;26.32;4;
12745;47.8403;-2.9574;REF;1995;11.42;10;8.16;26.5;4;
12745;47.8403;-2.9574;REF;1996;11.75;7;6.45;24.51;3;
12745;47.8403;-2.9574;REF;1997;11.23;5;7.91;20.39;3;
12745;47.8403;-2.9574;REF;1998;11.36;7;8.19;22.16;2;
12745;47.8403;-2.9574;REF;1999;12.13;4;5.67;18.8;2;
12745;47.8403;-2.9574;REF;2000;12.25;12;8.59;33.31;9;
12745;47.8403;-2.9574;REF;2001;10.98;13;9.36;27.08;4;
12745;47.8403;-2.9574;REF;2002;11.42;9;9.39;23.27;3;
12745;47.8403;-2.9574;REF;2003;12.05;8;9.14;22.02;2;
12745;47.8403;-2.9574;REF;2004;12.13;11;10.89;34.64;6;
12745;47.8403;-2.9574;REF;2005;11.74;8;5.56;22.97;3;
12746;47.8451;-2.8508;REF;1990;11.85;11;9.99;30.42;6;
12746;47.8451;-2.8508;REF;1991;10.85;8;7.38;24.62;2;
12746;47.8451;-2.8508;REF;1992;10.75;5;8.93;23.75;2;
12746;47.8451;-2.8508;REF;1993;11.22;5;9.03;21.39;3;
12746;47.8451;-2.8508;REF;1994;10.6;6;10.29;27.64;4;
12746;47.8451;-2.8508;REF;1995;11.29;12;9.04;25.5;4;
12746;47.8451;-2.8508;REF;1996;11.62;7;6.5;23.82;3;
12746;47.8451;-2.8508;REF;1997;11.1;6;8.02;21.78;3;
12746;47.8451;-2.8508;REF;1998;11.26;6;7.83;22.35;2;
12746;47.8451;-2.8508;REF;1999;11.99;2;5.51;16.98;2;
12746;47.8451;-2.8508;REF;2000;12.1;14;8.29;35.12;8;
12746;47.8451;-2.8508;REF;2001;10.91;16;9.39;28.72;7;
12746;47.8451;-2.8508;REF;2002;11.29;8;9.53;23.57;2;
12746;47.8451;-2.8508;REF;2003;11.91;7;9.31;23.96;2;
12746;47.8451;-2.8508;REF;2004;12.01;13;10.59;32.56;8;
12746;47.8451;-2.8508;REF;2005;11.6;7;5.41;22.7;3;
12747;47.8498;-2.7441;REF;1990;11.95;11;9.93;30.28;6;
12747;47.8498;-2.7441;REF;1991;10.95;8;7.28;24.48;2;
12747;47.8498;-2.7441;REF;1992;10.85;5;8.87;23.6;2;
12747;47.8498;-2.7441;REF;1993;11.32;4;8.97;21.26;3;
12747;47.8498;-2.7441;REF;1994;10.69;6;10.23;27.48;4;
12747;47.8498;-2.7441;REF;1995;11.39;12;8.99;25.34;4;
12747;47.8498;-2.7441;REF;1996;11.72;7;6.46;23.67;3;
12747;47.8498;-2.7441;REF;1997;11.2;6;7.97;21.64;3;
12747;47.8498;-2.7441;REF;1998;11.36;6;7.78;22.23;2;
12747;47.8498;-2.7441;REF;1999;12.09;2;5.5;16.88;2;
12747;47.8498;-2.7441;REF;2000;12.2;14;8.24;34.91;8;
12747;47.8498;-2.7441;REF;2001;11;16;9.33;28.54;7;
12747;47.8498;-2.7441;REF;2002;11.38;8;9.47;23.43;2;
12747;47.8498;-2.7441;REF;2003;12.01;7;9.27;23.8;2;
12747;47.8498;-2.7441;REF;2004;12.11;13;10.53;32.36;8;
12747;47.8498;-2.7441;REF;2005;11.7;7;5.38;22.56;3;
12748;47.8544;-2.6375;REF;1990;11.74;11;9.92;29.36;5;
12748;47.8544;-2.6375;REF;1991;10.8;8;7.65;25.63;4;
12748;47.8544;-2.6375;REF;1992;10.65;5;8.68;21.91;2;
12748;47.8544;-2.6375;REF;1993;11.12;5;9.95;21.74;3;
12748;47.8544;-2.6375;REF;1994;10.52;9;10.65;28.01;4;
12748;47.8544;-2.6375;REF;1995;11.19;11;8.66;27.27;5;
12748;47.8544;-2.6375;REF;1996;11.5;7;6.61;24.38;2;
12748;47.8544;-2.6375;REF;1997;11;6;7.93;22.4;2;
12748;47.8544;-2.6375;REF;1998;11.17;6;8.22;22.93;2;
12748;47.8544;-2.6375;REF;1999;11.86;2;5.25;16.75;2;
12748;47.8544;-2.6375;REF;2000;12;11;7.59;31.68;9;
12748;47.8544;-2.6375;REF;2001;10.83;17;10.04;30.14;8;
12748;47.8544;-2.6375;REF;2002;11.22;9;9.32;24.04;1;
12748;47.8544;-2.6375;REF;2003;11.78;9;9.39;22.88;2;
12748;47.8544;-2.6375;REF;2004;11.92;13;10.57;34.74;7;
12748;47.8544;-2.6375;REF;2005;11.5;7;5.06;23.17;2;
12749;47.8589;-2.5308;REF;1990;11.77;11;9.89;29.34;5;
12749;47.8589;-2.5308;REF;1991;10.83;8;7.56;26.74;4;
12749;47.8589;-2.5308;REF;1992;10.71;5;7.95;20.52;2;
12749;47.8589;-2.5308;REF;1993;11.15;5;10.71;22.19;2;
12749;47.8589;-2.5308;REF;1994;10.58;9;9.94;29.45;5;
12749;47.8589;-2.5308;REF;1995;11.22;9;8.39;32.58;7;
12749;47.8589;-2.5308;REF;1996;11.53;6;5.78;24.04;3;
12749;47.8589;-2.5308;REF;1997;11.03;6;7.97;21.45;2;
12749;47.8589;-2.5308;REF;1998;11.2;5;8.28;21.02;2;
12749;47.8589;-2.5308;REF;1999;11.9;3;5.11;18.33;2;
12749;47.8589;-2.5308;REF;2000;11.99;12;8.2;35.35;8;
12749;47.8589;-2.5308;REF;2001;10.92;15;10.09;32.68;8;
12749;47.8589;-2.5308;REF;2002;11.26;7;9.42;22.8;1;
12749;47.8589;-2.5308;REF;2003;11.82;11;9.74;23.86;2;
12749;47.8589;-2.5308;REF;2004;11.96;12;10.22;31.24;7;
12749;47.8589;-2.5308;REF;2005;11.53;6;5.68;21.86;2;
12750;47.8633;-2.4241;REF;1990;12.27;8;8.24;26.03;5;
12750;47.8633;-2.4241;REF;1991;11.26;6;6.82;23.45;4;
12750;47.8633;-2.4241;REF;1992;11.16;2;7.22;15.9;2;
12750;47.8633;-2.4241;REF;1993;11.55;4;9.11;18.64;2;
12750;47.8633;-2.4241;REF;1994;11.03;7;8.51;23.34;4;
12750;47.8633;-2.4241;REF;1995;11.66;7;7.36;27.06;6;
12750;47.8633;-2.4241;REF;1996;11.98;4;4.98;19.91;3;
12750;47.8633;-2.4241;REF;1997;11.46;3;6.71;18.29;3;
12750;47.8633;-2.4241;REF;1998;11.63;2;6.95;17.1;2;
12750;47.8633;-2.4241;REF;1999;12.38;3;4.4;16.09;2;
12750;47.8633;-2.4241;REF;2000;12.46;10;7.07;31.03;7;
12750;47.8633;-2.4241;REF;2001;11.35;10;8.58;28.24;7;
12750;47.8633;-2.4241;REF;2002;11.68;4;7.95;19.25;2;
12750;47.8633;-2.4241;REF;2003;12.29;8;7.65;22.95;3;
12750;47.8633;-2.4241;REF;2004;12.38;9;8.75;25.74;5;
12750;47.8633;-2.4241;REF;2005;11.97;3;4.91;19.06;1;
12751;47.8676;-2.3173;REF;1990;11.99;6;6.67;20.94;4;
12751;47.8676;-2.3173;REF;1991;10.96;6;5.88;21.26;4;
12751;47.8676;-2.3173;REF;1992;10.9;2;6.52;15.64;2;
12751;47.8676;-2.3173;REF;1993;11.3;2;8.03;16.86;2;
12751;47.8676;-2.3173;REF;1994;10.73;4;8.25;22.19;4;
12751;47.8676;-2.3173;REF;1995;11.4;8;6.7;26.21;8;
12751;47.8676;-2.3173;REF;1996;11.71;4;4.58;19.95;2;
12751;47.8676;-2.3173;REF;1997;11.19;3;6.13;19.39;2;
12751;47.8676;-2.3173;REF;1998;11.3;2;6.52;16.47;2;
12751;47.8676;-2.3173;REF;1999;12.05;3;4.3;15.4;2;
12751;47.8676;-2.3173;REF;2000;12.14;11;6.51;33.07;10;
12751;47.8676;-2.3173;REF;2001;11.08;8;7.92;27.51;7;
12751;47.8676;-2.3173;REF;2002;11.41;1;7.81;16.03;0;
12751;47.8676;-2.3173;REF;2003;12.01;5;6.87;21.08;3;
12751;47.8676;-2.3173;REF;2004;12.13;8;8.13;23.33;5;
12751;47.8676;-2.3173;REF;2005;11.67;2;4.38;16.81;2;
12752;47.8718;-2.2106;REF;1990;11.97;6;6.68;20.99;4;
12752;47.8718;-2.2106;REF;1991;10.94;6;5.91;21.28;4;
12752;47.8718;-2.2106;REF;1992;10.88;2;6.53;15.66;2;
12752;47.8718;-2.2106;REF;1993;11.28;2;8.04;16.88;2;
12752;47.8718;-2.2106;REF;1994;10.71;4;8.26;22.22;4;
12752;47.8718;-2.2106;REF;1995;11.38;8;6.71;26.25;8;
12752;47.8718;-2.2106;REF;1996;11.69;4;4.59;19.98;2;
12752;47.8718;-2.2106;REF;1997;11.17;3;6.14;19.42;2;
12752;47.8718;-2.2106;REF;1998;11.28;2;6.53;16.5;2;
12752;47.8718;-2.2106;REF;1999;12.03;3;4.3;15.42;2;
12752;47.8718;-2.2106;REF;2000;12.12;11;6.52;33.12;10;
12752;47.8718;-2.2106;REF;2001;11.06;8;7.93;27.54;7;
12752;47.8718;-2.2106;REF;2002;11.38;1;7.81;16.05;0;
12752;47.8718;-2.2106;REF;2003;11.99;5;6.88;21.11;3;
12752;47.8718;-2.2106;REF;2004;12.11;8;8.14;23.36;5;
12752;47.8718;-2.2106;REF;2005;11.65;2;4.38;16.84;2;
12753;47.8759;-2.1038;REF;1990;12.16;7;7.19;22.3;5;
12753;47.8759;-2.1038;REF;1991;11.12;4;5.78;20.73;4;
12753;47.8759;-2.1038;REF;1992;11.08;2;6.82;15.32;2;
12753;47.8759;-2.1038;REF;1993;11.48;1;7.36;15.81;1;
12753;47.8759;-2.1038;REF;1994;10.89;4;7.5;22.4;4;
12753;47.8759;-2.1038;REF;1995;11.58;9;6.69;27.36;9;
12753;47.8759;-2.1038;REF;1996;11.92;3;4.67;17.86;2;
12753;47.8759;-2.1038;REF;1997;11.38;3;6.02;17.64;2;
12753;47.8759;-2.1038;REF;1998;11.48;3;6.82;17.35;3;
12753;47.8759;-2.1038;REF;1999;12.23;4;4.29;17.72;3;
12753;47.8759;-2.1038;REF;2000;12.31;10;6.5;31.59;8;
12753;47.8759;-2.1038;REF;2001;11.25;8;7.43;26.2;7;
12753;47.8759;-2.1038;REF;2002;11.58;2;7.93;16.74;1;
12753;47.8759;-2.1038;REF;2003;12.19;4;7.04;18.64;2;
12753;47.8759;-2.1038;REF;2004;12.33;4;7.79;20.82;4;
12753;47.8759;-2.1038;REF;2005;11.86;3;4.1;16.95;3;
12754;47.8799;-1.9971;REF;1990;12.39;7;7.13;22.25;7;
12754;47.8799;-1.9971;REF;1991;11.39;4;5.63;19.72;4;
12754;47.8799;-1.9971;REF;1992;11.32;2;7.16;15.33;2;
12754;47.8799;-1.9971;REF;1993;11.75;1;6.66;13.11;1;
12754;47.8799;-1.9971;REF;1994;11.13;6;6.84;21.9;6;
12754;47.8799;-1.9971;REF;1995;11.82;8;6.98;22.27;8;
12754;47.8799;-1.9971;REF;1996;12.15;2;5.39;17.39;2;
12754;47.8799;-1.9971;REF;1997;11.57;1;6.36;16.86;1;
12754;47.8799;-1.9971;REF;1998;11.71;3;6.4;17.16;3;
12754;47.8799;-1.9971;REF;1999;12.48;4;4.66;20.16;4;
12754;47.8799;-1.9971;REF;2000;12.54;7;6.78;25.1;7;
12754;47.8799;-1.9971;REF;2001;11.5;7;7.74;24.03;7;
12754;47.8799;-1.9971;REF;2002;11.82;2;8.32;16.27;2;
12754;47.8799;-1.9971;REF;2003;12.42;4;7.28;20.1;4;
12754;47.8799;-1.9971;REF;2004;12.59;4;7.47;19.49;4;
12754;47.8799;-1.9971;REF;2005;12.1;1;4.59;16.39;1;
12755;47.8838;-1.8903;REF;1990;12.29;7;7.17;22.39;7;
12755;47.8838;-1.8903;REF;1991;11.29;4;5.66;19.85;4;
12755;47.8838;-1.8903;REF;1992;11.23;2;7.2;15.42;2;
12755;47.8838;-1.8903;REF;1993;11.66;1;6.69;13.19;1;
12755;47.8838;-1.8903;REF;1994;11.04;6;6.88;22.04;6;
12755;47.8838;-1.8903;REF;1995;11.73;8;6.98;22.42;8;
12755;47.8838;-1.8903;REF;1996;12.05;2;5.41;17.48;2;
12755;47.8838;-1.8903;REF;1997;11.47;1;6.4;16.96;1;
12755;47.8838;-1.8903;REF;1998;11.62;3;6.44;17.27;3;
12755;47.8838;-1.8903;REF;1999;12.38;4;4.88;20.33;4;
12755;47.8838;-1.8903;REF;2000;12.44;8;6.78;25.26;7;
12755;47.8838;-1.8903;REF;2001;11.4;7;7.8;24.19;7;
12755;47.8838;-1.8903;REF;2002;11.72;2;8.37;16.38;2;
12755;47.8838;-1.8903;REF;2003;12.31;5;7.29;20.23;4;
12755;47.8838;-1.8903;REF;2004;12.49;4;7.52;19.61;4;
12755;47.8838;-1.8903;REF;2005;12.01;1;4.62;16.49;1;
12756;47.8877;-1.7835;REF;1990;12.3;8;7.43;23.18;8;
12756;47.8877;-1.7835;REF;1991;11.28;4;5.96;19.79;4;
12756;47.8877;-1.7835;REF;1992;11.24;3;6.97;16.98;2;
12756;47.8877;-1.7835;REF;1993;11.66;1;6.5;13.43;1;
12756;47.8877;-1.7835;REF;1994;11.05;6;6.83;22.49;6;
12756;47.8877;-1.7835;REF;1995;11.73;7;7.31;23.32;6;
12756;47.8877;-1.7835;REF;1996;12.04;2;4.91;15.64;2;
12756;47.8877;-1.7835;REF;1997;11.47;2;6.05;17.12;1;
12756;47.8877;-1.7835;REF;1998;11.62;3;6.28;19.46;3;
12756;47.8877;-1.7835;REF;1999;12.37;5;5.28;23;5;
12756;47.8877;-1.7835;REF;2000;12.44;8;7.33;25.83;7;
12756;47.8877;-1.7835;REF;2001;11.4;8;7.57;23.56;8;
12756;47.8877;-1.7835;REF;2002;11.73;2;8.27;16.91;2;
12756;47.8877;-1.7835;REF;2003;12.29;5;7.62;20.58;4;
12756;47.8877;-1.7835;REF;2004;12.52;3;7.55;18.34;3;
12756;47.8877;-1.7835;REF;2005;11.97;1;4.91;15.74;1;
12757;47.8914;-1.6766;REF;1990;12.31;7;7.72;22.65;6;
12757;47.8914;-1.6766;REF;1991;11.34;4;6.43;18.66;4;
12757;47.8914;-1.6766;REF;1992;11.32;3;7.16;18.58;3;
12757;47.8914;-1.6766;REF;1993;11.7;1;6.64;13.37;1;
12757;47.8914;-1.6766;REF;1994;11.1;6;6.56;21.77;5;
12757;47.8914;-1.6766;REF;1995;11.8;6;7.15;23.79;6;
12757;47.8914;-1.6766;REF;1996;12.1;2;4.73;15.17;2;
12757;47.8914;-1.6766;REF;1997;11.54;3;6.47;17.4;3;
12757;47.8914;-1.6766;REF;1998;11.62;2;7.01;17.13;2;
12757;47.8914;-1.6766;REF;1999;12.42;7;5.17;23.54;6;
12757;47.8914;-1.6766;REF;2000;12.47;6;7.72;23.99;6;
12757;47.8914;-1.6766;REF;2001;11.46;6;6.86;23.77;6;
12757;47.8914;-1.6766;REF;2002;11.79;3;8.02;17.72;3;
12757;47.8914;-1.6766;REF;2003;12.34;4;7.88;18.4;4;
12757;47.8914;-1.6766;REF;2004;12.58;4;7.93;19.85;4;
12757;47.8914;-1.6766;REF;2005;12.01;0;4.86;14.8;0;
12758;47.895;-1.5698;REF;1990;12.12;9;7.53;22.49;7;
12758;47.895;-1.5698;REF;1991;11.12;4;6.85;18.68;3;
12758;47.895;-1.5698;REF;1992;11.11;4;6.78;20.1;3;
12758;47.895;-1.5698;REF;1993;11.54;2;6.33;14.98;1;
12758;47.895;-1.5698;REF;1994;10.91;7;6.46;22.03;7;
12758;47.895;-1.5698;REF;1995;11.62;8;7.41;23.67;7;
12758;47.895;-1.5698;REF;1996;11.92;2;4.94;16.81;2;
12758;47.895;-1.5698;REF;1997;11.35;2;7.42;19.45;2;
12758;47.895;-1.5698;REF;1998;11.39;3;7.47;16.77;3;
12758;47.895;-1.5698;REF;1999;12.23;7;5.53;23.18;6;
12758;47.895;-1.5698;REF;2000;12.25;9;6.93;26.58;9;
12758;47.895;-1.5698;REF;2001;11.28;7;7.14;22.11;7;
12758;47.895;-1.5698;REF;2002;11.61;2;7.73;16.34;2;
12758;47.895;-1.5698;REF;2003;12.11;3;8.18;18.42;3;
12758;47.895;-1.5698;REF;2004;12.39;5;7.53;20.42;4;
12758;47.895;-1.5698;REF;2005;11.82;0;4.95;14.79;0;
12759;47.8985;-1.4629;REF;1990;12.16;8;7.11;23.12;7;
12759;47.8985;-1.4629;REF;1991;11.14;3;6.31;19.23;3;
12759;47.8985;-1.4629;REF;1992;11.18;5;7.03;20.74;4;
12759;47.8985;-1.4629;REF;1993;11.56;1;6.52;14.28;1;
12759;47.8985;-1.4629;REF;1994;10.93;6;6.59;22.78;6;
12759;47.8985;-1.4629;REF;1995;11.68;8;7.71;23;6;
12759;47.8985;-1.4629;REF;1996;11.98;2;4.81;16.09;2;
12759;47.8985;-1.4629;REF;1997;11.41;5;7.21;22.65;5;
12759;47.8985;-1.4629;REF;1998;11.43;4;7.26;18.55;4;
12759;47.8985;-1.4629;REF;1999;12.28;5;5.48;23.42;5;
12759;47.8985;-1.4629;REF;2000;12.31;7;7.03;27.74;7;
12759;47.8985;-1.4629;REF;2001;11.34;8;6.87;21.06;5;
12759;47.8985;-1.4629;REF;2002;11.64;3;7.54;17.35;3;
12759;47.8985;-1.4629;REF;2003;12.14;2;8.22;17.06;2;
12759;47.8985;-1.4629;REF;2004;12.44;5;7.53;21.05;5;
12759;47.8985;-1.4629;REF;2005;11.86;0;4.95;14.98;0;
12760;47.902;-1.3561;REF;1990;12.11;5;7.68;21.53;6;
12760;47.902;-1.3561;REF;1991;11.03;4;6.03;19.2;4;
12760;47.902;-1.3561;REF;1992;11.09;5;7.37;22.13;5;
12760;47.902;-1.3561;REF;1993;11.47;1;6.17;13.91;1;
12760;47.902;-1.3561;REF;1994;10.82;4;6.76;20.19;5;
12760;47.902;-1.3561;REF;1995;11.61;5;6.59;21.34;6;
12760;47.902;-1.3561;REF;1996;11.92;4;4.69;18.31;4;
12760;47.902;-1.3561;REF;1997;11.35;5;6.58;21.75;5;
12760;47.902;-1.3561;REF;1998;11.3;3;6.94;18.41;4;
12760;47.902;-1.3561;REF;1999;12.22;5;5.26;24;5;
12760;47.902;-1.3561;REF;2000;12.24;4;6.32;20.34;4;
12760;47.902;-1.3561;REF;2001;11.27;5;6.98;21.81;5;
12760;47.902;-1.3561;REF;2002;11.59;4;7.64;18.63;4;
12760;47.902;-1.3561;REF;2003;12.06;1;7.42;16.87;1;
12760;47.902;-1.3561;REF;2004;12.37;4;7.21;19.88;5;
12760;47.902;-1.3561;REF;2005;11.74;1;4.65;15.83;1;
12761;47.9053;-1.2492;REF;1990;12.05;5;7.7;21.62;6;
12761;47.9053;-1.2492;REF;1991;10.97;4;6.06;19.19;4;
12761;47.9053;-1.2492;REF;1992;11.03;5;7.4;22.18;5;
12761;47.9053;-1.2492;REF;1993;11.4;1;6.2;13.97;1;
12761;47.9053;-1.2492;REF;1994;10.76;4;6.79;20.26;5;
12761;47.9053;-1.2492;REF;1995;11.55;5;6.64;21.41;6;
12761;47.9053;-1.2492;REF;1996;11.86;4;4.71;18.38;4;
12761;47.9053;-1.2492;REF;1997;11.29;5;6.61;21.84;5;
12761;47.9053;-1.2492;REF;1998;11.24;4;6.96;18.46;4;
12761;47.9053;-1.2492;REF;1999;12.16;5;5.28;24.09;5;
12761;47.9053;-1.2492;REF;2000;12.18;4;6.35;20.35;4;
12761;47.9053;-1.2492;REF;2001;11.22;5;6.97;21.89;5;
12761;47.9053;-1.2492;REF;2002;11.53;4;7.67;18.69;4;
12761;47.9053;-1.2492;REF;2003;12;1;7.44;16.93;1;
12761;47.9053;-1.2492;REF;2004;12.31;4;7.24;19.95;5;
12761;47.9053;-1.2492;REF;2005;11.68;1;4.67;15.89;1;
12876;47.8469;-4.2443;REF;1990;12.7;11;9.9;25.03;7;
12876;47.8469;-4.2443;REF;1991;11.72;2;8.01;16.77;0;
12876;47.8469;-4.2443;REF;1992;11.73;6;9.61;22.84;4;
12876;47.8469;-4.2443;REF;1993;12.02;5;9.15;20.72;2;
12876;47.8469;-4.2443;REF;1994;11.43;3;9.16;18.56;1;
12876;47.8469;-4.2443;REF;1995;12.02;5;8.2;22.13;4;
12876;47.8469;-4.2443;REF;1996;12.38;10;7.11;26.59;8;
12876;47.8469;-4.2443;REF;1997;11.94;5;7.68;20.46;2;
12876;47.8469;-4.2443;REF;1998;12.25;8;7.87;21.47;0;
12876;47.8469;-4.2443;REF;1999;12.73;6;7.01;22.82;4;
12876;47.8469;-4.2443;REF;2000;12.97;12;8.5;26.77;10;
12876;47.8469;-4.2443;REF;2001;11.67;7;8.44;23.97;4;
12876;47.8469;-4.2443;REF;2002;12.14;2;9.97;17.91;1;
12876;47.8469;-4.2443;REF;2003;12.7;11;9.32;25.72;6;
12876;47.8469;-4.2443;REF;2004;12.87;10;8.89;24.6;4;
12876;47.8469;-4.2443;REF;2005;12.34;9;5.67;23.45;4;
12878;47.8587;-4.0313;REF;1990;12.76;9;10.52;25.05;6;
12878;47.8587;-4.0313;REF;1991;11.78;4;7.86;19.19;1;
12878;47.8587;-4.0313;REF;1992;11.77;7;8.72;23.3;4;
12878;47.8587;-4.0313;REF;1993;12.07;5;9.34;21.01;2;
12878;47.8587;-4.0313;REF;1994;11.51;2;9.12;17.16;1;
12878;47.8587;-4.0313;REF;1995;12.11;11;8.16;23.97;4;
12878;47.8587;-4.0313;REF;1996;12.5;8;6.5;25.79;6;
12878;47.8587;-4.0313;REF;1997;12.04;4;8.14;19.57;2;
12878;47.8587;-4.0313;REF;1998;12.25;7;8.32;22.1;3;
12878;47.8587;-4.0313;REF;1999;12.81;6;6.53;24.58;5;
12878;47.8587;-4.0313;REF;2000;13.02;9;7.52;27.27;8;
12878;47.8587;-4.0313;REF;2001;11.74;8;8.37;23.5;4;
12878;47.8587;-4.0313;REF;2002;12.19;5;10.29;23.51;4;
12878;47.8587;-4.0313;REF;2003;12.77;10;9.11;25.47;4;
12878;47.8587;-4.0313;REF;2004;12.94;7;9.22;23.8;4;
12878;47.8587;-4.0313;REF;2005;12.39;8;5.32;23.4;4;
12880;47.8702;-3.8181;REF;1990;12.38;11;10.78;25.64;6;
12880;47.8702;-3.8181;REF;1991;11.41;4;8.05;19.65;1;
12880;47.8702;-3.8181;REF;1992;11.39;7;8.93;23.86;4;
12880;47.8702;-3.8181;REF;1993;11.72;5;9.56;21.42;2;
12880;47.8702;-3.8181;REF;1994;11.15;2;9.36;17.49;1;
12880;47.8702;-3.8181;REF;1995;11.72;12;8.34;24.55;4;
12880;47.8702;-3.8181;REF;1996;12.12;9;6.65;26.3;6;
12880;47.8702;-3.8181;REF;1997;11.67;4;8.34;20.02;2;
12880;47.8702;-3.8181;REF;1998;11.87;8;8.5;22.62;3;
12880;47.8702;-3.8181;REF;1999;12.41;6;6.68;25.01;5;
12880;47.8702;-3.8181;REF;2000;12.63;10;7.7;27.91;8;
12880;47.8702;-3.8181;REF;2001;11.38;8;8.58;24.05;4;
12880;47.8702;-3.8181;REF;2002;11.82;5;10.53;24.07;4;
12880;47.8702;-3.8181;REF;2003;12.38;10;9.15;26.04;4;
12880;47.8702;-3.8181;REF;2004;12.55;7;9.43;24.2;4;
12880;47.8702;-3.8181;REF;2005;12.01;8;5.45;23.93;4;
12881;47.8757;-3.7115;REF;1990;12.31;10;11.41;26.43;5;
12881;47.8757;-3.7115;REF;1991;11.35;4;8.15;21.47;4;
12881;47.8757;-3.7115;REF;1992;11.32;9;9.07;24.61;4;
12881;47.8757;-3.7115;REF;1993;11.62;5;9.73;21.33;2;
12881;47.8757;-3.7115;REF;1994;11.08;3;8.95;19.23;0;
12881;47.8757;-3.7115;REF;1995;11.68;12;8.25;26.12;6;
12881;47.8757;-3.7115;REF;1996;12.02;8;7.11;26.33;6;
12881;47.8757;-3.7115;REF;1997;11.58;5;8.17;20.61;2;
12881;47.8757;-3.7115;REF;1998;11.78;7;8.42;24.35;4;
12881;47.8757;-3.7115;REF;1999;12.36;5;6;22.19;4;
12881;47.8757;-3.7115;REF;2000;12.57;8;8.08;28.08;6;
12881;47.8757;-3.7115;REF;2001;11.33;8;8.22;24.43;5;
12881;47.8757;-3.7115;REF;2002;11.71;6;10.47;22.58;3;
12881;47.8757;-3.7115;REF;2003;12.31;10;10.04;23.55;3;
12881;47.8757;-3.7115;REF;2004;12.45;8;9.32;22.98;4;
12881;47.8757;-3.7115;REF;2005;11.96;9;5.71;23.98;3;
12882;47.8812;-3.6049;REF;1990;12.29;9;11.29;23.93;3;
12882;47.8812;-3.6049;REF;1991;11.34;5;7.54;21.56;2;
12882;47.8812;-3.6049;REF;1992;11.27;9;8.94;24.82;5;
12882;47.8812;-3.6049;REF;1993;11.58;6;9.67;21.29;2;
12882;47.8812;-3.6049;REF;1994;11.04;3;9.11;18.99;2;
12882;47.8812;-3.6049;REF;1995;11.67;9;7.99;28.88;7;
12882;47.8812;-3.6049;REF;1996;12.04;8;6.7;26.47;6;
12882;47.8812;-3.6049;REF;1997;11.57;4;8.52;20.32;3;
12882;47.8812;-3.6049;REF;1998;11.77;5;8.93;20.75;2;
12882;47.8812;-3.6049;REF;1999;12.31;6;6.44;22.69;2;
12882;47.8812;-3.6049;REF;2000;12.55;8;9.29;30.98;7;
12882;47.8812;-3.6049;REF;2001;11.33;9;9.36;24.28;4;
12882;47.8812;-3.6049;REF;2002;11.73;8;10.17;24.24;4;
12882;47.8812;-3.6049;REF;2003;12.28;10;9.71;23.63;3;
12882;47.8812;-3.6049;REF;2004;12.48;8;9.91;24.78;4;
12882;47.8812;-3.6049;REF;2005;11.93;7;5.36;24.3;4;
12883;47.8866;-3.4982;REF;1990;12.3;12;12.38;23.78;2;
12883;47.8866;-3.4982;REF;1991;11.3;6;8.48;21.43;0;
12883;47.8866;-3.4982;REF;1992;11.27;12;10.24;26.62;5;
12883;47.8866;-3.4982;REF;1993;11.56;9;10.99;22.96;3;
12883;47.8866;-3.4982;REF;1994;11.01;3;10.96;19.7;2;
12883;47.8866;-3.4982;REF;1995;11.65;12;8.94;30.88;5;
12883;47.8866;-3.4982;REF;1996;12.02;9;7.68;29.07;6;
12883;47.8866;-3.4982;REF;1997;11.52;5;8.19;22.69;2;
12883;47.8866;-3.4982;REF;1998;11.74;7;10.15;20.88;2;
12883;47.8866;-3.4982;REF;1999;12.34;3;7.36;19.73;2;
12883;47.8866;-3.4982;REF;2000;12.56;11;10.31;30.71;5;
12883;47.8866;-3.4982;REF;2001;11.28;9;10.71;28;7;
12883;47.8866;-3.4982;REF;2002;11.71;9;11.82;25.67;4;
12883;47.8866;-3.4982;REF;2003;12.31;11;10.27;25.94;4;
12883;47.8866;-3.4982;REF;2004;12.46;10;11.15;28.53;5;
12883;47.8866;-3.4982;REF;2005;11.94;9;6.04;26.08;4;
12884;47.8919;-3.3915;REF;1990;12.26;10;12.44;24.44;3;
12884;47.8919;-3.3915;REF;1991;11.25;5;8.59;20.49;2;
12884;47.8919;-3.3915;REF;1992;11.22;11;10.33;25.7;3;
12884;47.8919;-3.3915;REF;1993;11.53;10;10.65;22.62;3;
12884;47.8919;-3.3915;REF;1994;10.98;3;11.46;19.77;1;
12884;47.8919;-3.3915;REF;1995;11.63;13;8.46;27.26;5;
12884;47.8919;-3.3915;REF;1996;11.97;10;8.38;27.17;5;
12884;47.8919;-3.3915;REF;1997;11.52;4;8.9;20.85;2;
12884;47.8919;-3.3915;REF;1998;11.66;6;9.56;20.65;3;
12884;47.8919;-3.3915;REF;1999;12.33;3;6.53;18.98;3;
12884;47.8919;-3.3915;REF;2000;12.52;13;9.57;28.51;6;
12884;47.8919;-3.3915;REF;2001;11.26;12;10.73;28.36;7;
12884;47.8919;-3.3915;REF;2002;11.67;7;11.34;22.32;2;
12884;47.8919;-3.3915;REF;2003;12.28;10;10.1;24.53;3;
12884;47.8919;-3.3915;REF;2004;12.4;11;11.17;29.07;6;
12884;47.8919;-3.3915;REF;2005;11.93;9;6.01;25.72;1;
12885;47.8971;-3.2848;REF;1990;11.95;11;11.61;25.96;4;
12885;47.8971;-3.2848;REF;1991;10.87;4;7.99;20.45;2;
12885;47.8971;-3.2848;REF;1992;10.81;11;10.02;26.33;4;
12885;47.8971;-3.2848;REF;1993;11.16;8;10.3;23.1;3;
12885;47.8971;-3.2848;REF;1994;10.57;4;10.97;20.11;1;
12885;47.8971;-3.2848;REF;1995;11.3;11;8.74;28.41;6;
12885;47.8971;-3.2848;REF;1996;11.66;8;7.39;25.49;4;
12885;47.8971;-3.2848;REF;1997;11.16;3;8.83;19.74;2;
12885;47.8971;-3.2848;REF;1998;11.28;3;9.09;19.92;2;
12885;47.8971;-3.2848;REF;1999;12.02;6;6.61;22.55;3;
12885;47.8971;-3.2848;REF;2000;12.18;12;9.38;29.54;7;
12885;47.8971;-3.2848;REF;2001;10.86;10;10.3;31.03;7;
12885;47.8971;-3.2848;REF;2002;11.33;10;10.98;21.96;2;
12885;47.8971;-3.2848;REF;2003;11.98;10;9.76;25.14;3;
12885;47.8971;-3.2848;REF;2004;12.07;11;10.7;30.62;6;
12885;47.8971;-3.2848;REF;2005;11.58;9;5.49;25.64;4;
12886;47.9022;-3.1781;REF;1990;11.95;11;11.23;26.56;3;
12886;47.9022;-3.1781;REF;1991;10.88;6;8.1;24.51;2;
12886;47.9022;-3.1781;REF;1992;10.8;9;10.53;24.82;4;
12886;47.9022;-3.1781;REF;1993;11.18;7;10.15;22.92;3;
12886;47.9022;-3.1781;REF;1994;10.59;6;11.13;22.62;1;
12886;47.9022;-3.1781;REF;1995;11.29;13;8.89;27.22;5;
12886;47.9022;-3.1781;REF;1996;11.66;8;6.95;26.54;4;
12886;47.9022;-3.1781;REF;1997;11.17;3;8.43;19.72;2;
12886;47.9022;-3.1781;REF;1998;11.29;7;9.42;21.72;2;
12886;47.9022;-3.1781;REF;1999;12.04;5;5.75;25.07;4;
12886;47.9022;-3.1781;REF;2000;12.18;14;9.29;34.63;5;
12886;47.9022;-3.1781;REF;2001;10.91;11;10.62;28.63;7;
12886;47.9022;-3.1781;REF;2002;11.32;7;10.07;21.37;2;
12886;47.9022;-3.1781;REF;2003;11.97;9;9.97;24.14;2;
12886;47.9022;-3.1781;REF;2004;12.07;11;10.17;30.35;5;
12886;47.9022;-3.1781;REF;2005;11.6;8;5.92;27.01;4;
12887;47.9072;-3.0714;REF;1990;12.11;9;10.63;25.21;3;
12887;47.9072;-3.0714;REF;1991;11.03;5;6.96;21.92;2;
12887;47.9072;-3.0714;REF;1992;10.98;8;9.67;25.51;3;
12887;47.9072;-3.0714;REF;1993;11.36;7;9.32;24.47;3;
12887;47.9072;-3.0714;REF;1994;10.75;5;10.19;22.63;1;
12887;47.9072;-3.0714;REF;1995;11.47;11;8.02;26.64;5;
12887;47.9072;-3.0714;REF;1996;11.81;8;6.48;25.19;4;
12887;47.9072;-3.0714;REF;1997;11.32;4;8.04;19.91;3;
12887;47.9072;-3.0714;REF;1998;11.43;6;8.62;21.64;2;
12887;47.9072;-3.0714;REF;1999;12.2;5;5.23;25.33;4;
12887;47.9072;-3.0714;REF;2000;12.32;11;8.23;32.38;8;
12887;47.9072;-3.0714;REF;2001;11.05;12;9.63;27.88;5;
12887;47.9072;-3.0714;REF;2002;11.45;6;8.98;21.01;2;
12887;47.9072;-3.0714;REF;2003;12.12;7;9.36;22.79;2;
12887;47.9072;-3.0714;REF;2004;12.21;10;9.69;30.24;5;
12887;47.9072;-3.0714;REF;2005;11.74;8;5.27;24.53;3;
12888;47.9121;-2.9646;REF;1990;12.02;9;10.39;25.51;4;
12888;47.9121;-2.9646;REF;1991;10.96;7;7.03;25.06;4;
12888;47.9121;-2.9646;REF;1992;10.87;5;9.46;22.76;3;
12888;47.9121;-2.9646;REF;1993;11.28;7;9.51;27.35;4;
12888;47.9121;-2.9646;REF;1994;10.69;5;9.52;22.39;2;
12888;47.9121;-2.9646;REF;1995;11.4;10;8.12;25.56;4;
12888;47.9121;-2.9646;REF;1996;11.72;9;6.83;24.51;3;
12888;47.9121;-2.9646;REF;1997;11.23;5;8.09;21.46;3;
12888;47.9121;-2.9646;REF;1998;11.36;7;8.39;23.99;2;
12888;47.9121;-2.9646;REF;1999;12.11;4;5.24;18.45;2;
12888;47.9121;-2.9646;REF;2000;12.21;14;8.54;34.92;7;
12888;47.9121;-2.9646;REF;2001;10.98;14;9.81;27.66;4;
12888;47.9121;-2.9646;REF;2002;11.37;8;9.48;20.9;2;
12888;47.9121;-2.9646;REF;2003;12.03;6;10.34;22.3;1;
12888;47.9121;-2.9646;REF;2004;12.12;12;9.51;30.38;6;
12888;47.9121;-2.9646;REF;2005;11.69;8;5.8;24.19;3;
12889;47.9169;-2.8578;REF;1990;11.86;10;9.97;27.85;5;
12889;47.9169;-2.8578;REF;1991;10.88;8;6.86;27.62;4;
12889;47.9169;-2.8578;REF;1992;10.77;5;8.77;21.24;3;
12889;47.9169;-2.8578;REF;1993;11.2;7;9.75;28.53;5;
12889;47.9169;-2.8578;REF;1994;10.64;6;9.43;22.42;2;
12889;47.9169;-2.8578;REF;1995;11.3;12;8.96;25.19;3;
12889;47.9169;-2.8578;REF;1996;11.6;9;6.64;25.01;3;
12889;47.9169;-2.8578;REF;1997;11.12;6;7.47;22.29;3;
12889;47.9169;-2.8578;REF;1998;11.26;5;8.54;22.54;2;
12889;47.9169;-2.8578;REF;1999;12.01;2;4.99;16.31;2;
12889;47.9169;-2.8578;REF;2000;12.08;12;8.45;33.56;7;
12889;47.9169;-2.8578;REF;2001;10.92;17;9.76;28.79;5;
12889;47.9169;-2.8578;REF;2002;11.29;7;9.73;22.71;2;
12889;47.9169;-2.8578;REF;2003;11.91;10;9.92;21.83;2;
12889;47.9169;-2.8578;REF;2004;12.03;12;9.84;33.13;7;
12889;47.9169;-2.8578;REF;2005;11.6;6;6.14;21.61;3;
12890;47.9216;-2.751;REF;1990;11.81;8;9.02;26.86;5;
12890;47.9216;-2.751;REF;1991;10.81;6;6.5;25.85;5;
12890;47.9216;-2.751;REF;1992;10.72;3;7.51;18.19;3;
12890;47.9216;-2.751;REF;1993;11.13;5;8.2;22.29;3;
12890;47.9216;-2.751;REF;1994;10.6;3;8.4;18.99;2;
12890;47.9216;-2.751;REF;1995;11.22;7;7.51;21.27;3;
12890;47.9216;-2.751;REF;1996;11.54;7;6.07;24.68;4;
12890;47.9216;-2.751;REF;1997;11.04;3;6.43;18.79;3;
12890;47.9216;-2.751;REF;1998;11.2;4;7.7;21.66;4;
12890;47.9216;-2.751;REF;1999;11.96;2;4.62;15.32;2;
12890;47.9216;-2.751;REF;2000;12.03;11;7.38;30.29;7;
12890;47.9216;-2.751;REF;2001;10.86;11;8.69;25.55;6;
12890;47.9216;-2.751;REF;2002;11.2;5;9.09;20.3;2;
12890;47.9216;-2.751;REF;2003;11.86;6;8.24;21.06;2;
12890;47.9216;-2.751;REF;2004;11.93;10;8.87;30.17;7;
12890;47.9216;-2.751;REF;2005;11.53;4;5.15;20.34;3;
12891;47.9262;-2.6442;REF;1990;11.84;8;8.18;26.52;5;
12891;47.9262;-2.6442;REF;1991;10.88;6;6.91;24.34;4;
12891;47.9262;-2.6442;REF;1992;10.76;5;6.93;21.7;3;
12891;47.9262;-2.6442;REF;1993;11.15;5;9.32;20.87;2;
12891;47.9262;-2.6442;REF;1994;10.63;3;8.56;19.2;2;
12891;47.9262;-2.6442;REF;1995;11.27;6;7.82;24.87;5;
12891;47.9262;-2.6442;REF;1996;11.56;7;5.84;26.42;4;
12891;47.9262;-2.6442;REF;1997;11.1;3;6.24;19.54;3;
12891;47.9262;-2.6442;REF;1998;11.23;4;7.49;19.39;2;
12891;47.9262;-2.6442;REF;1999;11.99;2;4.02;15.66;2;
12891;47.9262;-2.6442;REF;2000;12.08;12;7.05;30.14;8;
12891;47.9262;-2.6442;REF;2001;10.9;11;8.95;26.24;6;
12891;47.9262;-2.6442;REF;2002;11.27;5;8.97;20.57;1;
12891;47.9262;-2.6442;REF;2003;11.88;9;8.63;22.47;3;
12891;47.9262;-2.6442;REF;2004;11.98;10;8.71;28.93;6;
12891;47.9262;-2.6442;REF;2005;11.58;4;4.54;19.56;2;
12892;47.9307;-2.5374;REF;1990;11.98;6;7.61;21.2;3;
12892;47.9307;-2.5374;REF;1991;11.01;5;5.78;20.7;2;
12892;47.9307;-2.5374;REF;1992;10.91;4;6.16;19.9;4;
12892;47.9307;-2.5374;REF;1993;11.3;3;8.23;17.03;2;
12892;47.9307;-2.5374;REF;1994;10.75;3;7.39;18.03;3;
12892;47.9307;-2.5374;REF;1995;11.41;5;7.04;22.43;4;
12892;47.9307;-2.5374;REF;1996;11.7;5;5.39;20.14;3;
12892;47.9307;-2.5374;REF;1997;11.23;3;6.03;18.54;2;
12892;47.9307;-2.5374;REF;1998;11.36;3;6.71;16.33;2;
12892;47.9307;-2.5374;REF;1999;12.12;2;3.79;14.46;2;
12892;47.9307;-2.5374;REF;2000;12.21;10;6.91;29.56;9;
12892;47.9307;-2.5374;REF;2001;11.04;7;8.02;22.67;5;
12892;47.9307;-2.5374;REF;2002;11.4;1;7.93;17.64;1;
12892;47.9307;-2.5374;REF;2003;12.05;6;7.01;23.17;5;
12892;47.9307;-2.5374;REF;2004;12.16;7;7.52;24.74;7;
12892;47.9307;-2.5374;REF;2005;11.69;3;4.55;16.01;3;
12893;47.9351;-2.4305;REF;1990;12.15;6;7.52;21.01;3;
12893;47.9351;-2.4305;REF;1991;11.16;5;5.72;20.49;2;
12893;47.9351;-2.4305;REF;1992;11.07;4;6.09;19.74;4;
12893;47.9351;-2.4305;REF;1993;11.44;3;8.15;16.9;2;
12893;47.9351;-2.4305;REF;1994;10.9;3;7.31;17.87;3;
12893;47.9351;-2.4305;REF;1995;11.58;5;6.96;22.25;4;
12893;47.9351;-2.4305;REF;1996;11.85;4;5.35;19.95;3;
12893;47.9351;-2.4305;REF;1997;11.38;3;5.97;18.37;2;
12893;47.9351;-2.4305;REF;1998;11.52;3;6.76;16.16;2;
12893;47.9351;-2.4305;REF;1999;12.29;2;3.77;14.32;2;
12893;47.9351;-2.4305;REF;2000;12.37;9;6.83;29.27;9;
12893;47.9351;-2.4305;REF;2001;11.18;7;7.94;22.55;5;
12893;47.9351;-2.4305;REF;2002;11.54;1;7.84;17.47;1;
12893;47.9351;-2.4305;REF;2003;12.2;5;6.93;22.93;5;
12893;47.9351;-2.4305;REF;2004;12.3;7;7.44;24.62;7;
12893;47.9351;-2.4305;REF;2005;11.85;3;4.51;15.89;3;
12894;47.9394;-2.3237;REF;1990;11.94;6;7.41;23.02;6;
12894;47.9394;-2.3237;REF;1991;10.98;5;5.74;21.76;4;
12894;47.9394;-2.3237;REF;1992;10.9;5;6.45;21.12;4;
12894;47.9394;-2.3237;REF;1993;11.29;3;7.44;17.54;3;
12894;47.9394;-2.3237;REF;1994;10.73;3;6.73;18.87;3;
12894;47.9394;-2.3237;REF;1995;11.38;5;7;23.23;4;
12894;47.9394;-2.3237;REF;1996;11.68;5;4.81;21.22;4;
12894;47.9394;-2.3237;REF;1997;11.2;2;5.99;18.21;2;
12894;47.9394;-2.3237;REF;1998;11.33;2;6.64;17.22;1;
12894;47.9394;-2.3237;REF;1999;12.05;3;4.12;15.13;2;
12894;47.9394;-2.3237;REF;2000;12.14;10;7.52;32.09;9;
12894;47.9394;-2.3237;REF;2001;11.06;9;7.93;23.88;7;
12894;47.9394;-2.3237;REF;2002;11.39;2;8.3;18.3;0;
12894;47.9394;-2.3237;REF;2003;12.03;6;6.71;22.25;4;
12894;47.9394;-2.3237;REF;2004;12.17;7;7.74;23.34;6;
12894;47.9394;-2.3237;REF;2005;11.68;3;4.51;17.25;2;
12895;47.9436;-2.2168;REF;1990;11.72;7;8.19;22.56;5;
12895;47.9436;-2.2168;REF;1991;10.8;5;6.37;22.31;5;
12895;47.9436;-2.2168;REF;1992;10.69;4;6.66;17.68;2;
12895;47.9436;-2.2168;REF;1993;11.13;2;6.98;15.76;2;
12895;47.9436;-2.2168;REF;1994;10.51;5;6.76;24.43;5;
12895;47.9436;-2.2168;REF;1995;11.19;6;7.24;28.15;6;
12895;47.9436;-2.2168;REF;1996;11.48;2;5;19.43;2;
12895;47.9436;-2.2168;REF;1997;11.01;2;6.17;16.99;2;
12895;47.9436;-2.2168;REF;1998;11.14;3;6.85;16.92;3;
12895;47.9436;-2.2168;REF;1999;11.86;3;4.84;16.33;2;
12895;47.9436;-2.2168;REF;2000;11.93;9;7.81;31.54;9;
12895;47.9436;-2.2168;REF;2001;10.89;9;7.7;28.93;7;
12895;47.9436;-2.2168;REF;2002;11.18;2;7.92;17.61;0;
12895;47.9436;-2.2168;REF;2003;11.82;3;7.09;19.39;2;
12895;47.9436;-2.2168;REF;2004;11.97;6;8.03;23.41;5;
12895;47.9436;-2.2168;REF;2005;11.5;3;4.43;18.23;2;
12896;47.9477;-2.1099;REF;1990;11.91;7;7.6;22.34;5;
12896;47.9477;-2.1099;REF;1991;10.9;4;6.36;20.14;4;
12896;47.9477;-2.1099;REF;1992;10.84;2;6.86;15.33;2;
12896;47.9477;-2.1099;REF;1993;11.28;1;7.49;15.71;1;
12896;47.9477;-2.1099;REF;1994;10.68;4;7.79;21.1;4;
12896;47.9477;-2.1099;REF;1995;11.37;8;7.24;26.84;7;
12896;47.9477;-2.1099;REF;1996;11.67;3;5.42;18.26;3;
12896;47.9477;-2.1099;REF;1997;11.14;4;6.51;17.38;3;
12896;47.9477;-2.1099;REF;1998;11.25;4;7.52;18.89;2;
12896;47.9477;-2.1099;REF;1999;12.01;3;5.2;19.53;3;
12896;47.9477;-2.1099;REF;2000;12.05;9;7.36;29.6;9;
12896;47.9477;-2.1099;REF;2001;11.01;8;7.96;24.33;6;
12896;47.9477;-2.1099;REF;2002;11.34;4;8.39;19.04;3;
12896;47.9477;-2.1099;REF;2003;11.97;3;7.36;18.94;2;
12896;47.9477;-2.1099;REF;2004;12.09;4;7.97;18.81;3;
12896;47.9477;-2.1099;REF;2005;11.64;3;4.88;16.74;3;
12897;47.9518;-2.003;REF;1990;11.85;7;7.8;24.44;5;
12897;47.9518;-2.003;REF;1991;10.85;5;6.29;20.43;3;
12897;47.9518;-2.003;REF;1992;10.79;2;7.04;15.43;2;
12897;47.9518;-2.003;REF;1993;11.24;1;6.95;14.73;1;
12897;47.9518;-2.003;REF;1994;10.64;5;7.11;23.84;5;
12897;47.9518;-2.003;REF;1995;11.29;7;7.61;26.15;7;
12897;47.9518;-2.003;REF;1996;11.6;4;5.57;18.56;4;
12897;47.9518;-2.003;REF;1997;11.07;2;6.73;17.78;2;
12897;47.9518;-2.003;REF;1998;11.19;4;6.82;19.69;2;
12897;47.9518;-2.003;REF;1999;11.94;5;4.95;24.8;5;
12897;47.9518;-2.003;REF;2000;11.97;8;7.16;26.27;7;
12897;47.9518;-2.003;REF;2001;10.97;8;7.83;23.21;8;
12897;47.9518;-2.003;REF;2002;11.26;3;8.77;19.88;1;
12897;47.9518;-2.003;REF;2003;11.89;3;7.51;18.2;3;
12897;47.9518;-2.003;REF;2004;12.02;4;7.46;18.62;3;
12897;47.9518;-2.003;REF;2005;11.58;1;4.67;18.15;1;
12898;47.9557;-1.896;REF;1990;12.19;7;7.21;22.52;7;
12898;47.9557;-1.896;REF;1991;11.2;4;5.68;19.96;4;
12898;47.9557;-1.896;REF;1992;11.13;2;7.24;15.52;2;
12898;47.9557;-1.896;REF;1993;11.56;1;6.83;13.27;1;
12898;47.9557;-1.896;REF;1994;10.94;6;6.93;22.17;6;
12898;47.9557;-1.896;REF;1995;11.63;8;7.03;22.56;8;
12898;47.9557;-1.896;REF;1996;11.95;2;5.45;17.58;2;
12898;47.9557;-1.896;REF;1997;11.37;2;6.44;17.07;1;
12898;47.9557;-1.896;REF;1998;11.52;3;6.48;17.38;3;
12898;47.9557;-1.896;REF;1999;12.28;4;4.72;20.51;4;
12898;47.9557;-1.896;REF;2000;12.34;8;6.77;25.42;7;
12898;47.9557;-1.896;REF;2001;11.31;7;7.85;24.34;7;
12898;47.9557;-1.896;REF;2002;11.63;2;8.45;16.48;2;
12898;47.9557;-1.896;REF;2003;12.21;5;7.29;20.36;4;
12898;47.9557;-1.896;REF;2004;12.39;4;7.57;19.74;4;
12898;47.9557;-1.896;REF;2005;11.91;1;4.64;16.6;1;
12899;47.9595;-1.7891;REF;1990;12.34;8;7.42;23.14;8;
12899;47.9595;-1.7891;REF;1991;11.31;4;5.95;19.75;4;
12899;47.9595;-1.7891;REF;1992;11.27;3;6.96;16.94;2;
12899;47.9595;-1.7891;REF;1993;11.69;1;6.5;13.41;1;
12899;47.9595;-1.7891;REF;1994;11.08;6;6.82;22.45;6;
12899;47.9595;-1.7891;REF;1995;11.76;7;7.31;23.28;6;
12899;47.9595;-1.7891;REF;1996;12.07;2;4.9;15.61;2;
12899;47.9595;-1.7891;REF;1997;11.5;2;6.03;17.09;1;
12899;47.9595;-1.7891;REF;1998;11.65;3;6.27;19.42;3;
12899;47.9595;-1.7891;REF;1999;12.39;5;5.27;22.95;5;
12899;47.9595;-1.7891;REF;2000;12.47;8;7.31;25.79;7;
12899;47.9595;-1.7891;REF;2001;11.43;8;7.57;23.51;8;
12899;47.9595;-1.7891;REF;2002;11.76;2;8.25;16.88;2;
12899;47.9595;-1.7891;REF;2003;12.33;5;7.61;20.54;4;
12899;47.9595;-1.7891;REF;2004;12.55;3;7.53;18.31;3;
12899;47.9595;-1.7891;REF;2005;12;1;4.9;15.71;1;
12900;47.9632;-1.6821;REF;1990;12.15;7;7.92;22.88;6;
12900;47.9632;-1.6821;REF;1991;11.18;4;6.8;18.87;4;
12900;47.9632;-1.6821;REF;1992;11.16;3;7.08;18.86;3;
12900;47.9632;-1.6821;REF;1993;11.55;1;6.68;13.5;1;
12900;47.9632;-1.6821;REF;1994;10.94;6;6.62;21.98;5;
12900;47.9632;-1.6821;REF;1995;11.65;6;7.21;24.15;6;
12900;47.9632;-1.6821;REF;1996;11.93;2;4.76;15.32;2;
12900;47.9632;-1.6821;REF;1997;11.38;3;6.54;17.57;3;
12900;47.9632;-1.6821;REF;1998;11.46;3;7.08;17.3;2;
12900;47.9632;-1.6821;REF;1999;12.26;7;5.22;23.92;6;
12900;47.9632;-1.6821;REF;2000;12.31;6;7.8;24.23;6;
12900;47.9632;-1.6821;REF;2001;11.31;7;6.93;24.02;6;
12900;47.9632;-1.6821;REF;2002;11.64;3;8.1;17.91;3;
12900;47.9632;-1.6821;REF;2003;12.17;4;7.96;18.59;4;
12900;47.9632;-1.6821;REF;2004;12.43;4;8.01;20.05;4;
12900;47.9632;-1.6821;REF;2005;11.85;0;4.91;14.95;0;
12901;47.9669;-1.5751;REF;1990;12.18;4;6.89;19.43;5;
12901;47.9669;-1.5751;REF;1991;11.2;1;5.69;17.26;4;
12901;47.9669;-1.5751;REF;1992;11.18;2;6.13;16.91;3;
12901;47.9669;-1.5751;REF;1993;11.58;1;5.81;12.43;1;
12901;47.9669;-1.5751;REF;1994;10.97;3;5.69;18.51;5;
12901;47.9669;-1.5751;REF;1995;11.66;5;6.76;23.54;5;
12901;47.9669;-1.5751;REF;1996;11.93;2;4.7;15.58;2;
12901;47.9669;-1.5751;REF;1997;11.43;2;6.25;15.49;3;
12901;47.9669;-1.5751;REF;1998;11.49;1;6.91;14.57;2;
12901;47.9669;-1.5751;REF;1999;12.28;5;4.91;21.25;5;
12901;47.9669;-1.5751;REF;2000;12.3;5;7.64;21.93;9;
12901;47.9669;-1.5751;REF;2001;11.34;4;6.58;19.44;5;
12901;47.9669;-1.5751;REF;2002;11.64;2;7.4;14.71;2;
12901;47.9669;-1.5751;REF;2003;12.2;1;7.24;15.21;2;
12901;47.9669;-1.5751;REF;2004;12.43;3;7.08;16.52;4;
12901;47.9669;-1.5751;REF;2005;11.89;0;4.69;14.76;0;
12902;47.9704;-1.4681;REF;1990;12.19;3;7.26;19.26;5;
12902;47.9704;-1.4681;REF;1991;11.23;1;5.48;16.85;3;
12902;47.9704;-1.4681;REF;1992;11.24;3;6.92;17.78;4;
12902;47.9704;-1.4681;REF;1993;11.63;1;6.03;12.54;1;
12902;47.9704;-1.4681;REF;1994;11.01;3;5.64;17.27;3;
12902;47.9704;-1.4681;REF;1995;11.75;4;6.58;19.97;7;
12902;47.9704;-1.4681;REF;1996;11.99;2;4.79;16.42;3;
12902;47.9704;-1.4681;REF;1997;11.5;3;6.86;17.36;4;
12902;47.9704;-1.4681;REF;1998;11.51;2;6.51;14.24;2;
12902;47.9704;-1.4681;REF;1999;12.35;4;5.04;20.11;5;
12902;47.9704;-1.4681;REF;2000;12.36;3;7.09;19.43;7;
12902;47.9704;-1.4681;REF;2001;11.42;4;6.29;19.89;5;
12902;47.9704;-1.4681;REF;2002;11.71;1;7.3;15.82;2;
12902;47.9704;-1.4681;REF;2003;12.23;1;6.98;15.49;1;
12902;47.9704;-1.4681;REF;2004;12.49;3;7.05;16.5;4;
12902;47.9704;-1.4681;REF;2005;11.93;0;4.98;14.11;1;
12903;47.9738;-1.3611;REF;1990;12.2;4;7.08;19.81;4;
12903;47.9738;-1.3611;REF;1991;11.18;1;6.09;18.33;3;
12903;47.9738;-1.3611;REF;1992;11.23;6;6.99;21.64;6;
12903;47.9738;-1.3611;REF;1993;11.59;2;6.23;14.77;2;
12903;47.9738;-1.3611;REF;1994;10.95;3;7.3;18.29;4;
12903;47.9738;-1.3611;REF;1995;11.76;5;6.84;21.46;6;
12903;47.9738;-1.3611;REF;1996;12.03;4;5.19;18.42;4;
12903;47.9738;-1.3611;REF;1997;11.49;4;6.44;20.82;5;
12903;47.9738;-1.3611;REF;1998;11.44;2;6.99;16.18;2;
12903;47.9738;-1.3611;REF;1999;12.39;5;5.27;22.09;5;
12903;47.9738;-1.3611;REF;2000;12.37;6;6.96;22.98;6;
12903;47.9738;-1.3611;REF;2001;11.4;5;6.72;21.35;6;
12903;47.9738;-1.3611;REF;2002;11.73;3;7.48;17.03;3;
12903;47.9738;-1.3611;REF;2003;12.22;1;7.36;17.11;2;
12903;47.9738;-1.3611;REF;2004;12.52;4;6.7;18.89;4;
12903;47.9738;-1.3611;REF;2005;11.87;0;4.91;15.88;1;
12904;47.9772;-1.2541;REF;1990;12.11;4;7.12;19.91;4;
12904;47.9772;-1.2541;REF;1991;11.1;1;6.06;18.43;3;
12904;47.9772;-1.2541;REF;1992;11.15;6;7.03;21.34;6;
12904;47.9772;-1.2541;REF;1993;11.51;2;6.26;14.86;2;
12904;47.9772;-1.2541;REF;1994;10.87;3;7.34;18.38;4;
12904;47.9772;-1.2541;REF;1995;11.67;5;6.87;21.56;5;
12904;47.9772;-1.2541;REF;1996;11.95;4;5.21;18.51;4;
12904;47.9772;-1.2541;REF;1997;11.41;4;6.48;20.93;5;
12904;47.9772;-1.2541;REF;1998;11.36;2;7.02;16.27;2;
12904;47.9772;-1.2541;REF;1999;12.29;5;5.29;22.21;5;
12904;47.9772;-1.2541;REF;2000;12.29;6;6.99;23.09;6;
12904;47.9772;-1.2541;REF;2001;11.33;5;6.76;21.08;6;
12904;47.9772;-1.2541;REF;2002;11.65;3;7.52;17.05;3;
12904;47.9772;-1.2541;REF;2003;12.14;1;7.4;17.21;2;
12904;47.9772;-1.2541;REF;2004;12.44;4;6.74;19;4;
12904;47.9772;-1.2541;REF;2005;11.79;0;4.92;15.96;1;
12905;47.9804;-1.147;REF;1990;12.05;3;7.14;18.91;4;
12905;47.9804;-1.147;REF;1991;11.02;2;5.95;18.43;3;
12905;47.9804;-1.147;REF;1992;11.08;7;7.3;21.68;7;
12905;47.9804;-1.147;REF;1993;11.43;2;6.15;15.92;2;
12905;47.9804;-1.147;REF;1994;10.85;3;7.1;18.66;3;
12905;47.9804;-1.147;REF;1995;11.64;8;6.59;23.89;8;
12905;47.9804;-1.147;REF;1996;11.91;2;5.32;17.47;2;
12905;47.9804;-1.147;REF;1997;11.4;5;6.08;24.15;5;
12905;47.9804;-1.147;REF;1998;11.3;3;7.55;19.43;4;
12905;47.9804;-1.147;REF;1999;12.27;5;4.7;21.79;5;
12905;47.9804;-1.147;REF;2000;12.27;5;6.42;21.57;5;
12905;47.9804;-1.147;REF;2001;11.26;3;6.5;18.93;3;
12905;47.9804;-1.147;REF;2002;11.6;3;7.56;16.89;3;
12905;47.9804;-1.147;REF;2003;12.05;1;7.54;18.09;2;
12905;47.9804;-1.147;REF;2004;12.41;4;6.33;21.22;4;
12905;47.9804;-1.147;REF;2005;11.73;0;5.06;15.48;0;
13018;47.9125;-4.3599;REF;1990;12.65;6;8.86;21.22;8;
13018;47.9125;-4.3599;REF;1991;11.78;0;6.66;14.83;1;
13018;47.9125;-4.3599;REF;1992;11.71;3;8.71;19.68;5;
13018;47.9125;-4.3599;REF;1993;12.09;2;7.29;16.47;3;
13018;47.9125;-4.3599;REF;1994;11.49;0;7.35;15.61;1;
13018;47.9125;-4.3599;REF;1995;12.01;3;6.53;16.47;3;
13018;47.9125;-4.3599;REF;1996;12.37;5;5.67;21.75;6;
13018;47.9125;-4.3599;REF;1997;11.96;2;6.62;16.12;3;
13018;47.9125;-4.3599;REF;1998;12.29;0;6.85;15.73;0;
13018;47.9125;-4.3599;REF;1999;12.67;4;5.49;19.22;4;
13018;47.9125;-4.3599;REF;2000;12.91;6;6.57;21.6;8;
13018;47.9125;-4.3599;REF;2001;11.73;3;7.95;17.97;3;
13018;47.9125;-4.3599;REF;2002;12.15;1;7.71;15.51;1;
13018;47.9125;-4.3599;REF;2003;12.7;3;7.5;18.79;4;
13018;47.9125;-4.3599;REF;2004;12.8;4;7.56;19.52;5;
13018;47.9125;-4.3599;REF;2005;12.35;3;5.23;17.57;4;
13019;47.9186;-4.2533;REF;1990;12.41;15;11.33;28.77;7;
13019;47.9186;-4.2533;REF;1991;11.39;3;9.13;17.85;0;
13019;47.9186;-4.2533;REF;1992;11.38;13;11.08;25.56;4;
13019;47.9186;-4.2533;REF;1993;11.7;7;10.51;23.11;2;
13019;47.9186;-4.2533;REF;1994;11.08;4;10.38;20.8;2;
13019;47.9186;-4.2533;REF;1995;11.69;6;9.14;23.28;3;
13019;47.9186;-4.2533;REF;1996;12.06;11;8.32;29.84;6;
13019;47.9186;-4.2533;REF;1997;11.61;5;8.72;23.21;2;
13019;47.9186;-4.2533;REF;1998;11.95;12;8.79;23.14;0;
13019;47.9186;-4.2533;REF;1999;12.45;7;8.04;24.01;4;
13019;47.9186;-4.2533;REF;2000;12.69;13;9.28;28.02;8;
13019;47.9186;-4.2533;REF;2001;11.33;11;9.66;27.73;6;
13019;47.9186;-4.2533;REF;2002;11.83;4;11.21;19.73;0;
13019;47.9186;-4.2533;REF;2003;12.4;12;10.55;27.52;5;
13019;47.9186;-4.2533;REF;2004;12.57;11;9.99;28.25;6;
13019;47.9186;-4.2533;REF;2005;12.03;9;6.83;24.97;4;
13020;47.9245;-4.1466;REF;1990;12.55;11;9.99;25.26;7;
13020;47.9245;-4.1466;REF;1991;11.58;2;8.18;16.92;0;
13020;47.9245;-4.1466;REF;1992;11.59;6;9.69;23.04;4;
13020;47.9245;-4.1466;REF;1993;11.89;6;9.22;20.88;2;
13020;47.9245;-4.1466;REF;1994;11.29;3;9.15;18.68;1;
13020;47.9245;-4.1466;REF;1995;11.88;5;8.27;22.33;4;
13020;47.9245;-4.1466;REF;1996;12.24;10;7.17;26.84;8;
13020;47.9245;-4.1466;REF;1997;11.8;5;7.94;20.67;2;
13020;47.9245;-4.1466;REF;1998;12.11;8;7.94;21.66;0;
13020;47.9245;-4.1466;REF;1999;12.58;6;7.07;23.02;4;
13020;47.9245;-4.1466;REF;2000;12.83;12;8.58;27.01;10;
13020;47.9245;-4.1466;REF;2001;11.53;7;8.52;24.18;4;
13020;47.9245;-4.1466;REF;2002;12;3;10.06;18.07;1;
13020;47.9245;-4.1466;REF;2003;12.56;11;9.34;25.95;6;
13020;47.9245;-4.1466;REF;2004;12.72;10;8.97;24.82;4;
13020;47.9245;-4.1466;REF;2005;12.19;9;5.71;23.65;4;
13021;47.9304;-4.0399;REF;1990;12.53;11;10.67;25.81;7;
13021;47.9304;-4.0399;REF;1991;11.54;2;8.12;17.67;1;
13021;47.9304;-4.0399;REF;1992;11.54;8;9.82;22.22;2;
13021;47.9304;-4.0399;REF;1993;11.84;5;9.08;21.93;2;
13021;47.9304;-4.0399;REF;1994;11.25;3;9.57;18.82;1;
13021;47.9304;-4.0399;REF;1995;11.86;6;8.51;24.04;4;
13021;47.9304;-4.0399;REF;1996;12.22;10;7.12;28.07;7;
13021;47.9304;-4.0399;REF;1997;11.78;4;7.83;19.94;2;
13021;47.9304;-4.0399;REF;1998;12.02;8;8.04;23.13;4;
13021;47.9304;-4.0399;REF;1999;12.57;7;6.86;22.98;4;
13021;47.9304;-4.0399;REF;2000;12.78;11;7.84;27.11;9;
13021;47.9304;-4.0399;REF;2001;11.52;8;8.77;25.37;6;
13021;47.9304;-4.0399;REF;2002;11.93;5;10.07;20.02;0;
13021;47.9304;-4.0399;REF;2003;12.53;10;9.7;26.62;6;
13021;47.9304;-4.0399;REF;2004;12.68;8;8.61;24.96;5;
13021;47.9304;-4.0399;REF;2005;12.18;8;5.71;23.5;3;
13022;47.9362;-3.9332;REF;1990;12.13;17;12.12;28.11;6;
13022;47.9362;-3.9332;REF;1991;11.13;5;9.27;20.79;1;
13022;47.9362;-3.9332;REF;1992;11.09;15;10.47;24.88;2;
13022;47.9362;-3.9332;REF;1993;11.43;7;11.26;24.02;3;
13022;47.9362;-3.9332;REF;1994;10.84;3;10.77;19.66;1;
13022;47.9362;-3.9332;REF;1995;11.43;14;9.23;26.27;4;
13022;47.9362;-3.9332;REF;1996;11.85;11;7.7;30.36;6;
13022;47.9362;-3.9332;REF;1997;11.39;5;8.95;21.83;2;
13022;47.9362;-3.9332;REF;1998;11.6;11;9.59;24.53;3;
13022;47.9362;-3.9332;REF;1999;12.17;7;7.53;25.15;3;
13022;47.9362;-3.9332;REF;2000;12.39;13;8.55;28.43;6;
13022;47.9362;-3.9332;REF;2001;11.08;11;10.1;27.67;5;
13022;47.9362;-3.9332;REF;2002;11.55;8;11.71;23.48;3;
13022;47.9362;-3.9332;REF;2003;12.12;13;10.97;27.08;6;
13022;47.9362;-3.9332;REF;2004;12.3;11;10.19;27.7;5;
13022;47.9362;-3.9332;REF;2005;11.74;10;6.56;27.19;4;
13023;47.9419;-3.8265;REF;1990;11.94;17;12.27;28.47;6;
13023;47.9419;-3.8265;REF;1991;10.94;5;9.37;21.05;1;
13023;47.9419;-3.8265;REF;1992;10.89;15;10.65;25.17;2;
13023;47.9419;-3.8265;REF;1993;11.23;7;11.5;24.31;3;
13023;47.9419;-3.8265;REF;1994;10.65;4;10.9;19.9;1;
13023;47.9419;-3.8265;REF;1995;11.24;14;9.34;26.64;4;
13023;47.9419;-3.8265;REF;1996;11.65;11;7.8;30.71;6;
13023;47.9419;-3.8265;REF;1997;11.21;5;9.06;22.1;2;
13023;47.9419;-3.8265;REF;1998;11.41;14;9.69;24.84;3;
13023;47.9419;-3.8265;REF;1999;11.97;8;7.65;25.39;3;
13023;47.9419;-3.8265;REF;2000;12.2;13;8.65;28.79;5;
13023;47.9419;-3.8265;REF;2001;10.9;11;10.21;28.03;5;
13023;47.9419;-3.8265;REF;2002;11.34;8;11.85;23.78;3;
13023;47.9419;-3.8265;REF;2003;11.92;16;11.14;27.57;6;
13023;47.9419;-3.8265;REF;2004;12.1;12;10.32;28;5;
13023;47.9419;-3.8265;REF;2005;11.55;10;6.64;27.85;5;
13024;47.9475;-3.7197;REF;1990;11.97;16;12.51;27.2;4;
13024;47.9475;-3.7197;REF;1991;10.98;7;8.65;22.66;1;
13024;47.9475;-3.7197;REF;1992;10.94;14;10.71;26.05;3;
13024;47.9475;-3.7197;REF;1993;11.25;7;11.58;24.25;4;
13024;47.9475;-3.7197;REF;1994;10.7;5;10.44;20.46;1;
13024;47.9475;-3.7197;REF;1995;11.3;15;9.45;27.38;4;
13024;47.9475;-3.7197;REF;1996;11.67;10;7.74;28.77;6;
13024;47.9475;-3.7197;REF;1997;11.21;5;8.31;22.06;2;
13024;47.9475;-3.7197;REF;1998;11.43;11;9.55;27.58;5;
13024;47.9475;-3.7197;REF;1999;12.04;8;6.95;24.19;3;
13024;47.9475;-3.7197;REF;2000;12.24;12;9.62;30.13;5;
13024;47.9475;-3.7197;REF;2001;10.96;12;9.38;28.37;5;
13024;47.9475;-3.7197;REF;2002;11.35;7;11.91;23.37;3;
13024;47.9475;-3.7197;REF;2003;11.96;13;11.1;26.47;3;
13024;47.9475;-3.7197;REF;2004;12.1;9;11.2;26.58;4;
13024;47.9475;-3.7197;REF;2005;11.6;11;6.71;27.89;6;
13025;47.953;-3.613;REF;1990;12.03;16;12.48;27.11;4;
13025;47.953;-3.613;REF;1991;11.03;7;8.62;22.58;1;
13025;47.953;-3.613;REF;1992;10.99;14;10.68;25.89;3;
13025;47.953;-3.613;REF;1993;11.3;7;11.54;24.17;4;
13025;47.953;-3.613;REF;1994;10.75;5;10.41;20.39;1;
13025;47.953;-3.613;REF;1995;11.35;14;9.44;27.29;4;
13025;47.953;-3.613;REF;1996;11.72;10;8.12;28.68;6;
13025;47.953;-3.613;REF;1997;11.26;5;8.29;21.99;2;
13025;47.953;-3.613;REF;1998;11.48;11;9.55;27.5;5;
13025;47.953;-3.613;REF;1999;12.09;8;6.88;24.11;3;
13025;47.953;-3.613;REF;2000;12.3;12;9.58;30.04;5;
13025;47.953;-3.613;REF;2001;11.01;12;9.35;28.27;5;
13025;47.953;-3.613;REF;2002;11.4;7;11.82;23.29;3;
13025;47.953;-3.613;REF;2003;12.02;13;11.06;26.33;3;
13025;47.953;-3.613;REF;2004;12.15;9;11.17;26.5;4;
13025;47.953;-3.613;REF;2005;11.65;11;6.68;27.8;6;
13026;47.9584;-3.5062;REF;1990;11.98;14;12.62;25.98;3;
13026;47.9584;-3.5062;REF;1991;10.99;8;8.63;22.64;1;
13026;47.9584;-3.5062;REF;1992;10.96;11;10.63;28.07;5;
13026;47.9584;-3.5062;REF;1993;11.25;6;10.93;23.76;3;
13026;47.9584;-3.5062;REF;1994;10.73;5;10.21;20.55;1;
13026;47.9584;-3.5062;REF;1995;11.33;14;9.7;28.01;6;
13026;47.9584;-3.5062;REF;1996;11.68;10;8.02;31.37;5;
13026;47.9584;-3.5062;REF;1997;11.22;4;8.9;21.43;3;
13026;47.9584;-3.5062;REF;1998;11.45;10;9.34;25.16;2;
13026;47.9584;-3.5062;REF;1999;12.07;7;6.54;24.04;4;
13026;47.9584;-3.5062;REF;2000;12.25;10;9.79;29.09;5;
13026;47.9584;-3.5062;REF;2001;10.99;13;9.66;28.21;8;
13026;47.9584;-3.5062;REF;2002;11.37;7;11.82;24.13;2;
13026;47.9584;-3.5062;REF;2003;11.99;11;11.25;26.68;3;
13026;47.9584;-3.5062;REF;2004;12.11;10;10.69;27.3;4;
13026;47.9584;-3.5062;REF;2005;11.64;11;6.47;26.4;4;
13027;47.9636;-3.3993;REF;1990;11.9;13;11.89;28.92;5;
13027;47.9636;-3.3993;REF;1991;10.83;9;8.58;26.68;4;
13027;47.9636;-3.3993;REF;1992;10.78;10;10.31;27.35;4;
13027;47.9636;-3.3993;REF;1993;11.12;8;10.32;23.38;2;
13027;47.9636;-3.3993;REF;1994;10.56;5;11.09;20.79;1;
13027;47.9636;-3.3993;REF;1995;11.19;14;8.93;28.33;6;
13027;47.9636;-3.3993;REF;1996;11.59;9;8.26;25.22;3;
13027;47.9636;-3.3993;REF;1997;11.08;5;8.79;21.92;2;
13027;47.9636;-3.3993;REF;1998;11.28;6;8.88;24.62;2;
13027;47.9636;-3.3993;REF;1999;11.99;5;6.07;20.94;2;
13027;47.9636;-3.3993;REF;2000;12.14;10;9.88;27.61;5;
13027;47.9636;-3.3993;REF;2001;10.85;14;10.67;30.24;8;
13027;47.9636;-3.3993;REF;2002;11.23;6;11.06;22.17;3;
13027;47.9636;-3.3993;REF;2003;11.93;8;10.88;25.2;2;
13027;47.9636;-3.3993;REF;2004;12.01;11;10.53;29.38;6;
13027;47.9636;-3.3993;REF;2005;11.54;10;6.17;25.82;3;
13028;47.9688;-3.2925;REF;1990;11.7;14;12.03;29.27;5;
13028;47.9688;-3.2925;REF;1991;10.65;9;8.6;27;4;
13028;47.9688;-3.2925;REF;1992;10.6;11;10.44;27.67;4;
13028;47.9688;-3.2925;REF;1993;10.95;8;10.45;23.64;2;
13028;47.9688;-3.2925;REF;1994;10.38;5;11.25;21.05;1;
13028;47.9688;-3.2925;REF;1995;11.01;14;9.04;28.68;6;
13028;47.9688;-3.2925;REF;1996;11.4;9;8.37;25.5;3;
13028;47.9688;-3.2925;REF;1997;10.91;5;8.9;22.16;2;
13028;47.9688;-3.2925;REF;1998;11.11;6;8.99;24.84;2;
13028;47.9688;-3.2925;REF;1999;11.8;5;6.15;21.16;2;
13028;47.9688;-3.2925;REF;2000;11.95;10;10;27.91;5;
13028;47.9688;-3.2925;REF;2001;10.68;14;10.81;30.61;8;
13028;47.9688;-3.2925;REF;2002;11.07;8;11.26;22.44;3;
13028;47.9688;-3.2925;REF;2003;11.74;8;11.03;25.47;2;
13028;47.9688;-3.2925;REF;2004;11.83;11;10.66;29.66;6;
13028;47.9688;-3.2925;REF;2005;11.36;10;6.25;26.12;3;
13029;47.9739;-3.1856;REF;1990;11.68;12;12.06;26.43;3;
13029;47.9739;-3.1856;REF;1991;10.67;10;8.47;24.11;2;
13029;47.9739;-3.1856;REF;1992;10.59;9;10.26;26.44;2;
13029;47.9739;-3.1856;REF;1993;10.96;8;10.7;23.2;2;
13029;47.9739;-3.1856;REF;1994;10.42;4;11.42;19.98;1;
13029;47.9739;-3.1856;REF;1995;11.03;14;9.13;29.38;7;
13029;47.9739;-3.1856;REF;1996;11.4;9;8.38;27.07;4;
13029;47.9739;-3.1856;REF;1997;10.93;6;8.72;22.29;2;
13029;47.9739;-3.1856;REF;1998;11.1;5;8.55;23.33;3;
13029;47.9739;-3.1856;REF;1999;11.81;7;6.4;26.58;4;
13029;47.9739;-3.1856;REF;2000;11.94;14;8.95;32.45;5;
13029;47.9739;-3.1856;REF;2001;10.71;14;10.11;29.74;8;
13029;47.9739;-3.1856;REF;2002;11.03;7;10.76;22.77;3;
13029;47.9739;-3.1856;REF;2003;11.73;9;10.8;23.54;1;
13029;47.9739;-3.1856;REF;2004;11.82;12;10.79;30.43;6;
13029;47.9739;-3.1856;REF;2005;11.35;10;7.17;24.32;3;
13030;47.9789;-3.0787;REF;1990;12.01;6;8.97;23.04;3;
13030;47.9789;-3.0787;REF;1991;10.95;6;5.96;23.26;3;
13030;47.9789;-3.0787;REF;1992;10.89;6;8.65;21.16;3;
13030;47.9789;-3.0787;REF;1993;11.27;5;8.08;21.59;3;
13030;47.9789;-3.0787;REF;1994;10.74;3;7.78;17.95;1;
13030;47.9789;-3.0787;REF;1995;11.37;8;6.89;23.81;4;
13030;47.9789;-3.0787;REF;1996;11.67;8;6.22;26;5;
13030;47.9789;-3.0787;REF;1997;11.2;4;6.32;19.17;3;
13030;47.9789;-3.0787;REF;1998;11.37;3;7.44;18.94;3;
13030;47.9789;-3.0787;REF;1999;12.09;4;5.26;20.34;3;
13030;47.9789;-3.0787;REF;2000;12.21;10;7.19;30.89;8;
13030;47.9789;-3.0787;REF;2001;10.98;13;9.53;23.65;3;
13030;47.9789;-3.0787;REF;2002;11.31;4;7.96;20.05;3;
13030;47.9789;-3.0787;REF;2003;12.04;5;8.54;20.28;1;
13030;47.9789;-3.0787;REF;2004;12.09;8;8.49;24.22;4;
13030;47.9789;-3.0787;REF;2005;11.68;3;5.12;19.14;1;
13031;47.9839;-2.9718;REF;1990;11.89;7;9.03;23.22;3;
13031;47.9839;-2.9718;REF;1991;10.84;6;6;23.44;3;
13031;47.9839;-2.9718;REF;1992;10.78;6;8.83;21.31;3;
13031;47.9839;-2.9718;REF;1993;11.17;5;8.18;21.75;3;
13031;47.9839;-2.9718;REF;1994;10.63;3;7.84;18.09;1;
13031;47.9839;-2.9718;REF;1995;11.25;8;6.94;24.14;4;
13031;47.9839;-2.9718;REF;1996;11.56;8;6.27;26.17;5;
13031;47.9839;-2.9718;REF;1997;11.09;4;6.37;19.32;3;
13031;47.9839;-2.9718;REF;1998;11.26;4;7.5;19.07;3;
13031;47.9839;-2.9718;REF;1999;11.98;4;5.3;20.49;3;
13031;47.9839;-2.9718;REF;2000;12.1;10;7.24;31.11;8;
13031;47.9839;-2.9718;REF;2001;10.87;13;9.6;23.83;3;
13031;47.9839;-2.9718;REF;2002;11.2;4;8.02;20.19;3;
13031;47.9839;-2.9718;REF;2003;11.93;5;8.6;20.44;1;
13031;47.9839;-2.9718;REF;2004;11.98;8;8.56;24.38;4;
13031;47.9839;-2.9718;REF;2005;11.58;3;5.15;19.29;1;
13032;47.9887;-2.8649;REF;1990;11.96;8;8.3;24.77;5;
13032;47.9887;-2.8649;REF;1991;10.96;6;6.08;24.41;4;
13032;47.9887;-2.8649;REF;1992;10.87;4;7.87;19.73;3;
13032;47.9887;-2.8649;REF;1993;11.26;5;8.63;23;3;
13032;47.9887;-2.8649;REF;1994;10.75;2;8.18;17.74;2;
13032;47.9887;-2.8649;REF;1995;11.34;9;7.28;22.59;3;
13032;47.9887;-2.8649;REF;1996;11.65;8;6.15;25.02;5;
13032;47.9887;-2.8649;REF;1997;11.18;4;6.2;22.6;4;
13032;47.9887;-2.8649;REF;1998;11.36;5;7.86;20.32;2;
13032;47.9887;-2.8649;REF;1999;12.08;2;4.71;14.42;2;
13032;47.9887;-2.8649;REF;2000;12.18;10;7.15;31.35;8;
13032;47.9887;-2.8649;REF;2001;10.97;10;9.81;25.11;5;
13032;47.9887;-2.8649;REF;2002;11.33;5;8.34;21.67;4;
13032;47.9887;-2.8649;REF;2003;12.01;8;8.12;22.63;3;
13032;47.9887;-2.8649;REF;2004;12.08;9;8.51;23.59;3;
13032;47.9887;-2.8649;REF;2005;11.69;3;5.44;19.09;1;
13033;47.9934;-2.758;REF;1990;11.91;8;8.96;26.7;5;
13033;47.9934;-2.758;REF;1991;10.9;6;6.46;25.69;5;
13033;47.9934;-2.758;REF;1992;10.81;3;7.51;18.08;3;
13033;47.9934;-2.758;REF;1993;11.21;5;8.15;22.16;3;
13033;47.9934;-2.758;REF;1994;10.69;3;8.35;18.88;2;
13033;47.9934;-2.758;REF;1995;11.31;6;7.47;21.72;4;
13033;47.9934;-2.758;REF;1996;11.63;6;6.04;24.55;4;
13033;47.9934;-2.758;REF;1997;11.13;3;6.39;18.68;3;
13033;47.9934;-2.758;REF;1998;11.29;4;7.66;21.53;4;
13033;47.9934;-2.758;REF;1999;12.05;2;4.6;15.23;2;
13033;47.9934;-2.758;REF;2000;12.12;10;7.34;30.11;7;
13033;47.9934;-2.758;REF;2001;10.95;11;8.43;25.45;5;
13033;47.9934;-2.758;REF;2002;11.29;4;9.04;20.17;2;
13033;47.9934;-2.758;REF;2003;11.95;5;8.19;20.94;2;
13033;47.9934;-2.758;REF;2004;12.02;10;8.82;29.98;7;
13033;47.9934;-2.758;REF;2005;11.62;4;5.12;20.23;3;
13034;47.998;-2.651;REF;1990;12.03;8;8.08;26.2;5;
13034;47.998;-2.651;REF;1991;11.05;6;6.83;24.06;4;
13034;47.998;-2.651;REF;1992;10.93;5;6.86;21.46;3;
13034;47.998;-2.651;REF;1993;11.32;5;9.22;20.63;2;
13034;47.998;-2.651;REF;1994;10.8;3;8.46;18.98;2;
13034;47.998;-2.651;REF;1995;11.44;6;7.73;24.6;5;
13034;47.998;-2.651;REF;1996;11.73;7;5.77;26.2;4;
13034;47.998;-2.651;REF;1997;11.27;3;6.09;19.31;3;
13034;47.998;-2.651;REF;1998;11.41;4;7.42;19.16;2;
13034;47.998;-2.651;REF;1999;12.17;2;3.97;15.51;2;
13034;47.998;-2.651;REF;2000;12.25;12;6.97;29.78;8;
13034;47.998;-2.651;REF;2001;11.07;11;8.84;25.94;6;
13034;47.998;-2.651;REF;2002;11.44;6;8.86;20.47;1;
13034;47.998;-2.651;REF;2003;12.06;9;8.53;22.21;3;
13034;47.998;-2.651;REF;2004;12.15;9;8.61;28.72;6;
13034;47.998;-2.651;REF;2005;11.75;4;4.53;19.34;2;
13035;48.0025;-2.544;REF;1990;11.9;6;7.65;21.3;3;
13035;48.0025;-2.544;REF;1991;10.93;5;5.81;20.82;2;
13035;48.0025;-2.544;REF;1992;10.83;4;6.19;20.06;4;
13035;48.0025;-2.544;REF;1993;11.22;3;8.27;17.15;2;
13035;48.0025;-2.544;REF;1994;10.67;3;7.43;18.13;3;
13035;48.0025;-2.544;REF;1995;11.33;5;7.08;22.6;4;
13035;48.0025;-2.544;REF;1996;11.62;5;5.41;20.24;3;
13035;48.0025;-2.544;REF;1997;11.14;4;6.06;18.66;2;
13035;48.0025;-2.544;REF;1998;11.29;3;6.77;16.42;2;
13035;48.0025;-2.544;REF;1999;12.04;2;3.83;14.55;2;
13035;48.0025;-2.544;REF;2000;12.12;10;6.94;29.71;9;
13035;48.0025;-2.544;REF;2001;10.96;7;8.06;22.8;5;
13035;48.0025;-2.544;REF;2002;11.31;1;7.97;17.71;1;
13035;48.0025;-2.544;REF;2003;11.97;6;7.04;23.3;5;
13035;48.0025;-2.544;REF;2004;12.08;7;7.56;24.89;7;
13035;48.0025;-2.544;REF;2005;11.62;3;4.58;16.12;3;
13036;48.0069;-2.437;REF;1990;12.05;6;7.58;21.12;3;
13036;48.0069;-2.437;REF;1991;11.07;5;5.75;20.62;2;
13036;48.0069;-2.437;REF;1992;10.97;4;6.13;19.87;4;
13036;48.0069;-2.437;REF;1993;11.35;3;8.2;17;2;
13036;48.0069;-2.437;REF;1994;10.81;3;7.36;17.97;3;
13036;48.0069;-2.437;REF;1995;11.48;5;7.01;22.39;4;
13036;48.0069;-2.437;REF;1996;11.76;4;5.38;20.06;3;
13036;48.0069;-2.437;REF;1997;11.29;3;6;18.49;2;
13036;48.0069;-2.437;REF;1998;11.43;3;6.8;16.26;2;
13036;48.0069;-2.437;REF;1999;12.19;2;3.8;14.41;2;
13036;48.0069;-2.437;REF;2000;12.27;9;6.88;29.44;9;
13036;48.0069;-2.437;REF;2001;11.1;7;7.98;22.65;5;
13036;48.0069;-2.437;REF;2002;11.45;1;7.89;17.58;1;
13036;48.0069;-2.437;REF;2003;12.11;5;6.98;23.08;5;
13036;48.0069;-2.437;REF;2004;12.21;7;7.49;24.73;7;
13036;48.0069;-2.437;REF;2005;11.76;3;4.54;15.98;3;
13037;48.0112;-2.33;REF;1990;11.92;6;7.42;23.03;6;
13037;48.0112;-2.33;REF;1991;10.97;5;5.74;21.78;4;
13037;48.0112;-2.33;REF;1992;10.88;5;6.46;21.13;4;
13037;48.0112;-2.33;REF;1993;11.28;3;7.45;17.56;3;
13037;48.0112;-2.33;REF;1994;10.71;3;6.73;18.89;3;
13037;48.0112;-2.33;REF;1995;11.37;5;7.01;23.25;4;
13037;48.0112;-2.33;REF;1996;11.67;5;4.82;21.23;4;
13037;48.0112;-2.33;REF;1997;11.19;2;6;18.23;2;
13037;48.0112;-2.33;REF;1998;11.32;2;6.65;17.24;1;
13037;48.0112;-2.33;REF;1999;12.03;3;4.12;15.15;2;
13037;48.0112;-2.33;REF;2000;12.13;10;7.53;32.11;9;
13037;48.0112;-2.33;REF;2001;11.05;9;7.94;23.9;7;
13037;48.0112;-2.33;REF;2002;11.37;2;8.31;18.31;0;
13037;48.0112;-2.33;REF;2003;12.02;6;6.71;22.27;4;
13037;48.0112;-2.33;REF;2004;12.15;7;7.74;23.36;6;
13037;48.0112;-2.33;REF;2005;11.66;3;4.52;17.26;2;
13038;48.0154;-2.223;REF;1990;11.18;6;8.52;21.08;3;
13038;48.0154;-2.223;REF;1991;10.28;5;6.91;21.65;5;
13038;48.0154;-2.223;REF;1992;10.15;4;7.27;17.98;4;
13038;48.0154;-2.223;REF;1993;10.65;2;7.47;15.49;1;
13038;48.0154;-2.223;REF;1994;10;5;7.26;22.86;4;
13038;48.0154;-2.223;REF;1995;10.67;6;7.78;27.25;6;
13038;48.0154;-2.223;REF;1996;10.96;4;5.81;19.96;2;
13038;48.0154;-2.223;REF;1997;10.49;2;6.65;17.2;2;
13038;48.0154;-2.223;REF;1998;10.64;4;7.33;20.09;3;
13038;48.0154;-2.223;REF;1999;11.31;4;5.07;17.55;3;
13038;48.0154;-2.223;REF;2000;11.39;10;8.46;29.56;9;
13038;48.0154;-2.223;REF;2001;10.38;8;8.25;25.74;8;
13038;48.0154;-2.223;REF;2002;10.64;3;8.33;18.8;1;
13038;48.0154;-2.223;REF;2003;11.31;4;7.46;19.97;3;
13038;48.0154;-2.223;REF;2004;11.45;6;8.28;22.35;5;
13038;48.0154;-2.223;REF;2005;11.03;3;5.17;17.96;3;
13039;48.0196;-2.1159;REF;1990;11.43;6;8.36;20.77;3;
13039;48.0196;-2.1159;REF;1991;10.53;5;6.83;21.32;5;
13039;48.0196;-2.1159;REF;1992;10.4;4;7.16;17.7;4;
13039;48.0196;-2.1159;REF;1993;10.88;2;7.38;15.25;1;
13039;48.0196;-2.1159;REF;1994;10.24;5;7.15;22.51;4;
13039;48.0196;-2.1159;REF;1995;10.92;6;7.66;26.85;6;
13039;48.0196;-2.1159;REF;1996;11.2;3;5.71;19.65;2;
13039;48.0196;-2.1159;REF;1997;10.74;2;6.54;16.94;2;
13039;48.0196;-2.1159;REF;1998;10.88;4;7.21;19.77;3;
13039;48.0196;-2.1159;REF;1999;11.57;3;4.99;17.28;3;
13039;48.0196;-2.1159;REF;2000;11.63;10;8.29;29.14;9;
13039;48.0196;-2.1159;REF;2001;10.61;8;8.12;25.35;7;
13039;48.0196;-2.1159;REF;2002;10.89;2;8.2;18.56;1;
13039;48.0196;-2.1159;REF;2003;11.56;4;7.29;19.66;3;
13039;48.0196;-2.1159;REF;2004;11.69;5;8.15;21.99;5;
13039;48.0196;-2.1159;REF;2005;11.26;3;5.12;17.69;3;
13040;48.0236;-2.0089;REF;1990;11.72;7;7.84;22.26;7;
13040;48.0236;-2.0089;REF;1991;10.79;5;6.64;20.29;3;
13040;48.0236;-2.0089;REF;1992;10.71;2;6.99;18.06;2;
13040;48.0236;-2.0089;REF;1993;11.13;1;7.1;14.46;1;
13040;48.0236;-2.0089;REF;1994;10.51;5;6.62;22.26;5;
13040;48.0236;-2.0089;REF;1995;11.19;6;7.78;24.12;6;
13040;48.0236;-2.0089;REF;1996;11.47;3;5.44;19.88;3;
13040;48.0236;-2.0089;REF;1997;10.97;3;6.79;17.12;3;
13040;48.0236;-2.0089;REF;1998;11.12;4;6.6;19.86;3;
13040;48.0236;-2.0089;REF;1999;11.83;5;5.24;22.44;5;
13040;48.0236;-2.0089;REF;2000;11.89;6;7.37;23.83;6;
13040;48.0236;-2.0089;REF;2001;10.88;8;8.09;26.46;7;
13040;48.0236;-2.0089;REF;2002;11.16;0;8.54;17.86;0;
13040;48.0236;-2.0089;REF;2003;11.78;2;7.6;18.21;2;
13040;48.0236;-2.0089;REF;2004;11.91;4;7.66;19.78;4;
13040;48.0236;-2.0089;REF;2005;11.5;2;5.03;17.86;1;
13041;48.0275;-1.9018;REF;1990;12.11;5;7.35;22.03;6;
13041;48.0275;-1.9018;REF;1991;11.14;2;5.06;17.23;3;
13041;48.0275;-1.9018;REF;1992;11.1;2;6.76;15.91;2;
13041;48.0275;-1.9018;REF;1993;11.51;1;5.7;11.72;1;
13041;48.0275;-1.9018;REF;1994;10.88;3;6.19;18.32;5;
13041;48.0275;-1.9018;REF;1995;11.57;4;6.52;21.07;6;
13041;48.0275;-1.9018;REF;1996;11.83;2;4.73;15.51;2;
13041;48.0275;-1.9018;REF;1997;11.34;1;6.09;14.4;2;
13041;48.0275;-1.9018;REF;1998;11.49;1;6.44;15.7;1;
13041;48.0275;-1.9018;REF;1999;12.21;3;4.47;16.32;4;
13041;48.0275;-1.9018;REF;2000;12.24;6;7.37;25.22;7;
13041;48.0275;-1.9018;REF;2001;11.26;4;6.9;20;6;
13041;48.0275;-1.9018;REF;2002;11.57;2;7.95;14.88;2;
13041;48.0275;-1.9018;REF;2003;12.12;2;6.66;15.72;2;
13041;48.0275;-1.9018;REF;2004;12.34;2;6.8;17.09;4;
13041;48.0275;-1.9018;REF;2005;11.85;1;4.64;16.34;2;
13042;48.0314;-1.7947;REF;1990;12.42;5;7.23;21.7;6;
13042;48.0314;-1.7947;REF;1991;11.43;1;4.96;16.92;3;
13042;48.0314;-1.7947;REF;1992;11.4;2;6.67;15.49;2;
13042;48.0314;-1.7947;REF;1993;11.79;1;5.59;11.55;1;
13042;48.0314;-1.7947;REF;1994;11.18;3;6.08;18.01;5;
13042;48.0314;-1.7947;REF;1995;11.87;4;6.4;20.73;6;
13042;48.0314;-1.7947;REF;1996;12.13;2;4.78;15.25;2;
13042;48.0314;-1.7947;REF;1997;11.63;1;6.04;14.13;2;
13042;48.0314;-1.7947;REF;1998;11.78;1;6.28;15.42;1;
13042;48.0314;-1.7947;REF;1999;12.53;3;4.42;16.07;4;
13042;48.0314;-1.7947;REF;2000;12.54;6;7.24;24.82;7;
13042;48.0314;-1.7947;REF;2001;11.54;4;6.87;19.65;6;
13042;48.0314;-1.7947;REF;2002;11.85;2;7.81;14.67;2;
13042;48.0314;-1.7947;REF;2003;12.43;2;6.68;15.44;2;
13042;48.0314;-1.7947;REF;2004;12.62;2;6.68;16.81;4;
13042;48.0314;-1.7947;REF;2005;12.14;1;4.56;15.95;2;
13043;48.0351;-1.6876;REF;1990;12.44;3;6.79;18.9;6;
13043;48.0351;-1.6876;REF;1991;11.47;0;5.35;17.08;4;
13043;48.0351;-1.6876;REF;1992;11.43;2;6.67;16.37;4;
13043;48.0351;-1.6876;REF;1993;11.83;1;5.41;11.99;1;
13043;48.0351;-1.6876;REF;1994;11.23;3;5.71;16.64;4;
13043;48.0351;-1.6876;REF;1995;11.9;5;6.71;21.88;6;
13043;48.0351;-1.6876;REF;1996;12.19;2;4.92;14.76;2;
13043;48.0351;-1.6876;REF;1997;11.66;1;6.19;14.52;1;
13043;48.0351;-1.6876;REF;1998;11.8;0;6.69;14.73;2;
13043;48.0351;-1.6876;REF;1999;12.6;3;4.66;17.39;4;
13043;48.0351;-1.6876;REF;2000;12.54;5;7.39;22.34;7;
13043;48.0351;-1.6876;REF;2001;11.59;3;6.96;17.63;4;
13043;48.0351;-1.6876;REF;2002;11.9;2;7.77;14.97;2;
13043;48.0351;-1.6876;REF;2003;12.49;2;6.57;15.54;3;
13043;48.0351;-1.6876;REF;2004;12.66;2;6.61;16.33;4;
13043;48.0351;-1.6876;REF;2005;12.17;1;4.43;13.93;1;
13044;48.0387;-1.5804;REF;1990;12.32;3;6.86;19.04;6;
13044;48.0387;-1.5804;REF;1991;11.36;0;5.38;17.2;4;
13044;48.0387;-1.5804;REF;1992;11.32;2;6.72;16.5;4;
13044;48.0387;-1.5804;REF;1993;11.71;1;5.44;12.08;1;
13044;48.0387;-1.5804;REF;1994;11.11;3;5.75;16.76;4;
13044;48.0387;-1.5804;REF;1995;11.79;5;6.75;22.04;6;
13044;48.0387;-1.5804;REF;1996;12.07;2;5.04;14.86;2;
13044;48.0387;-1.5804;REF;1997;11.55;1;6.18;14.63;1;
13044;48.0387;-1.5804;REF;1998;11.69;0;6.74;14.83;2;
13044;48.0387;-1.5804;REF;1999;12.47;3;4.7;17.51;4;
13044;48.0387;-1.5804;REF;2000;12.42;5;7.43;22.47;7;
13044;48.0387;-1.5804;REF;2001;11.48;3;6.96;17.76;4;
13044;48.0387;-1.5804;REF;2002;11.79;2;7.83;15.03;2;
13044;48.0387;-1.5804;REF;2003;12.37;2;6.51;15.66;3;
13044;48.0387;-1.5804;REF;2004;12.55;2;6.66;16.45;4;
13044;48.0387;-1.5804;REF;2005;12.06;1;4.47;14.04;1;
13045;48.0423;-1.4733;REF;1990;12.19;2;6.84;17.48;4;
13045;48.0423;-1.4733;REF;1991;11.27;2;5.57;17.12;2;
13045;48.0423;-1.4733;REF;1992;11.25;2;6.7;17.08;3;
13045;48.0423;-1.4733;REF;1993;11.65;1;5.71;12.92;1;
13045;48.0423;-1.4733;REF;1994;11.03;3;5.88;16.11;3;
13045;48.0423;-1.4733;REF;1995;11.73;5;6.54;20.7;6;
13045;48.0423;-1.4733;REF;1996;12;2;4.89;16.85;2;
13045;48.0423;-1.4733;REF;1997;11.5;3;6.22;18.33;5;
13045;48.0423;-1.4733;REF;1998;11.59;1;6.76;16.02;2;
13045;48.0423;-1.4733;REF;1999;12.4;3;4.23;17.78;4;
13045;48.0423;-1.4733;REF;2000;12.39;4;7.77;18.84;6;
13045;48.0423;-1.4733;REF;2001;11.42;3;6.78;17.25;4;
13045;48.0423;-1.4733;REF;2002;11.73;2;7.41;16.33;2;
13045;48.0423;-1.4733;REF;2003;12.28;1;6.67;16.36;3;
13045;48.0423;-1.4733;REF;2004;12.52;2;6.39;17.23;4;
13045;48.0423;-1.4733;REF;2005;11.97;1;4.63;13.54;1;
13046;48.0457;-1.3661;REF;1990;12.03;1;6.57;16.51;3;
13046;48.0457;-1.3661;REF;1991;11.13;2;5.79;16.96;2;
13046;48.0457;-1.3661;REF;1992;11.14;3;6.89;18.07;4;
13046;48.0457;-1.3661;REF;1993;11.5;2;5.78;14.01;2;
13046;48.0457;-1.3661;REF;1994;10.89;3;6.5;16.92;3;
13046;48.0457;-1.3661;REF;1995;11.61;6;6.31;20.98;7;
13046;48.0457;-1.3661;REF;1996;11.86;3;5.01;17.34;3;
13046;48.0457;-1.3661;REF;1997;11.39;5;6;22.16;5;
13046;48.0457;-1.3661;REF;1998;11.39;2;7.29;14.87;3;
13046;48.0457;-1.3661;REF;1999;12.3;3;4.15;17.9;4;
13046;48.0457;-1.3661;REF;2000;12.26;3;7.36;19.44;5;
13046;48.0457;-1.3661;REF;2001;11.3;4;6.53;18.14;4;
13046;48.0457;-1.3661;REF;2002;11.61;3;7.27;17.41;3;
13046;48.0457;-1.3661;REF;2003;12.12;1;7.58;17.11;4;
13046;48.0457;-1.3661;REF;2004;12.4;2;6.47;18.3;4;
13046;48.0457;-1.3661;REF;2005;11.83;1;4.85;12.68;1;
13047;48.049;-1.259;REF;1990;11.95;3;7.11;18.3;3;
13047;48.049;-1.259;REF;1991;11;3;6.45;18.67;3;
13047;48.049;-1.259;REF;1992;11.01;3;7.22;19.01;3;
13047;48.049;-1.259;REF;1993;11.39;2;6.24;14.97;2;
13047;48.049;-1.259;REF;1994;10.72;4;6.81;19.2;4;
13047;48.049;-1.259;REF;1995;11.51;6;6.32;22.49;6;
13047;48.049;-1.259;REF;1996;11.78;4;5.43;19.59;4;
13047;48.049;-1.259;REF;1997;11.26;5;6.09;26.11;5;
13047;48.049;-1.259;REF;1998;11.25;3;7.29;15.78;3;
13047;48.049;-1.259;REF;1999;12.2;5;4.61;21.09;5;
13047;48.049;-1.259;REF;2000;12.17;5;7.29;22.35;5;
13047;48.049;-1.259;REF;2001;11.17;4;6.8;19.82;4;
13047;48.049;-1.259;REF;2002;11.51;3;7.47;17.83;3;
13047;48.049;-1.259;REF;2003;12.02;4;7.47;19.65;4;
13047;48.049;-1.259;REF;2004;12.33;5;6.49;20.98;5;
13047;48.049;-1.259;REF;2005;11.69;1;4.82;14.82;1;
13048;48.0523;-1.1518;REF;1990;11.77;4;8.1;19.14;4;
13048;48.0523;-1.1518;REF;1991;10.79;3;6.73;19.08;3;
13048;48.0523;-1.1518;REF;1992;10.83;6;8.47;22.36;6;
13048;48.0523;-1.1518;REF;1993;11.16;2;6.95;15.24;2;
13048;48.0523;-1.1518;REF;1994;10.65;5;7.96;20.21;5;
13048;48.0523;-1.1518;REF;1995;11.39;7;7.57;24.5;7;
13048;48.0523;-1.1518;REF;1996;11.64;3;6.2;17.31;3;
13048;48.0523;-1.1518;REF;1997;11.15;6;7.37;25.67;6;
13048;48.0523;-1.1518;REF;1998;11.07;5;8.37;22.14;5;
13048;48.0523;-1.1518;REF;1999;12.02;4;5.71;19.72;4;
13048;48.0523;-1.1518;REF;2000;11.99;5;7.74;23.11;6;
13048;48.0523;-1.1518;REF;2001;11.03;3;7.58;18.05;3;
13048;48.0523;-1.1518;REF;2002;11.33;3;8.44;17.43;3;
13048;48.0523;-1.1518;REF;2003;11.77;2;8.67;18.7;2;
13048;48.0523;-1.1518;REF;2004;12.13;4;7.01;20.2;4;
13048;48.0523;-1.1518;REF;2005;11.48;0;5.87;15.39;0;
13049;48.0554;-1.0446;REF;1990;11.52;4;7.4;19.89;2;
13049;48.0554;-1.0446;REF;1991;10.46;4;6.22;19.92;2;
13049;48.0554;-1.0446;REF;1992;10.56;6;7.48;21.78;6;
13049;48.0554;-1.0446;REF;1993;10.88;2;6.89;18.22;2;
13049;48.0554;-1.0446;REF;1994;10.35;4;7.44;18.55;3;
13049;48.0554;-1.0446;REF;1995;11.11;8;7.88;22.63;8;
13049;48.0554;-1.0446;REF;1996;11.4;3;6.13;16.68;2;
13049;48.0554;-1.0446;REF;1997;10.91;7;6.26;28.39;7;
13049;48.0554;-1.0446;REF;1998;10.81;7;8.27;25.61;7;
13049;48.0554;-1.0446;REF;1999;11.77;4;5.31;20.07;2;
13049;48.0554;-1.0446;REF;2000;11.75;4;7.12;20.43;4;
13049;48.0554;-1.0446;REF;2001;10.74;4;6.86;20.88;4;
13049;48.0554;-1.0446;REF;2002;11.09;2;7.64;18.86;2;
13049;48.0554;-1.0446;REF;2003;11.52;5;8.9;21.06;4;
13049;48.0554;-1.0446;REF;2004;11.91;5;6.9;22.48;5;
13049;48.0554;-1.0446;REF;2005;11.25;0;5.65;15.53;0;
13161;47.9842;-4.369;REF;1990;12.26;15;11.83;30.26;8;
13161;47.9842;-4.369;REF;1991;11.28;4;9.06;19.32;0;
13161;47.9842;-4.369;REF;1992;11.18;12;11.43;26.81;5;
13161;47.9842;-4.369;REF;1993;11.61;7;10.89;24.17;3;
13161;47.9842;-4.369;REF;1994;10.96;5;9.82;22.04;1;
13161;47.9842;-4.369;REF;1995;11.54;7;9.05;22.94;3;
13161;47.9842;-4.369;REF;1996;11.92;9;7.89;29.44;6;
13161;47.9842;-4.369;REF;1997;11.47;5;9.39;23.27;2;
13161;47.9842;-4.369;REF;1998;11.86;8;8.91;21.26;0;
13161;47.9842;-4.369;REF;1999;12.25;8;7.29;26.98;4;
13161;47.9842;-4.369;REF;2000;12.55;13;8.86;29.73;6;
13161;47.9842;-4.369;REF;2001;11.21;10;10.66;28.36;5;
13161;47.9842;-4.369;REF;2002;11.71;8;10.9;21.58;1;
13161;47.9842;-4.369;REF;2003;12.28;16;10.76;28.24;6;
13161;47.9842;-4.369;REF;2004;12.43;13;10.56;28.62;6;
13161;47.9842;-4.369;REF;2005;11.87;9;7.19;25.65;4;
13162;47.9903;-4.2623;REF;1990;11.99;16;11.61;29.73;7;
13162;47.9903;-4.2623;REF;1991;10.99;3;9.32;18.37;1;
13162;47.9903;-4.2623;REF;1992;10.96;14;11.37;26.39;4;
13162;47.9903;-4.2623;REF;1993;11.3;7;11.19;23.4;2;
13162;47.9903;-4.2623;REF;1994;10.68;6;10.66;21.11;2;
13162;47.9903;-4.2623;REF;1995;11.28;6;9.4;23.15;3;
13162;47.9903;-4.2623;REF;1996;11.64;11;8.53;30.46;6;
13162;47.9903;-4.2623;REF;1997;11.22;6;8.98;21.7;2;
13162;47.9903;-4.2623;REF;1998;11.53;13;9.02;23.72;0;
13162;47.9903;-4.2623;REF;1999;12.01;7;8.25;24.63;4;
13162;47.9903;-4.2623;REF;2000;12.27;14;9.53;28.77;8;
13162;47.9903;-4.2623;REF;2001;10.93;11;9.92;28.5;6;
13162;47.9903;-4.2623;REF;2002;11.41;4;11.48;20.32;0;
13162;47.9903;-4.2623;REF;2003;11.97;16;10.83;28.41;5;
13162;47.9903;-4.2623;REF;2004;12.14;12;10.33;29.1;5;
13162;47.9903;-4.2623;REF;2005;11.6;10;7.01;25.67;4;
13163;47.9962;-4.1555;REF;1990;12.2;15;11.57;29.18;7;
13163;47.9962;-4.1555;REF;1991;11.19;3;9.19;18.1;0;
13163;47.9962;-4.1555;REF;1992;11.17;13;11.22;25.92;4;
13163;47.9962;-4.1555;REF;1993;11.5;7;10.65;23.31;2;
13163;47.9962;-4.1555;REF;1994;10.88;5;10.52;21.01;2;
13163;47.9962;-4.1555;REF;1995;11.48;6;9.27;22.74;3;
13163;47.9962;-4.1555;REF;1996;11.85;11;8.42;30.15;6;
13163;47.9962;-4.1555;REF;1997;11.42;7;8.87;23.54;2;
13163;47.9962;-4.1555;REF;1998;11.74;13;8.87;23.43;0;
13163;47.9962;-4.1555;REF;1999;12.23;7;8.15;24.34;4;
13163;47.9962;-4.1555;REF;2000;12.48;14;9.4;28.4;8;
13163;47.9962;-4.1555;REF;2001;11.13;11;9.79;28.13;6;
13163;47.9962;-4.1555;REF;2002;11.62;4;11.32;20.04;0;
13163;47.9962;-4.1555;REF;2003;12.19;16;10.69;27.87;5;
13163;47.9962;-4.1555;REF;2004;12.36;11;10.09;28.71;6;
13163;47.9962;-4.1555;REF;2005;11.82;9;6.92;25.34;4;
13164;48.0021;-4.0486;REF;1990;12.3;15;11.99;28.49;7;
13164;48.0021;-4.0486;REF;1991;11.26;3;8.93;19.17;1;
13164;48.0021;-4.0486;REF;1992;11.24;15;11.45;24.93;1;
13164;48.0021;-4.0486;REF;1993;11.56;8;10.7;24.76;3;
13164;48.0021;-4.0486;REF;1994;10.95;6;10.78;20.93;1;
13164;48.0021;-4.0486;REF;1995;11.57;7;9.14;25.57;4;
13164;48.0021;-4.0486;REF;1996;11.95;11;7.89;30.87;6;
13164;48.0021;-4.0486;REF;1997;11.5;5;8.69;21.86;2;
13164;48.0021;-4.0486;REF;1998;11.76;12;8.92;25.53;3;
13164;48.0021;-4.0486;REF;1999;12.33;8;7.77;25.26;3;
13164;48.0021;-4.0486;REF;2000;12.55;14;9.01;28.51;9;
13164;48.0021;-4.0486;REF;2001;11.24;10;9.83;28.24;5;
13164;48.0021;-4.0486;REF;2002;11.66;6;11.37;21.29;0;
13164;48.0021;-4.0486;REF;2003;12.28;14;10.88;27.51;6;
13164;48.0021;-4.0486;REF;2004;12.43;12;9.97;28.51;6;
13164;48.0021;-4.0486;REF;2005;11.92;9;6.5;25.85;3;
13165;48.0079;-3.9418;REF;1990;11.94;18;12.54;28.66;5;
13165;48.0079;-3.9418;REF;1991;10.96;5;9.01;20.56;1;
13165;48.0079;-3.9418;REF;1992;10.93;13;10.08;25.09;2;
13165;48.0079;-3.9418;REF;1993;11.25;7;9.73;26.64;4;
13165;48.0079;-3.9418;REF;1994;10.69;7;11;20.63;1;
13165;48.0079;-3.9418;REF;1995;11.25;10;9.6;27.21;4;
13165;48.0079;-3.9418;REF;1996;11.62;10;8.71;29.95;7;
13165;48.0079;-3.9418;REF;1997;11.22;5;9.1;20.59;1;
13165;48.0079;-3.9418;REF;1998;11.47;11;9.14;26.02;4;
13165;48.0079;-3.9418;REF;1999;12.02;7;7.48;24.12;2;
13165;48.0079;-3.9418;REF;2000;12.21;13;8.51;27.33;4;
13165;48.0079;-3.9418;REF;2001;10.96;10;10.46;28.9;5;
13165;48.0079;-3.9418;REF;2002;11.32;10;11.69;22.81;1;
13165;48.0079;-3.9418;REF;2003;11.95;14;11.37;27.22;4;
13165;48.0079;-3.9418;REF;2004;12.12;12;11.21;29.35;6;
13165;48.0079;-3.9418;REF;2005;11.58;11;6.51;30.02;6;
13166;48.0136;-3.8349;REF;1990;11.64;19;12.77;29.19;5;
13166;48.0136;-3.8349;REF;1991;10.67;5;9.22;21.04;1;
13166;48.0136;-3.8349;REF;1992;10.64;14;10.27;25.6;3;
13166;48.0136;-3.8349;REF;1993;10.97;7;9.9;27.13;4;
13166;48.0136;-3.8349;REF;1994;10.41;8;11.21;21;1;
13166;48.0136;-3.8349;REF;1995;10.96;10;9.78;27.28;3;
13166;48.0136;-3.8349;REF;1996;11.33;10;8.91;30.4;7;
13166;48.0136;-3.8349;REF;1997;10.94;5;9.33;20.96;1;
13166;48.0136;-3.8349;REF;1998;11.18;12;9.31;26.38;4;
13166;48.0136;-3.8349;REF;1999;11.72;7;7.6;24.55;2;
13166;48.0136;-3.8349;REF;2000;11.92;13;8.66;27.84;4;
13166;48.0136;-3.8349;REF;2001;10.68;10;10.66;29.44;5;
13166;48.0136;-3.8349;REF;2002;11.03;10;12.25;23.24;1;
13166;48.0136;-3.8349;REF;2003;11.65;14;11.71;27.77;4;
13166;48.0136;-3.8349;REF;2004;11.82;12;11.42;29.79;6;
13166;48.0136;-3.8349;REF;2005;11.29;12;6.59;30.59;7;
13167;48.0192;-3.728;REF;1990;11.37;18;12.91;31.3;6;
13167;48.0192;-3.728;REF;1991;10.43;7;9.88;24.06;1;
13167;48.0192;-3.728;REF;1992;10.38;16;11.72;28.73;5;
13167;48.0192;-3.728;REF;1993;10.69;10;10.9;28.48;4;
13167;48.0192;-3.728;REF;1994;10.15;9;11.29;23.14;1;
13167;48.0192;-3.728;REF;1995;10.72;12;9.73;30.14;5;
13167;48.0192;-3.728;REF;1996;11.06;9;9.29;30.86;5;
13167;48.0192;-3.728;REF;1997;10.67;5;10.17;22.49;1;
13167;48.0192;-3.728;REF;1998;10.88;11;10.13;27.36;3;
13167;48.0192;-3.728;REF;1999;11.52;12;7.69;23.91;2;
13167;48.0192;-3.728;REF;2000;11.71;13;9.61;29.85;5;
13167;48.0192;-3.728;REF;2001;10.43;15;11.75;31.86;6;
13167;48.0192;-3.728;REF;2002;10.79;12;12.54;24.94;3;
13167;48.0192;-3.728;REF;2003;11.41;15;12.97;27.78;3;
13167;48.0192;-3.728;REF;2004;11.56;13;12.49;34.18;6;
13167;48.0192;-3.728;REF;2005;11.06;9;7.74;30.45;7;
13168;48.0247;-3.6211;REF;1990;11.45;16;12.01;29.29;5;
13168;48.0247;-3.6211;REF;1991;10.44;7;9.38;26.96;3;
13168;48.0247;-3.6211;REF;1992;10.41;11;10.5;26.84;4;
13168;48.0247;-3.6211;REF;1993;10.72;7;9.74;26.85;4;
13168;48.0247;-3.6211;REF;1994;10.16;7;10.33;22.13;1;
13168;48.0247;-3.6211;REF;1995;10.76;11;9.34;27.73;5;
13168;48.0247;-3.6211;REF;1996;11.14;7;9.17;32.35;5;
13168;48.0247;-3.6211;REF;1997;10.7;4;9.24;20.46;1;
13168;48.0247;-3.6211;REF;1998;10.89;9;9.14;26.92;4;
13168;48.0247;-3.6211;REF;1999;11.61;9;7.12;23.9;3;
13168;48.0247;-3.6211;REF;2000;11.77;11;8.59;28.09;4;
13168;48.0247;-3.6211;REF;2001;10.44;13;10.43;30.41;5;
13168;48.0247;-3.6211;REF;2002;10.83;9;11.05;22.45;3;
13168;48.0247;-3.6211;REF;2003;11.49;9;11.26;26.52;2;
13168;48.0247;-3.6211;REF;2004;11.6;12;11.51;33.08;6;
13168;48.0247;-3.6211;REF;2005;11.11;8;7.16;29.44;6;
13169;48.0301;-3.5141;REF;1990;11.77;15;11.89;29.67;7;
13169;48.0301;-3.5141;REF;1991;10.75;8;8.61;25.87;4;
13169;48.0301;-3.5141;REF;1992;10.72;10;10.46;25.83;3;
13169;48.0301;-3.5141;REF;1993;11.03;8;10.86;24.11;4;
13169;48.0301;-3.5141;REF;1994;10.5;7;10.04;22.13;1;
13169;48.0301;-3.5141;REF;1995;11.1;12;8.9;27.49;4;
13169;48.0301;-3.5141;REF;1996;11.47;8;8.52;29.73;5;
13169;48.0301;-3.5141;REF;1997;11;5;8.78;22.4;2;
13169;48.0301;-3.5141;REF;1998;11.2;9;8.71;26.76;4;
13169;48.0301;-3.5141;REF;1999;11.92;8;6.59;23.72;2;
13169;48.0301;-3.5141;REF;2000;12.09;12;9.31;27.46;4;
13169;48.0301;-3.5141;REF;2001;10.79;14;10.09;29.05;7;
13169;48.0301;-3.5141;REF;2002;11.12;7;11.11;22.26;2;
13169;48.0301;-3.5141;REF;2003;11.82;8;10.99;25.73;2;
13169;48.0301;-3.5141;REF;2004;11.92;11;11.06;32.66;6;
13169;48.0301;-3.5141;REF;2005;11.44;8;7.34;27.16;4;
13170;48.0354;-3.4072;REF;1990;11.6;16;12.51;29.47;6;
13170;48.0354;-3.4072;REF;1991;10.64;8;9.04;25.09;4;
13170;48.0354;-3.4072;REF;1992;10.57;10;11.03;27.76;5;
13170;48.0354;-3.4072;REF;1993;10.93;6;10.22;24.15;4;
13170;48.0354;-3.4072;REF;1994;10.4;6;10.18;21.39;1;
13170;48.0354;-3.4072;REF;1995;10.97;12;8.97;28.26;5;
13170;48.0354;-3.4072;REF;1996;11.33;7;9.06;25.97;3;
13170;48.0354;-3.4072;REF;1997;10.92;6;9.09;25.17;3;
13170;48.0354;-3.4072;REF;1998;11.08;6;9.32;24.5;3;
13170;48.0354;-3.4072;REF;1999;11.8;6;6.62;21.06;2;
13170;48.0354;-3.4072;REF;2000;11.93;12;10.18;29.71;5;
13170;48.0354;-3.4072;REF;2001;10.71;14;11.01;29.6;7;
13170;48.0354;-3.4072;REF;2002;11;8;10.64;22.16;2;
13170;48.0354;-3.4072;REF;2003;11.69;7;11.19;26.25;4;
13170;48.0354;-3.4072;REF;2004;11.82;12;11.03;33.32;6;
13170;48.0354;-3.4072;REF;2005;11.34;9;7.46;27.24;5;
13171;48.0406;-3.3002;REF;1990;11.62;15;12.09;29.41;5;
13171;48.0406;-3.3002;REF;1991;10.58;9;8.66;27.14;4;
13171;48.0406;-3.3002;REF;1992;10.52;11;10.49;27.82;4;
13171;48.0406;-3.3002;REF;1993;10.88;8;10.51;23.76;2;
13171;48.0406;-3.3002;REF;1994;10.31;5;11.31;21.16;1;
13171;48.0406;-3.3002;REF;1995;10.93;14;9.09;28.83;6;
13171;48.0406;-3.3002;REF;1996;11.33;9;8.41;25.62;3;
13171;48.0406;-3.3002;REF;1997;10.83;5;8.95;22.27;2;
13171;48.0406;-3.3002;REF;1998;11.03;6;9.04;24.93;2;
13171;48.0406;-3.3002;REF;1999;11.72;5;6.17;21.26;2;
13171;48.0406;-3.3002;REF;2000;11.87;11;10.05;28.03;5;
13171;48.0406;-3.3002;REF;2001;10.61;14;10.86;30.77;8;
13171;48.0406;-3.3002;REF;2002;11;8;11.3;22.56;3;
13171;48.0406;-3.3002;REF;2003;11.66;8;11.09;25.59;2;
13171;48.0406;-3.3002;REF;2004;11.75;11;10.72;29.83;6;
13171;48.0406;-3.3002;REF;2005;11.28;10;6.28;26.25;3;
13172;48.0457;-3.1932;REF;1990;11.62;12;12.1;26.55;3;
13172;48.0457;-3.1932;REF;1991;10.6;10;8.51;24.22;2;
13172;48.0457;-3.1932;REF;1992;10.52;10;10.31;26.56;2;
13172;48.0457;-3.1932;REF;1993;10.89;8;10.76;23.31;2;
13172;48.0457;-3.1932;REF;1994;10.35;4;11.47;20.08;1;
13172;48.0457;-3.1932;REF;1995;10.96;14;9.17;29.52;7;
13172;48.0457;-3.1932;REF;1996;11.33;9;8.42;27.19;4;
13172;48.0457;-3.1932;REF;1997;10.86;6;8.76;22.39;2;
13172;48.0457;-3.1932;REF;1998;11.03;5;8.59;23.39;3;
13172;48.0457;-3.1932;REF;1999;11.74;7;6.43;26.69;4;
13172;48.0457;-3.1932;REF;2000;11.87;14;8.98;32.6;5;
13172;48.0457;-3.1932;REF;2001;10.64;14;10.16;29.88;8;
13172;48.0457;-3.1932;REF;2002;10.97;7;10.81;22.88;3;
13172;48.0457;-3.1932;REF;2003;11.66;9;10.85;23.65;1;
13172;48.0457;-3.1932;REF;2004;11.75;12;10.8;30.55;6;
13172;48.0457;-3.1932;REF;2005;11.28;10;7.2;24.43;3;
13173;48.0507;-3.0861;REF;1990;11.49;7;9.26;23.81;3;
13173;48.0507;-3.0861;REF;1991;10.47;6;6.19;24.03;3;
13173;48.0507;-3.0861;REF;1992;10.41;6;9.06;21.84;3;
13173;48.0507;-3.0861;REF;1993;10.81;5;8.5;22.3;3;
13173;48.0507;-3.0861;REF;1994;10.26;3;8.04;18.54;1;
13173;48.0507;-3.0861;REF;1995;10.88;8;7.12;24.74;4;
13173;48.0507;-3.0861;REF;1996;11.18;8;6.42;26.74;5;
13173;48.0507;-3.0861;REF;1997;10.72;4;6.54;19.8;3;
13173;48.0507;-3.0861;REF;1998;10.89;4;7.67;19.51;3;
13173;48.0507;-3.0861;REF;1999;11.6;5;5.42;21;3;
13173;48.0507;-3.0861;REF;2000;11.72;10;7.42;31.79;7;
13173;48.0507;-3.0861;REF;2001;10.52;13;9.84;24.46;3;
13173;48.0507;-3.0861;REF;2002;10.83;5;8.22;20.92;3;
13173;48.0507;-3.0861;REF;2003;11.54;6;8.82;20.96;2;
13173;48.0507;-3.0861;REF;2004;11.61;8;8.78;24.94;4;
13173;48.0507;-3.0861;REF;2005;11.2;4;5.3;19.78;1;
13174;48.0556;-2.9791;REF;1990;11.89;7;9.04;23.25;3;
13174;48.0556;-2.9791;REF;1991;10.84;6;6.04;23.45;3;
13174;48.0556;-2.9791;REF;1992;10.77;6;8.83;21.32;3;
13174;48.0556;-2.9791;REF;1993;11.16;5;8.18;21.76;3;
13174;48.0556;-2.9791;REF;1994;10.62;3;7.84;18.1;1;
13174;48.0556;-2.9791;REF;1995;11.25;8;6.95;24.15;4;
13174;48.0556;-2.9791;REF;1996;11.55;8;6.27;26.18;5;
13174;48.0556;-2.9791;REF;1997;11.09;4;6.38;19.32;3;
13174;48.0556;-2.9791;REF;1998;11.25;4;7.5;19.07;3;
13174;48.0556;-2.9791;REF;1999;11.97;4;5.3;20.5;3;
13174;48.0556;-2.9791;REF;2000;12.09;10;7.24;31.12;8;
13174;48.0556;-2.9791;REF;2001;10.87;13;9.6;23.84;3;
13174;48.0556;-2.9791;REF;2002;11.2;4;8.02;20.2;3;
13174;48.0556;-2.9791;REF;2003;11.92;5;8.6;20.45;1;
13174;48.0556;-2.9791;REF;2004;11.97;8;8.56;24.4;4;
13174;48.0556;-2.9791;REF;2005;11.57;3;5.16;19.29;1;
13175;48.0604;-2.872;REF;1990;11.8;8;8.48;25.02;5;
13175;48.0604;-2.872;REF;1991;10.81;6;6.13;24.66;4;
13175;48.0604;-2.872;REF;1992;10.73;4;7.95;19.91;3;
13175;48.0604;-2.872;REF;1993;11.13;6;8.72;23.24;3;
13175;48.0604;-2.872;REF;1994;10.61;2;8.26;17.91;2;
13175;48.0604;-2.872;REF;1995;11.19;9;7.34;23.16;3;
13175;48.0604;-2.872;REF;1996;11.5;8;6.21;25.21;5;
13175;48.0604;-2.872;REF;1997;11.03;4;6.26;22.82;4;
13175;48.0604;-2.872;REF;1998;11.22;5;7.92;20.52;2;
13175;48.0604;-2.872;REF;1999;11.94;2;4.76;14.56;2;
13175;48.0604;-2.872;REF;2000;12.03;11;7.23;31.55;8;
13175;48.0604;-2.872;REF;2001;10.83;10;9.86;25.28;5;
13175;48.0604;-2.872;REF;2002;11.18;5;8.42;21.89;4;
13175;48.0604;-2.872;REF;2003;11.86;8;8.2;22.85;3;
13175;48.0604;-2.872;REF;2004;11.94;9;8.6;23.83;3;
13175;48.0604;-2.872;REF;2005;11.55;3;5.49;19.28;1;
13176;48.0652;-2.7649;REF;1990;11.84;8;8.11;25.13;4;
13176;48.0652;-2.7649;REF;1991;10.87;5;6.42;24.35;3;
13176;48.0652;-2.7649;REF;1992;10.8;4;7.36;18.54;3;
13176;48.0652;-2.7649;REF;1993;11.18;5;8.81;23.7;3;
13176;48.0652;-2.7649;REF;1994;10.67;2;8.18;17.58;2;
13176;48.0652;-2.7649;REF;1995;11.23;6;7.46;23.33;4;
13176;48.0652;-2.7649;REF;1996;11.53;7;6.43;28.11;5;
13176;48.0652;-2.7649;REF;1997;11.09;3;6.16;18.84;3;
13176;48.0652;-2.7649;REF;1998;11.26;4;7.42;20.17;3;
13176;48.0652;-2.7649;REF;1999;11.98;2;4.01;15.44;2;
13176;48.0652;-2.7649;REF;2000;12.1;14;7.88;30.85;7;
13176;48.0652;-2.7649;REF;2001;10.89;12;9.42;24.39;4;
13176;48.0652;-2.7649;REF;2002;11.26;5;8.34;20.14;3;
13176;48.0652;-2.7649;REF;2003;11.93;7;8.03;25.28;5;
13176;48.0652;-2.7649;REF;2004;12;9;8.18;26.04;4;
13176;48.0652;-2.7649;REF;2005;11.62;3;4.61;17.87;1;
13177;48.0698;-2.6578;REF;1990;11.92;8;8.07;24.98;4;
13177;48.0698;-2.6578;REF;1991;10.95;5;6.37;24.22;3;
13177;48.0698;-2.6578;REF;1992;10.87;4;7.32;18.42;3;
13177;48.0698;-2.6578;REF;1993;11.25;5;8.7;23.57;3;
13177;48.0698;-2.6578;REF;1994;10.74;2;8.1;17.48;2;
13177;48.0698;-2.6578;REF;1995;11.31;6;7.43;23.17;4;
13177;48.0698;-2.6578;REF;1996;11.61;7;6.36;27.91;5;
13177;48.0698;-2.6578;REF;1997;11.17;3;6.13;18.73;3;
13177;48.0698;-2.6578;REF;1998;11.33;4;7.38;20.06;3;
13177;48.0698;-2.6578;REF;1999;12.05;2;3.98;15.38;2;
13177;48.0698;-2.6578;REF;2000;12.18;14;7.84;30.67;7;
13177;48.0698;-2.6578;REF;2001;10.96;12;9.37;24.25;4;
13177;48.0698;-2.6578;REF;2002;11.35;4;8.3;20.04;3;
13177;48.0698;-2.6578;REF;2003;12.01;7;7.98;25.15;5;
13177;48.0698;-2.6578;REF;2004;12.07;9;8.14;25.87;4;
13177;48.0698;-2.6578;REF;2005;11.69;3;4.59;17.78;1;
13178;48.0743;-2.5507;REF;1990;11.89;6;7.84;21.41;3;
13178;48.0743;-2.5507;REF;1991;11;5;6.28;21.33;4;
13178;48.0743;-2.5507;REF;1992;10.88;4;7.08;18.75;3;
13178;48.0743;-2.5507;REF;1993;11.27;4;7.68;17.03;3;
13178;48.0743;-2.5507;REF;1994;10.82;2;7.18;16.13;2;
13178;48.0743;-2.5507;REF;1995;11.32;3;7.64;18.44;3;
13178;48.0743;-2.5507;REF;1996;11.59;5;6.23;20.76;4;
13178;48.0743;-2.5507;REF;1997;11.2;3;6.47;16.3;3;
13178;48.0743;-2.5507;REF;1998;11.36;3;7.33;19.12;2;
13178;48.0743;-2.5507;REF;1999;12.08;2;4.05;13.46;2;
13178;48.0743;-2.5507;REF;2000;12.16;11;8.01;29.39;9;
13178;48.0743;-2.5507;REF;2001;11.02;7;8.12;23.63;6;
13178;48.0743;-2.5507;REF;2002;11.35;4;7.85;19.98;1;
13178;48.0743;-2.5507;REF;2003;11.99;6;7.76;25.72;6;
13178;48.0743;-2.5507;REF;2004;12.07;3;7.76;19.52;3;
13178;48.0743;-2.5507;REF;2005;11.7;2;5.31;17.6;1;
13179;48.0787;-2.4436;REF;1990;11.88;6;7.83;22.32;5;
13179;48.0787;-2.4436;REF;1991;10.92;4;5.83;20.15;3;
13179;48.0787;-2.4436;REF;1992;10.82;5;6.8;22.02;4;
13179;48.0787;-2.4436;REF;1993;11.23;4;7.71;19.57;3;
13179;48.0787;-2.4436;REF;1994;10.67;2;6.52;16.87;2;
13179;48.0787;-2.4436;REF;1995;11.29;4;6.93;19.74;3;
13179;48.0787;-2.4436;REF;1996;11.56;4;5.56;19.94;3;
13179;48.0787;-2.4436;REF;1997;11.14;4;5.66;18.41;3;
13179;48.0787;-2.4436;REF;1998;11.31;3;6.84;18.46;2;
13179;48.0787;-2.4436;REF;1999;12.01;2;3.32;14.86;2;
13179;48.0787;-2.4436;REF;2000;12.12;11;7.28;29.75;9;
13179;48.0787;-2.4436;REF;2001;10.92;7;8.03;23.86;6;
13179;48.0787;-2.4436;REF;2002;11.29;0;7.65;17.53;0;
13179;48.0787;-2.4436;REF;2003;11.96;7;7.29;23.95;6;
13179;48.0787;-2.4436;REF;2004;12.07;7;7.15;21.4;4;
13179;48.0787;-2.4436;REF;2005;11.65;1;4.26;15.83;1;
13180;48.083;-2.3364;REF;1990;11.96;8;7.11;22.8;5;
13180;48.083;-2.3364;REF;1991;11.03;4;6.01;19.6;3;
13180;48.083;-2.3364;REF;1992;10.92;6;6.24;22.59;4;
13180;48.083;-2.3364;REF;1993;11.31;3;7.11;16.54;2;
13180;48.083;-2.3364;REF;1994;10.78;3;6.52;18.33;3;
13180;48.083;-2.3364;REF;1995;11.39;4;7.19;21.01;4;
13180;48.083;-2.3364;REF;1996;11.66;6;5.44;21.83;5;
13180;48.083;-2.3364;REF;1997;11.23;3;6.31;16.65;3;
13180;48.083;-2.3364;REF;1998;11.4;3;6.97;16.73;3;
13180;48.083;-2.3364;REF;1999;12.07;3;4.07;15.58;3;
13180;48.083;-2.3364;REF;2000;12.15;12;7.99;29.45;9;
13180;48.083;-2.3364;REF;2001;11.05;6;7.65;22.48;6;
13180;48.083;-2.3364;REF;2002;11.39;0;7.95;17.68;0;
13180;48.083;-2.3364;REF;2003;12.05;4;7.09;21.11;4;
13180;48.083;-2.3364;REF;2004;12.19;6;7.11;22.35;4;
13180;48.083;-2.3364;REF;2005;11.74;2;3.99;16.19;2;
13181;48.0873;-2.2292;REF;1990;11.78;3;6.92;18.17;4;
13181;48.0873;-2.2292;REF;1991;10.9;1;6.33;17.33;4;
13181;48.0873;-2.2292;REF;1992;10.78;3;6.84;18.4;5;
13181;48.0873;-2.2292;REF;1993;11.2;2;6.82;14.76;2;
13181;48.0873;-2.2292;REF;1994;10.66;4;6.14;18.46;4;
13181;48.0873;-2.2292;REF;1995;11.28;4;6.91;19.5;5;
13181;48.0873;-2.2292;REF;1996;11.5;3;5.76;18.04;3;
13181;48.0873;-2.2292;REF;1997;11.1;2;7.41;14.84;2;
13181;48.0873;-2.2292;REF;1998;11.27;1;6.93;15.7;1;
13181;48.0873;-2.2292;REF;1999;11.92;3;4.88;15.37;3;
13181;48.0873;-2.2292;REF;2000;11.96;12;6.99;22.87;12;
13181;48.0873;-2.2292;REF;2001;10.93;3;7.39;18.74;5;
13181;48.0873;-2.2292;REF;2002;11.23;0;7.2;14.18;1;
13181;48.0873;-2.2292;REF;2003;11.87;4;6.78;18.53;4;
13181;48.0873;-2.2292;REF;2004;12.01;2;7.14;17.7;3;
13181;48.0873;-2.2292;REF;2005;11.62;2;4.77;15.42;2;
13182;48.0914;-2.122;REF;1990;11.73;3;6.94;18.22;4;
13182;48.0914;-2.122;REF;1991;10.85;1;6.34;17.38;4;
13182;48.0914;-2.122;REF;1992;10.73;3;6.86;18.45;5;
13182;48.0914;-2.122;REF;1993;11.15;2;6.84;14.8;2;
13182;48.0914;-2.122;REF;1994;10.61;4;6.16;18.52;4;
13182;48.0914;-2.122;REF;1995;11.23;4;6.93;19.55;5;
13182;48.0914;-2.122;REF;1996;11.46;3;5.78;18.09;3;
13182;48.0914;-2.122;REF;1997;11.05;2;7.44;14.88;2;
13182;48.0914;-2.122;REF;1998;11.23;1;6.98;15.74;1;
13182;48.0914;-2.122;REF;1999;11.87;3;4.89;15.41;3;
13182;48.0914;-2.122;REF;2000;11.91;12;7.01;22.93;12;
13182;48.0914;-2.122;REF;2001;10.88;3;7.41;18.79;5;
13182;48.0914;-2.122;REF;2002;11.18;0;7.22;14.2;1;
13182;48.0914;-2.122;REF;2003;11.83;4;6.81;18.58;4;
13182;48.0914;-2.122;REF;2004;11.97;2;7.16;17.75;3;
13182;48.0914;-2.122;REF;2005;11.58;2;4.78;15.47;2;
13183;48.0954;-2.0148;REF;1990;11.74;3;7.1;18.21;3;
13183;48.0954;-2.0148;REF;1991;10.87;2;6.5;17.84;4;
13183;48.0954;-2.0148;REF;1992;10.8;3;6.79;17.51;3;
13183;48.0954;-2.0148;REF;1993;11.16;1;6.31;13.39;1;
13183;48.0954;-2.0148;REF;1994;10.64;4;6.12;19.01;4;
13183;48.0954;-2.0148;REF;1995;11.24;3;7.17;18.42;4;
13183;48.0954;-2.0148;REF;1996;11.47;2;5.55;17.29;3;
13183;48.0954;-2.0148;REF;1997;11.05;2;6.62;14.31;3;
13183;48.0954;-2.0148;REF;1998;11.23;1;6.46;14.62;2;
13183;48.0954;-2.0148;REF;1999;11.9;4;5.24;18.96;4;
13183;48.0954;-2.0148;REF;2000;11.91;8;6.9;24.22;10;
13183;48.0954;-2.0148;REF;2001;10.91;4;7.93;19.36;5;
13183;48.0954;-2.0148;REF;2002;11.22;1;7.06;14.12;1;
13183;48.0954;-2.0148;REF;2003;11.83;3;6.95;18.4;4;
13183;48.0954;-2.0148;REF;2004;11.98;1;7.17;17.65;4;
13183;48.0954;-2.0148;REF;2005;11.58;3;4.62;16.7;3;
13184;48.0994;-1.9076;REF;1990;12.11;6;8.09;22.8;6;
13184;48.0994;-1.9076;REF;1991;11.2;4;6.5;19.9;4;
13184;48.0994;-1.9076;REF;1992;11.15;4;7.78;18.62;4;
13184;48.0994;-1.9076;REF;1993;11.53;1;6.59;14.99;1;
13184;48.0994;-1.9076;REF;1994;10.97;3;6.46;19.21;3;
13184;48.0994;-1.9076;REF;1995;11.6;7;7.66;23.97;7;
13184;48.0994;-1.9076;REF;1996;11.87;4;5.23;17.64;4;
13184;48.0994;-1.9076;REF;1997;11.39;3;6.43;16.19;3;
13184;48.0994;-1.9076;REF;1998;11.55;2;7.08;16.97;2;
13184;48.0994;-1.9076;REF;1999;12.31;3;5.23;16.51;3;
13184;48.0994;-1.9076;REF;2000;12.27;6;7.05;24.44;6;
13184;48.0994;-1.9076;REF;2001;11.27;7;7.76;24.44;7;
13184;48.0994;-1.9076;REF;2002;11.6;1;8.31;17.25;1;
13184;48.0994;-1.9076;REF;2003;12.19;3;7.54;18.36;3;
13184;48.0994;-1.9076;REF;2004;12.41;3;7.18;18.99;3;
13184;48.0994;-1.9076;REF;2005;11.9;3;4.4;19.01;3;
13185;48.1032;-1.8003;REF;1990;12.36;2;6.85;17.17;4;
13185;48.1032;-1.8003;REF;1991;11.45;2;5.79;16.79;3;
13185;48.1032;-1.8003;REF;1992;11.4;3;6.7;14.25;3;
13185;48.1032;-1.8003;REF;1993;11.77;1;5.69;12.8;1;
13185;48.1032;-1.8003;REF;1994;11.2;3;5.31;17.46;4;
13185;48.1032;-1.8003;REF;1995;11.86;4;6.49;19.49;7;
13185;48.1032;-1.8003;REF;1996;12.1;2;4.52;14.17;3;
13185;48.1032;-1.8003;REF;1997;11.62;1;6.04;14.12;2;
13185;48.1032;-1.8003;REF;1998;11.79;2;6.4;14.33;2;
13185;48.1032;-1.8003;REF;1999;12.56;3;4.74;14.18;3;
13185;48.1032;-1.8003;REF;2000;12.52;6;7.02;22.48;8;
13185;48.1032;-1.8003;REF;2001;11.51;3;7.04;18.08;5;
13185;48.1032;-1.8003;REF;2002;11.86;1;7.28;13.66;2;
13185;48.1032;-1.8003;REF;2003;12.44;2;6.65;17.22;3;
13185;48.1032;-1.8003;REF;2004;12.68;1;7.01;16.73;4;
13185;48.1032;-1.8003;REF;2005;12.15;2;4.21;16.12;4;
13186;48.1069;-1.6931;REF;1990;12.39;3;6.81;18.96;6;
13186;48.1069;-1.6931;REF;1991;11.43;0;5.36;17.13;4;
13186;48.1069;-1.6931;REF;1992;11.39;2;6.69;16.42;4;
13186;48.1069;-1.6931;REF;1993;11.78;1;5.42;12.03;1;
13186;48.1069;-1.6931;REF;1994;11.18;3;5.73;16.69;4;
13186;48.1069;-1.6931;REF;1995;11.86;5;6.73;21.94;6;
13186;48.1069;-1.6931;REF;1996;12.14;2;4.94;14.8;2;
13186;48.1069;-1.6931;REF;1997;11.62;1;6.19;14.57;1;
13186;48.1069;-1.6931;REF;1998;11.76;0;6.71;14.77;2;
13186;48.1069;-1.6931;REF;1999;12.55;3;4.68;17.44;4;
13186;48.1069;-1.6931;REF;2000;12.49;5;7.41;22.39;7;
13186;48.1069;-1.6931;REF;2001;11.55;3;6.94;17.68;4;
13186;48.1069;-1.6931;REF;2002;11.86;2;7.8;15.01;2;
13186;48.1069;-1.6931;REF;2003;12.44;2;6.55;15.59;3;
13186;48.1069;-1.6931;REF;2004;12.62;2;6.63;16.38;4;
13186;48.1069;-1.6931;REF;2005;12.12;1;4.45;13.97;1;
13187;48.1106;-1.5858;REF;1990;12.22;2;6.83;17.44;4;
13187;48.1106;-1.5858;REF;1991;11.3;2;5.51;17.08;2;
13187;48.1106;-1.5858;REF;1992;11.28;2;6.68;17.05;3;
13187;48.1106;-1.5858;REF;1993;11.68;1;5.7;12.89;1;
13187;48.1106;-1.5858;REF;1994;11.07;3;5.89;16.08;4;
13187;48.1106;-1.5858;REF;1995;11.77;5;6.53;20.66;6;
13187;48.1106;-1.5858;REF;1996;12.03;2;4.87;16.82;2;
13187;48.1106;-1.5858;REF;1997;11.53;3;6.21;18.3;5;
13187;48.1106;-1.5858;REF;1998;11.62;1;6.75;15.99;2;
13187;48.1106;-1.5858;REF;1999;12.44;3;4.22;17.75;4;
13187;48.1106;-1.5858;REF;2000;12.42;4;7.76;18.81;6;
13187;48.1106;-1.5858;REF;2001;11.45;3;6.77;17.22;4;
13187;48.1106;-1.5858;REF;2002;11.76;2;7.39;16.3;2;
13187;48.1106;-1.5858;REF;2003;12.31;1;6.66;16.33;3;
13187;48.1106;-1.5858;REF;2004;12.54;2;6.38;17.19;4;
13187;48.1106;-1.5858;REF;2005;12;1;4.62;13.51;1;
13188;48.1141;-1.4785;REF;1990;12.15;2;6.83;17.52;4;
13188;48.1141;-1.4785;REF;1991;11.23;2;5.58;17.16;2;
13188;48.1141;-1.4785;REF;1992;11.21;2;6.71;17.12;3;
13188;48.1141;-1.4785;REF;1993;11.61;1;5.72;12.95;1;
13188;48.1141;-1.4785;REF;1994;10.99;3;5.88;16.16;4;
13188;48.1141;-1.4785;REF;1995;11.7;5;6.53;20.74;6;
13188;48.1141;-1.4785;REF;1996;11.96;2;4.9;16.88;2;
13188;48.1141;-1.4785;REF;1997;11.46;3;6.23;18.37;5;
13188;48.1141;-1.4785;REF;1998;11.55;1;6.78;16.06;2;
13188;48.1141;-1.4785;REF;1999;12.36;3;4.24;17.82;4;
13188;48.1141;-1.4785;REF;2000;12.35;4;7.79;18.89;6;
13188;48.1141;-1.4785;REF;2001;11.38;3;6.75;17.29;4;
13188;48.1141;-1.4785;REF;2002;11.69;2;7.42;16.36;2;
13188;48.1141;-1.4785;REF;2003;12.24;1;6.68;16.4;3;
13188;48.1141;-1.4785;REF;2004;12.48;2;6.4;17.28;4;
13188;48.1141;-1.4785;REF;2005;11.93;1;4.64;13.57;1;
13189;48.1175;-1.3712;REF;1990;11.86;2;7.92;18.91;2;
13189;48.1175;-1.3712;REF;1991;10.94;2;7.14;18.45;2;
13189;48.1175;-1.3712;REF;1992;10.94;3;7.91;18.94;3;
13189;48.1175;-1.3712;REF;1993;11.3;2;6.76;15.18;2;
13189;48.1175;-1.3712;REF;1994;10.71;4;7.83;19.46;4;
13189;48.1175;-1.3712;REF;1995;11.44;7;7.41;23.74;7;
13189;48.1175;-1.3712;REF;1996;11.7;4;6.15;20.54;4;
13189;48.1175;-1.3712;REF;1997;11.2;5;7.18;25.6;5;
13189;48.1175;-1.3712;REF;1998;11.21;4;8.19;18.42;4;
13189;48.1175;-1.3712;REF;1999;12.14;3;5.16;18.5;3;
13189;48.1175;-1.3712;REF;2000;12.09;4;7.82;20.48;4;
13189;48.1175;-1.3712;REF;2001;11.12;4;7.52;19.11;4;
13189;48.1175;-1.3712;REF;2002;11.43;3;8.29;17.35;3;
13189;48.1175;-1.3712;REF;2003;11.92;4;8.27;19.63;4;
13189;48.1175;-1.3712;REF;2004;12.23;5;6.98;20.67;5;
13189;48.1175;-1.3712;REF;2005;11.61;1;5.77;14.75;1;
13190;48.1209;-1.2639;REF;1990;11.84;2;7.93;18.93;2;
13190;48.1209;-1.2639;REF;1991;10.92;2;7.15;18.47;2;
13190;48.1209;-1.2639;REF;1992;10.92;3;7.91;18.96;3;
13190;48.1209;-1.2639;REF;1993;11.28;2;6.77;15.19;2;
13190;48.1209;-1.2639;REF;1994;10.69;4;7.84;19.48;4;
13190;48.1209;-1.2639;REF;1995;11.43;7;7.41;23.76;7;
13190;48.1209;-1.2639;REF;1996;11.69;4;6.16;20.56;4;
13190;48.1209;-1.2639;REF;1997;11.18;5;7.19;25.62;5;
13190;48.1209;-1.2639;REF;1998;11.2;4;8.2;18.44;4;
13190;48.1209;-1.2639;REF;1999;12.13;3;5.16;18.52;3;
13190;48.1209;-1.2639;REF;2000;12.08;4;7.83;20.5;4;
13190;48.1209;-1.2639;REF;2001;11.11;4;7.53;19.13;4;
13190;48.1209;-1.2639;REF;2002;11.42;3;8.29;17.37;3;
13190;48.1209;-1.2639;REF;2003;11.9;4;8.28;19.65;4;
13190;48.1209;-1.2639;REF;2004;12.21;5;6.98;20.69;5;
13190;48.1209;-1.2639;REF;2005;11.6;1;5.77;14.76;1;
13191;48.1241;-1.1566;REF;1990;11.65;2;8.08;18.29;2;
13191;48.1241;-1.1566;REF;1991;10.71;4;6.71;18.77;4;
13191;48.1241;-1.1566;REF;1992;10.75;5;7.5;20.97;5;
13191;48.1241;-1.1566;REF;1993;11.07;3;6.86;16.92;3;
13191;48.1241;-1.1566;REF;1994;10.55;4;7.54;21.07;4;
13191;48.1241;-1.1566;REF;1995;11.27;6;7.26;25.4;6;
13191;48.1241;-1.1566;REF;1996;11.51;3;6.53;19.1;3;
13191;48.1241;-1.1566;REF;1997;11.07;6;6.98;26.9;6;
13191;48.1241;-1.1566;REF;1998;11.03;4;8.62;19.23;4;
13191;48.1241;-1.1566;REF;1999;11.95;4;5.1;19.32;4;
13191;48.1241;-1.1566;REF;2000;11.94;6;7.83;23.6;6;
13191;48.1241;-1.1566;REF;2001;10.94;3;7.51;18.94;3;
13191;48.1241;-1.1566;REF;2002;11.24;3;7.91;17.47;3;
13191;48.1241;-1.1566;REF;2003;11.71;2;8.38;17.51;2;
13191;48.1241;-1.1566;REF;2004;12.08;4;7.62;20.65;4;
13191;48.1241;-1.1566;REF;2005;11.45;0;5.9;14.26;0;
13301;48.037;-4.6988;REF;1990;12.64;4;7.84;20.09;7;
13301;48.037;-4.6988;REF;1991;11.77;0;7.17;14.28;1;
13301;48.037;-4.6988;REF;1992;11.69;3;9.01;18.04;4;
13301;48.037;-4.6988;REF;1993;12.09;1;6.81;16.92;1;
13301;48.037;-4.6988;REF;1994;11.48;1;7.46;16.96;2;
13301;48.037;-4.6988;REF;1995;11.97;3;6.55;17.66;3;
13301;48.037;-4.6988;REF;1996;12.34;5;6.7;20.68;7;
13301;48.037;-4.6988;REF;1997;11.95;2;6.61;17.65;3;
13301;48.037;-4.6988;REF;1998;12.26;1;6.71;16.52;1;
13301;48.037;-4.6988;REF;1999;12.66;3;5.48;17.86;4;
13301;48.037;-4.6988;REF;2000;12.87;7;6.65;21.82;8;
13301;48.037;-4.6988;REF;2001;11.71;3;7.37;18.3;3;
13301;48.037;-4.6988;REF;2002;12.12;1;7.65;16.07;3;
13301;48.037;-4.6988;REF;2003;12.68;2;7.6;18.04;2;
13301;48.037;-4.6988;REF;2004;12.76;4;7.25;20.52;5;
13301;48.037;-4.6988;REF;2005;12.37;3;4.99;17.47;4;
13302;48.0434;-4.592;REF;1990;12.46;4;7.93;20.33;7;
13302;48.0434;-4.592;REF;1991;11.6;0;7.25;14.41;1;
13302;48.0434;-4.592;REF;1992;11.52;3;9.12;18.11;4;
13302;48.0434;-4.592;REF;1993;11.92;1;6.89;17.12;1;
13302;48.0434;-4.592;REF;1994;11.3;1;7.54;17.16;2;
13302;48.0434;-4.592;REF;1995;11.79;3;6.63;17.75;3;
13302;48.0434;-4.592;REF;1996;12.16;6;6.77;20.93;7;
13302;48.0434;-4.592;REF;1997;11.78;2;6.57;17.75;3;
13302;48.0434;-4.592;REF;1998;12.08;1;6.78;16.71;1;
13302;48.0434;-4.592;REF;1999;12.48;3;5.54;18.07;4;
13302;48.0434;-4.592;REF;2000;12.69;7;6.73;22.07;8;
13302;48.0434;-4.592;REF;2001;11.54;3;7.45;18.51;3;
13302;48.0434;-4.592;REF;2002;11.94;1;7.74;16.19;3;
13302;48.0434;-4.592;REF;2003;12.49;2;7.69;18.25;2;
13302;48.0434;-4.592;REF;2004;12.57;4;7.33;20.76;5;
13302;48.0434;-4.592;REF;2005;12.19;4;4.97;17.67;4;
13303;48.0497;-4.4851;REF;1990;12.38;5;7.97;20.43;8;
13303;48.0497;-4.4851;REF;1991;11.53;0;7.29;14.51;1;
13303;48.0497;-4.4851;REF;1992;11.44;3;9.16;18.19;4;
13303;48.0497;-4.4851;REF;1993;11.84;1;6.92;17.21;1;
13303;48.0497;-4.4851;REF;1994;11.23;1;7.57;17.24;2;
13303;48.0497;-4.4851;REF;1995;11.72;3;6.66;17.84;3;
13303;48.0497;-4.4851;REF;1996;12.09;5;6.8;21.03;7;
13303;48.0497;-4.4851;REF;1997;11.7;2;6.61;17.84;3;
13303;48.0497;-4.4851;REF;1998;12.01;1;6.82;16.79;1;
13303;48.0497;-4.4851;REF;1999;12.4;3;5.57;18.16;4;
13303;48.0497;-4.4851;REF;2000;12.61;7;6.76;22.18;8;
13303;48.0497;-4.4851;REF;2001;11.47;3;7.49;18.61;3;
13303;48.0497;-4.4851;REF;2002;11.86;1;7.76;16.27;3;
13303;48.0497;-4.4851;REF;2003;12.41;2;7.68;18.35;2;
13303;48.0497;-4.4851;REF;2004;12.5;4;7.36;20.86;5;
13303;48.0497;-4.4851;REF;2005;12.11;4;4.99;17.76;4;
13304;48.0558;-4.3782;REF;1990;12.36;5;7.98;20.48;8;
13304;48.0558;-4.3782;REF;1991;11.5;0;7.51;14.52;1;
13304;48.0558;-4.3782;REF;1992;11.41;3;9.18;18.24;4;
13304;48.0558;-4.3782;REF;1993;11.81;1;6.93;17.25;1;
13304;48.0558;-4.3782;REF;1994;11.2;1;7.59;17.28;2;
13304;48.0558;-4.3782;REF;1995;11.69;3;6.67;17.87;3;
13304;48.0558;-4.3782;REF;1996;12.06;5;6.81;21.07;7;
13304;48.0558;-4.3782;REF;1997;11.67;2;6.62;17.87;3;
13304;48.0558;-4.3782;REF;1998;11.97;1;6.83;16.82;1;
13304;48.0558;-4.3782;REF;1999;12.36;3;5.58;18.21;4;
13304;48.0558;-4.3782;REF;2000;12.58;7;6.78;22.22;8;
13304;48.0558;-4.3782;REF;2001;11.44;3;7.5;18.65;3;
13304;48.0558;-4.3782;REF;2002;11.82;1;7.78;16.21;3;
13304;48.0558;-4.3782;REF;2003;12.38;2;7.69;18.39;2;
13304;48.0558;-4.3782;REF;2004;12.47;4;7.37;20.94;5;
13304;48.0558;-4.3782;REF;2005;12.08;4;5;17.83;4;
13305;48.0619;-4.2713;REF;1990;12.15;14;12.02;30.03;7;
13305;48.0619;-4.2713;REF;1991;11.16;3;9.69;17.34;1;
13305;48.0619;-4.2713;REF;1992;11.14;14;11.66;25.18;3;
13305;48.0619;-4.2713;REF;1993;11.49;8;9.42;26.76;3;
13305;48.0619;-4.2713;REF;1994;10.88;8;10.63;23.34;2;
13305;48.0619;-4.2713;REF;1995;11.39;6;9.73;24.55;3;
13305;48.0619;-4.2713;REF;1996;11.79;10;9.51;30.88;6;
13305;48.0619;-4.2713;REF;1997;11.37;7;8.83;23.44;2;
13305;48.0619;-4.2713;REF;1998;11.71;9;9.09;23.8;1;
13305;48.0619;-4.2713;REF;1999;12.21;6;7.51;23.37;4;
13305;48.0619;-4.2713;REF;2000;12.41;15;10.2;27.62;7;
13305;48.0619;-4.2713;REF;2001;11.12;10;9.35;26.93;4;
13305;48.0619;-4.2713;REF;2002;11.58;7;10.56;21.59;0;
13305;48.0619;-4.2713;REF;2003;12.16;13;10.76;26.51;4;
13305;48.0619;-4.2713;REF;2004;12.3;13;10.7;31.34;7;
13305;48.0619;-4.2713;REF;2005;11.79;10;6.15;26.33;4;
13306;48.0679;-4.1643;REF;1990;11.84;15;12.29;30.61;7;
13306;48.0679;-4.1643;REF;1991;10.87;3;9.89;17.55;1;
13306;48.0679;-4.1643;REF;1992;10.82;14;11.88;25.66;3;
13306;48.0679;-4.1643;REF;1993;11.19;8;9.59;27.28;3;
13306;48.0679;-4.1643;REF;1994;10.59;8;10.84;23.78;2;
13306;48.0679;-4.1643;REF;1995;11.09;7;9.92;24.9;3;
13306;48.0679;-4.1643;REF;1996;11.49;10;9.69;31.44;6;
13306;48.0679;-4.1643;REF;1997;11.07;6;9;23.88;2;
13306;48.0679;-4.1643;REF;1998;11.41;10;9.28;24.26;1;
13306;48.0679;-4.1643;REF;1999;11.89;7;7.66;23.79;4;
13306;48.0679;-4.1643;REF;2000;12.1;15;10.4;28.15;7;
13306;48.0679;-4.1643;REF;2001;10.83;10;9.76;27.46;4;
13306;48.0679;-4.1643;REF;2002;11.27;7;10.84;22;0;
13306;48.0679;-4.1643;REF;2003;11.84;13;10.97;27.14;4;
13306;48.0679;-4.1643;REF;2004;11.99;13;10.91;31.96;7;
13306;48.0679;-4.1643;REF;2005;11.47;11;6.25;26.83;4;
13307;48.0738;-4.0573;REF;1990;11.89;16;12.62;30.19;6;
13307;48.0738;-4.0573;REF;1991;10.91;4;9.59;19.95;1;
13307;48.0738;-4.0573;REF;1992;10.88;14;11.49;24.72;3;
13307;48.0738;-4.0573;REF;1993;11.21;7;10.16;25.85;3;
13307;48.0738;-4.0573;REF;1994;10.63;8;10.88;20.83;1;
13307;48.0738;-4.0573;REF;1995;11.16;7;9.5;26.69;4;
13307;48.0738;-4.0573;REF;1996;11.52;10;9.81;29.45;7;
13307;48.0738;-4.0573;REF;1997;11.14;6;9.07;21.88;2;
13307;48.0738;-4.0573;REF;1998;11.43;13;8.98;25.88;4;
13307;48.0738;-4.0573;REF;1999;11.93;8;7.15;26.36;3;
13307;48.0738;-4.0573;REF;2000;12.16;17;9.32;27.84;6;
13307;48.0738;-4.0573;REF;2001;10.89;10;9.64;27.5;4;
13307;48.0738;-4.0573;REF;2002;11.27;5;10.83;21.29;0;
13307;48.0738;-4.0573;REF;2003;11.9;14;11.14;27.77;4;
13307;48.0738;-4.0573;REF;2004;12.03;12;10.97;31.59;7;
13307;48.0738;-4.0573;REF;2005;11.5;10;6.57;27.59;4;
13308;48.0796;-3.9503;REF;1990;11.68;19;12.74;31.1;8;
13308;48.0796;-3.9503;REF;1991;10.71;5;9.92;20.92;2;
13308;48.0796;-3.9503;REF;1992;10.68;16;12.45;26.99;4;
13308;48.0796;-3.9503;REF;1993;11;9;11.32;27.68;4;
13308;48.0796;-3.9503;REF;1994;10.46;9;10.99;23.11;1;
13308;48.0796;-3.9503;REF;1995;10.94;9;10.51;28.4;4;
13308;48.0796;-3.9503;REF;1996;11.31;9;9.47;29.58;5;
13308;48.0796;-3.9503;REF;1997;10.92;4;10.28;19.66;1;
13308;48.0796;-3.9503;REF;1998;11.24;11;9.55;24.72;3;
13308;48.0796;-3.9503;REF;1999;11.75;10;7.91;26.3;3;
13308;48.0796;-3.9503;REF;2000;11.96;13;9.46;28.06;4;
13308;48.0796;-3.9503;REF;2001;10.68;13;9.85;29.69;7;
13308;48.0796;-3.9503;REF;2002;11.05;10;11.53;23.97;1;
13308;48.0796;-3.9503;REF;2003;11.71;14;12.34;27.53;4;
13308;48.0796;-3.9503;REF;2004;11.81;13;11.33;35.6;7;
13308;48.0796;-3.9503;REF;2005;11.32;9;7.53;30.87;5;
13309;48.0853;-3.8433;REF;1990;11.55;20;12.85;31.36;8;
13309;48.0853;-3.8433;REF;1991;10.58;5;10.06;21.1;2;
13309;48.0853;-3.8433;REF;1992;10.54;16;12.56;26.35;3;
13309;48.0853;-3.8433;REF;1993;10.87;11;11.42;27.91;4;
13309;48.0853;-3.8433;REF;1994;10.33;9;11.09;23.3;1;
13309;48.0853;-3.8433;REF;1995;10.81;9;10.61;28.57;4;
13309;48.0853;-3.8433;REF;1996;11.17;10;9.54;29.82;5;
13309;48.0853;-3.8433;REF;1997;10.8;4;10.37;19.83;1;
13309;48.0853;-3.8433;REF;1998;11.11;11;9.62;24.87;3;
13309;48.0853;-3.8433;REF;1999;11.62;10;7.98;26.48;3;
13309;48.0853;-3.8433;REF;2000;11.82;13;9.53;28.29;4;
13309;48.0853;-3.8433;REF;2001;10.55;13;9.96;29.95;7;
13309;48.0853;-3.8433;REF;2002;10.91;10;11.62;24.17;1;
13309;48.0853;-3.8433;REF;2003;11.58;14;12.29;27.74;4;
13309;48.0853;-3.8433;REF;2004;11.68;13;11.41;35.85;7;
13309;48.0853;-3.8433;REF;2005;11.18;9;7.58;31.13;5;
13310;48.0909;-3.7363;REF;1990;11.34;18;12.94;31.37;6;
13310;48.0909;-3.7363;REF;1991;10.39;7;9.9;24.12;1;
13310;48.0909;-3.7363;REF;1992;10.34;16;11.75;28.8;5;
13310;48.0909;-3.7363;REF;1993;10.66;10;10.92;28.55;4;
13310;48.0909;-3.7363;REF;1994;10.11;10;11.32;23.19;1;
13310;48.0909;-3.7363;REF;1995;10.69;12;9.75;30.21;5;
13310;48.0909;-3.7363;REF;1996;11.03;9;9.31;30.93;5;
13310;48.0909;-3.7363;REF;1997;10.63;6;10.19;22.54;1;
13310;48.0909;-3.7363;REF;1998;10.84;11;10.16;27.43;3;
13310;48.0909;-3.7363;REF;1999;11.48;12;7.7;23.96;2;
13310;48.0909;-3.7363;REF;2000;11.67;13;9.63;29.93;5;
13310;48.0909;-3.7363;REF;2001;10.39;15;11.78;31.93;6;
13310;48.0909;-3.7363;REF;2002;10.75;12;12.56;25;3;
13310;48.0909;-3.7363;REF;2003;11.37;15;13.01;27.84;3;
13310;48.0909;-3.7363;REF;2004;11.53;13;12.52;34.25;6;
13310;48.0909;-3.7363;REF;2005;11.02;9;7.75;30.52;7;
13311;48.0964;-3.6292;REF;1990;11.53;16;12.06;30.13;7;
13311;48.0964;-3.6292;REF;1991;10.54;8;8.74;26.27;4;
13311;48.0964;-3.6292;REF;1992;10.5;10;10.63;26.39;3;
13311;48.0964;-3.6292;REF;1993;10.82;8;11.05;24.43;4;
13311;48.0964;-3.6292;REF;1994;10.28;7;10.18;22.46;1;
13311;48.0964;-3.6292;REF;1995;10.88;12;9.04;28.02;4;
13311;48.0964;-3.6292;REF;1996;11.25;8;8.65;30.2;5;
13311;48.0964;-3.6292;REF;1997;10.78;5;8.91;22.73;2;
13311;48.0964;-3.6292;REF;1998;10.98;9;8.84;27.11;4;
13311;48.0964;-3.6292;REF;1999;11.69;8;6.69;24.05;2;
13311;48.0964;-3.6292;REF;2000;11.86;12;9.44;27.84;4;
13311;48.0964;-3.6292;REF;2001;10.58;14;10.25;29.5;7;
13311;48.0964;-3.6292;REF;2002;10.9;7;11.21;22.6;2;
13311;48.0964;-3.6292;REF;2003;11.59;8;11.16;26.09;2;
13311;48.0964;-3.6292;REF;2004;11.69;11;11.23;33.1;6;
13311;48.0964;-3.6292;REF;2005;11.22;9;7.43;27.58;5;
13312;48.1018;-3.5221;REF;1990;11.41;16;12.15;30.36;7;
13312;48.1018;-3.5221;REF;1991;10.43;8;8.82;26.48;4;
13312;48.1018;-3.5221;REF;1992;10.39;10;10.72;26.55;3;
13312;48.1018;-3.5221;REF;1993;10.71;8;11.14;24.62;4;
13312;48.1018;-3.5221;REF;1994;10.17;8;10.26;22.64;1;
13312;48.1018;-3.5221;REF;1995;10.76;12;9.13;28.25;4;
13312;48.1018;-3.5221;REF;1996;11.13;8;8.72;30.44;5;
13312;48.1018;-3.5221;REF;1997;10.67;5;8.98;22.9;2;
13312;48.1018;-3.5221;REF;1998;10.87;10;8.91;27.29;4;
13312;48.1018;-3.5221;REF;1999;11.57;8;6.75;24.22;2;
13312;48.1018;-3.5221;REF;2000;11.75;12;9.52;28.04;4;
13312;48.1018;-3.5221;REF;2001;10.48;15;10.33;29.73;7;
13312;48.1018;-3.5221;REF;2002;10.79;7;11.3;22.85;2;
13312;48.1018;-3.5221;REF;2003;11.47;10;11.25;26.27;2;
13312;48.1018;-3.5221;REF;2004;11.57;12;11.32;33.32;6;
13312;48.1018;-3.5221;REF;2005;11.1;9;7.48;27.79;5;
13313;48.1071;-3.415;REF;1990;11.18;16;12.83;30.33;6;
13313;48.1071;-3.415;REF;1991;10.25;9;9.33;25.83;4;
13313;48.1071;-3.415;REF;1992;10.16;11;11.34;28.54;5;
13313;48.1071;-3.415;REF;1993;10.53;8;10.33;24.87;4;
13313;48.1071;-3.415;REF;1994;10.01;7;10.46;21.99;1;
13313;48.1071;-3.415;REF;1995;10.57;12;9.23;28.1;5;
13313;48.1071;-3.415;REF;1996;10.93;8;9.39;26.57;3;
13313;48.1071;-3.415;REF;1997;10.52;6;9.35;25.82;3;
13313;48.1071;-3.415;REF;1998;10.68;7;9.51;25.14;3;
13313;48.1071;-3.415;REF;1999;11.38;6;6.79;21.66;2;
13313;48.1071;-3.415;REF;2000;11.52;12;10.46;30.5;5;
13313;48.1071;-3.415;REF;2001;10.32;15;11.32;30.42;7;
13313;48.1071;-3.415;REF;2002;10.57;9;10.93;22.81;2;
13313;48.1071;-3.415;REF;2003;11.28;7;11.48;26.92;4;
13313;48.1071;-3.415;REF;2004;11.41;12;11.33;34.13;6;
13313;48.1071;-3.415;REF;2005;10.94;9;7.64;27.99;5;
13314;48.1124;-3.3079;REF;1990;11.09;16;12.89;30.5;6;
13314;48.1124;-3.3079;REF;1991;10.17;9;9.38;25.97;4;
13314;48.1124;-3.3079;REF;1992;10.08;12;11.41;28.7;5;
13314;48.1124;-3.3079;REF;1993;10.46;8;10.39;25;4;
13314;48.1124;-3.3079;REF;1994;9.94;8;10.69;22.11;1;
13314;48.1124;-3.3079;REF;1995;10.49;13;9.28;28.25;5;
13314;48.1124;-3.3079;REF;1996;10.84;8;9.44;26.69;3;
13314;48.1124;-3.3079;REF;1997;10.44;6;9.4;25.94;3;
13314;48.1124;-3.3079;REF;1998;10.6;7;9.55;25.27;3;
13314;48.1124;-3.3079;REF;1999;11.29;6;6.82;21.78;2;
13314;48.1124;-3.3079;REF;2000;11.44;13;10.52;30.64;5;
13314;48.1124;-3.3079;REF;2001;10.24;15;11.38;30.58;7;
13314;48.1124;-3.3079;REF;2002;10.5;10;10.99;22.93;2;
13314;48.1124;-3.3079;REF;2003;11.19;8;11.54;27.05;4;
13314;48.1124;-3.3079;REF;2004;11.33;12;11.4;34.27;6;
13314;48.1124;-3.3079;REF;2005;10.86;9;7.68;28.14;5;
13315;48.1175;-3.2007;REF;1990;11.17;13;12.04;30.56;6;
13315;48.1175;-3.2007;REF;1991;10.24;11;8.86;27.86;4;
13315;48.1175;-3.2007;REF;1992;10.13;10;11.58;28.74;4;
13315;48.1175;-3.2007;REF;1993;10.51;9;10.72;24.7;3;
13315;48.1175;-3.2007;REF;1994;10;9;11.66;22.14;0;
13315;48.1175;-3.2007;REF;1995;10.56;11;9.44;29.56;5;
13315;48.1175;-3.2007;REF;1996;10.91;7;8.77;27.52;3;
13315;48.1175;-3.2007;REF;1997;10.5;7;9.25;25.76;4;
13315;48.1175;-3.2007;REF;1998;10.66;6;9;23.58;3;
13315;48.1175;-3.2007;REF;1999;11.36;7;7.01;24.76;3;
13315;48.1175;-3.2007;REF;2000;11.51;12;9.9;29.31;6;
13315;48.1175;-3.2007;REF;2001;10.29;16;11.24;30.07;8;
13315;48.1175;-3.2007;REF;2002;10.56;10;10.65;26.2;4;
13315;48.1175;-3.2007;REF;2003;11.24;12;11.58;25.14;1;
13315;48.1175;-3.2007;REF;2004;11.38;12;10.85;32.55;6;
13315;48.1175;-3.2007;REF;2005;10.94;8;7.24;27.65;2;
13316;48.1225;-3.0935;REF;1990;11.47;11;11.93;27.55;4;
13316;48.1225;-3.0935;REF;1991;10.49;10;8.1;27.64;4;
13316;48.1225;-3.0935;REF;1992;10.39;10;11.48;27.14;3;
13316;48.1225;-3.0935;REF;1993;10.76;10;10.97;26.92;3;
13316;48.1225;-3.0935;REF;1994;10.25;8;10.91;21.97;0;
13316;48.1225;-3.0935;REF;1995;10.81;11;9.21;27.98;5;
13316;48.1225;-3.0935;REF;1996;11.15;8;8.78;29.61;5;
13316;48.1225;-3.0935;REF;1997;10.74;7;8.58;27.34;4;
13316;48.1225;-3.0935;REF;1998;10.88;5;8.91;21.21;3;
13316;48.1225;-3.0935;REF;1999;11.61;6;6.75;23.02;3;
13316;48.1225;-3.0935;REF;2000;11.77;12;9.85;30.07;5;
13316;48.1225;-3.0935;REF;2001;10.51;17;11.93;29.32;5;
13316;48.1225;-3.0935;REF;2002;10.83;9;10.08;23.84;3;
13316;48.1225;-3.0935;REF;2003;11.5;12;11.15;24.57;2;
13316;48.1225;-3.0935;REF;2004;11.64;12;10.45;31.02;5;
13316;48.1225;-3.0935;REF;2005;11.21;7;6.89;22.6;2;
13317;48.1274;-2.9864;REF;1990;11.97;8;9.24;25.08;5;
13317;48.1274;-2.9864;REF;1991;10.95;6;5.98;22.92;4;
13317;48.1274;-2.9864;REF;1992;10.86;6;8.93;21.62;2;
13317;48.1274;-2.9864;REF;1993;11.24;6;7.94;22.35;2;
13317;48.1274;-2.9864;REF;1994;10.72;1;8.38;19.2;0;
13317;48.1274;-2.9864;REF;1995;11.32;8;6.88;24.3;4;
13317;48.1274;-2.9864;REF;1996;11.6;9;6.74;28.99;5;
13317;48.1274;-2.9864;REF;1997;11.21;5;6.23;25.45;5;
13317;48.1274;-2.9864;REF;1998;11.33;4;6.63;20.45;3;
13317;48.1274;-2.9864;REF;1999;12.09;4;5.09;22.75;4;
13317;48.1274;-2.9864;REF;2000;12.21;11;7.16;28.81;7;
13317;48.1274;-2.9864;REF;2001;10.95;12;9.35;24.71;5;
13317;48.1274;-2.9864;REF;2002;11.27;4;8.05;21.23;4;
13317;48.1274;-2.9864;REF;2003;12;7;8.31;24.21;4;
13317;48.1274;-2.9864;REF;2004;12.08;6;8.05;23.65;3;
13317;48.1274;-2.9864;REF;2005;11.68;3;4.77;18.44;1;
13318;48.1322;-2.8791;REF;1990;11.66;8;10.15;25.05;4;
13318;48.1322;-2.8791;REF;1991;10.72;6;6.49;22.78;3;
13318;48.1322;-2.8791;REF;1992;10.6;6;8.63;22.58;2;
13318;48.1322;-2.8791;REF;1993;11.03;7;8.07;22.01;2;
13318;48.1322;-2.8791;REF;1994;10.48;3;8.11;18.13;2;
13318;48.1322;-2.8791;REF;1995;11.05;9;7.67;25.47;5;
13318;48.1322;-2.8791;REF;1996;11.34;9;6.56;27.38;8;
13318;48.1322;-2.8791;REF;1997;10.93;5;6.21;25.61;5;
13318;48.1322;-2.8791;REF;1998;11.08;4;8.25;20.96;2;
13318;48.1322;-2.8791;REF;1999;11.81;2;5.01;16.43;2;
13318;48.1322;-2.8791;REF;2000;11.94;11;8.12;29.86;9;
13318;48.1322;-2.8791;REF;2001;10.72;10;10.99;25.11;4;
13318;48.1322;-2.8791;REF;2002;11.06;4;8.11;21.01;4;
13318;48.1322;-2.8791;REF;2003;11.74;7;8.28;23.41;4;
13318;48.1322;-2.8791;REF;2004;11.83;7;8.89;24.47;4;
13318;48.1322;-2.8791;REF;2005;11.47;3;5.23;18.73;1;
13319;48.1369;-2.7719;REF;1990;11.78;7;8.08;21.54;4;
13319;48.1369;-2.7719;REF;1991;10.88;6;6.77;22.08;4;
13319;48.1369;-2.7719;REF;1992;10.76;4;7.8;20.08;4;
13319;48.1369;-2.7719;REF;1993;11.16;3;7.66;18.87;2;
13319;48.1369;-2.7719;REF;1994;10.68;2;7.21;16.53;2;
13319;48.1369;-2.7719;REF;1995;11.17;6;7.69;20.31;3;
13319;48.1369;-2.7719;REF;1996;11.43;8;6.77;26.06;6;
13319;48.1369;-2.7719;REF;1997;11.09;3;6.5;16.84;3;
13319;48.1369;-2.7719;REF;1998;11.23;3;7.37;19.43;3;
13319;48.1369;-2.7719;REF;1999;11.92;2;4.59;14.74;2;
13319;48.1369;-2.7719;REF;2000;12.06;12;8.61;29.66;11;
13319;48.1369;-2.7719;REF;2001;10.88;5;8.85;23.1;4;
13319;48.1369;-2.7719;REF;2002;11.2;6;8.32;21.22;3;
13319;48.1369;-2.7719;REF;2003;11.89;6;7.7;20.85;4;
13319;48.1369;-2.7719;REF;2004;11.95;5;8;20.68;4;
13319;48.1369;-2.7719;REF;2005;11.58;1;5.52;16;1;
13320;48.1416;-2.6647;REF;1990;11.71;7;8.12;21.64;4;
13320;48.1416;-2.6647;REF;1991;10.81;6;6.8;22.19;4;
13320;48.1416;-2.6647;REF;1992;10.69;4;7.84;20.17;4;
13320;48.1416;-2.6647;REF;1993;11.09;3;7.69;18.91;2;
13320;48.1416;-2.6647;REF;1994;10.62;2;7.24;16.6;2;
13320;48.1416;-2.6647;REF;1995;11.1;6;7.72;20.41;3;
13320;48.1416;-2.6647;REF;1996;11.37;8;6.8;26.16;6;
13320;48.1416;-2.6647;REF;1997;11.03;3;6.53;16.92;3;
13320;48.1416;-2.6647;REF;1998;11.16;3;7.4;19.51;3;
13320;48.1416;-2.6647;REF;1999;11.85;2;4.61;14.81;2;
13320;48.1416;-2.6647;REF;2000;11.99;12;8.62;29.8;11;
13320;48.1416;-2.6647;REF;2001;10.81;5;8.96;23.2;4;
13320;48.1416;-2.6647;REF;2002;11.13;6;8.35;21.32;3;
13320;48.1416;-2.6647;REF;2003;11.83;6;7.8;20.95;4;
13320;48.1416;-2.6647;REF;2004;11.89;5;8.04;20.78;4;
13320;48.1416;-2.6647;REF;2005;11.51;1;5.54;16.07;1;
13321;48.1461;-2.5574;REF;1990;11.52;6;8.34;21.82;5;
13321;48.1461;-2.5574;REF;1991;10.71;6;7.2;21.64;4;
13321;48.1461;-2.5574;REF;1992;10.6;4;7.73;19.09;4;
13321;48.1461;-2.5574;REF;1993;10.98;4;8.01;18.46;3;
13321;48.1461;-2.5574;REF;1994;10.51;3;7.02;15.92;3;
13321;48.1461;-2.5574;REF;1995;10.99;5;8.28;20.82;4;
13321;48.1461;-2.5574;REF;1996;11.23;6;6.97;21.33;4;
13321;48.1461;-2.5574;REF;1997;10.92;3;6.79;14.79;3;
13321;48.1461;-2.5574;REF;1998;11.04;4;7.32;19.8;3;
13321;48.1461;-2.5574;REF;1999;11.75;3;4.75;17.87;3;
13321;48.1461;-2.5574;REF;2000;11.88;12;8.12;26.57;9;
13321;48.1461;-2.5574;REF;2001;10.73;6;8.56;23.3;4;
13321;48.1461;-2.5574;REF;2002;11.02;6;8.14;20.98;3;
13321;48.1461;-2.5574;REF;2003;11.71;4;8.08;21.31;4;
13321;48.1461;-2.5574;REF;2004;11.81;4;7.61;19.32;3;
13321;48.1461;-2.5574;REF;2005;11.42;2;5.36;16.26;1;
13322;48.1505;-2.4501;REF;1990;11.49;5;8.05;22.49;4;
13322;48.1505;-2.4501;REF;1991;10.62;5;6.49;21.28;4;
13322;48.1505;-2.4501;REF;1992;10.51;5;7.18;23.99;5;
13322;48.1505;-2.4501;REF;1993;10.92;5;7.46;21.29;3;
13322;48.1505;-2.4501;REF;1994;10.35;3;6.7;16.39;3;
13322;48.1505;-2.4501;REF;1995;10.94;7;7.97;22.69;4;
13322;48.1505;-2.4501;REF;1996;11.2;7;6.11;20.92;2;
13322;48.1505;-2.4501;REF;1997;10.85;4;6.19;17.33;3;
13322;48.1505;-2.4501;REF;1998;10.97;4;6.78;19.95;2;
13322;48.1505;-2.4501;REF;1999;11.66;3;4.01;16.57;3;
13322;48.1505;-2.4501;REF;2000;11.85;9;7.64;26.37;8;
13322;48.1505;-2.4501;REF;2001;10.63;6;8.32;23.33;5;
13322;48.1505;-2.4501;REF;2002;10.94;3;7.49;18.82;1;
13322;48.1505;-2.4501;REF;2003;11.67;7;7.94;21.84;4;
13322;48.1505;-2.4501;REF;2004;11.79;4;7.61;20.93;4;
13322;48.1505;-2.4501;REF;2005;11.37;1;4.22;16.78;1;
13323;48.1548;-2.3428;REF;1990;11.61;3;6.86;19.05;5;
13323;48.1548;-2.3428;REF;1991;10.73;2;5.89;17.68;3;
13323;48.1548;-2.3428;REF;1992;10.63;5;6.45;20.52;5;
13323;48.1548;-2.3428;REF;1993;11.03;2;6.74;14.68;2;
13323;48.1548;-2.3428;REF;1994;10.55;3;5.91;16.32;3;
13323;48.1548;-2.3428;REF;1995;11.12;3;7.08;19.33;5;
13323;48.1548;-2.3428;REF;1996;11.33;3;6.01;18.91;4;
13323;48.1548;-2.3428;REF;1997;10.92;2;6.94;14.31;2;
13323;48.1548;-2.3428;REF;1998;11.11;1;6.74;16.32;2;
13323;48.1548;-2.3428;REF;1999;11.77;3;4.32;15.36;4;
13323;48.1548;-2.3428;REF;2000;11.81;8;7.58;28.49;11;
13323;48.1548;-2.3428;REF;2001;10.76;3;7.48;17.66;3;
13323;48.1548;-2.3428;REF;2002;11.07;1;7.3;13.72;1;
13323;48.1548;-2.3428;REF;2003;11.73;3;6.78;18.13;3;
13323;48.1548;-2.3428;REF;2004;11.81;2;6.8;18.45;4;
13323;48.1548;-2.3428;REF;2005;11.42;0;5.1;14.86;2;
13324;48.1591;-2.2355;REF;1990;11.72;3;6.86;19.5;6;
13324;48.1591;-2.2355;REF;1991;10.83;2;6.18;18.21;4;
13324;48.1591;-2.2355;REF;1992;10.74;3;6.8;19.79;5;
13324;48.1591;-2.2355;REF;1993;11.14;2;6.61;14.58;2;
13324;48.1591;-2.2355;REF;1994;10.63;4;5.93;18.59;4;
13324;48.1591;-2.2355;REF;1995;11.23;3;6.78;19.91;5;
13324;48.1591;-2.2355;REF;1996;11.44;3;5.92;17.43;3;
13324;48.1591;-2.2355;REF;1997;11.04;2;6.81;13.56;2;
13324;48.1591;-2.2355;REF;1998;11.21;1;6.85;15.29;1;
13324;48.1591;-2.2355;REF;1999;11.88;3;4.88;17.65;4;
13324;48.1591;-2.2355;REF;2000;11.89;9;6.78;26.24;11;
13324;48.1591;-2.2355;REF;2001;10.89;4;7.05;19.48;5;
13324;48.1591;-2.2355;REF;2002;11.16;1;7.05;13.77;1;
13324;48.1591;-2.2355;REF;2003;11.82;3;6.78;17.96;4;
13324;48.1591;-2.2355;REF;2004;11.92;2;7.1;17.91;2;
13324;48.1591;-2.2355;REF;2005;11.53;0;4.84;14.55;2;
13325;48.1632;-2.1281;REF;1990;11.79;3;6.92;18.17;4;
13325;48.1632;-2.1281;REF;1991;10.9;1;6.33;17.32;4;
13325;48.1632;-2.1281;REF;1992;10.79;3;6.83;18.39;5;
13325;48.1632;-2.1281;REF;1993;11.2;2;6.82;14.75;2;
13325;48.1632;-2.1281;REF;1994;10.66;4;6.14;18.46;4;
13325;48.1632;-2.1281;REF;1995;11.28;4;6.91;19.49;5;
13325;48.1632;-2.1281;REF;1996;11.51;3;5.76;18.03;3;
13325;48.1632;-2.1281;REF;1997;11.1;2;7.41;14.83;2;
13325;48.1632;-2.1281;REF;1998;11.28;1;6.93;15.69;1;
13325;48.1632;-2.1281;REF;1999;11.93;3;4.88;15.36;3;
13325;48.1632;-2.1281;REF;2000;11.97;12;6.98;22.86;12;
13325;48.1632;-2.1281;REF;2001;10.93;3;7.39;18.73;5;
13325;48.1632;-2.1281;REF;2002;11.24;0;7.19;14.17;1;
13325;48.1632;-2.1281;REF;2003;11.88;4;6.78;18.52;4;
13325;48.1632;-2.1281;REF;2004;12.02;2;7.14;17.7;3;
13325;48.1632;-2.1281;REF;2005;11.63;2;4.77;15.42;2;
13326;48.1673;-2.0208;REF;1990;11.93;3;7.02;18.07;3;
13326;48.1673;-2.0208;REF;1991;11.04;2;6.44;17.6;4;
13326;48.1673;-2.0208;REF;1992;10.98;3;6.69;17.33;3;
13326;48.1673;-2.0208;REF;1993;11.34;1;6.28;13.23;1;
13326;48.1673;-2.0208;REF;1994;10.81;4;6.06;18.85;4;
13326;48.1673;-2.0208;REF;1995;11.41;3;7.09;18.21;4;
13326;48.1673;-2.0208;REF;1996;11.65;2;5.49;17.1;3;
13326;48.1673;-2.0208;REF;1997;11.22;2;6.56;14.15;2;
13326;48.1673;-2.0208;REF;1998;11.4;1;6.62;14.46;2;
13326;48.1673;-2.0208;REF;1999;12.09;4;5.18;18.76;4;
13326;48.1673;-2.0208;REF;2000;12.08;8;6.86;23.48;10;
13326;48.1673;-2.0208;REF;2001;11.08;4;7.85;19.43;5;
13326;48.1673;-2.0208;REF;2002;11.4;1;6.98;13.76;1;
13326;48.1673;-2.0208;REF;2003;12.01;3;6.86;18.2;4;
13326;48.1673;-2.0208;REF;2004;12.15;1;7.09;17.45;4;
13326;48.1673;-2.0208;REF;2005;11.75;3;4.57;16.52;3;
13327;48.1712;-1.9134;REF;1990;11.89;2;7.01;17.61;3;
13327;48.1712;-1.9134;REF;1991;11.02;2;5.92;17.24;2;
13327;48.1712;-1.9134;REF;1992;10.96;3;6.83;17.65;4;
13327;48.1712;-1.9134;REF;1993;11.34;1;6.07;13.49;1;
13327;48.1712;-1.9134;REF;1994;10.79;3;5.6;18.12;4;
13327;48.1712;-1.9134;REF;1995;11.43;5;6.71;20.93;6;
13327;48.1712;-1.9134;REF;1996;11.65;2;4.79;15.64;3;
13327;48.1712;-1.9134;REF;1997;11.21;1;6.3;15.46;3;
13327;48.1712;-1.9134;REF;1998;11.38;2;6.61;16.29;3;
13327;48.1712;-1.9134;REF;1999;12.11;4;5.13;15.9;4;
13327;48.1712;-1.9134;REF;2000;12.06;6;7.1;23.96;6;
13327;48.1712;-1.9134;REF;2001;11.09;4;6.97;19.82;5;
13327;48.1712;-1.9134;REF;2002;11.4;1;7.09;14.04;1;
13327;48.1712;-1.9134;REF;2003;11.96;3;7.19;18.51;5;
13327;48.1712;-1.9134;REF;2004;12.19;1;7.16;16.84;2;
13327;48.1712;-1.9134;REF;2005;11.71;4;4.65;17.5;4;
13328;48.175;-1.806;REF;1990;12.14;2;6.9;17.42;4;
13328;48.175;-1.806;REF;1991;11.23;2;5.87;17.03;3;
13328;48.175;-1.806;REF;1992;11.17;3;6.67;14.52;3;
13328;48.175;-1.806;REF;1993;11.55;1;5.76;12.98;1;
13328;48.175;-1.806;REF;1994;10.98;3;5.38;17.7;4;
13328;48.175;-1.806;REF;1995;11.63;4;6.57;19.76;7;
13328;48.175;-1.806;REF;1996;11.88;3;4.66;14.36;3;
13328;48.175;-1.806;REF;1997;11.4;1;6.03;14.32;2;
13328;48.175;-1.806;REF;1998;11.58;2;6.47;14.53;2;
13328;48.175;-1.806;REF;1999;12.33;3;4.81;14.39;3;
13328;48.175;-1.806;REF;2000;12.3;6;7.15;22.78;8;
13328;48.175;-1.806;REF;2001;11.3;3;7.15;18.34;5;
13328;48.175;-1.806;REF;2002;11.63;1;7.52;13.83;2;
13328;48.175;-1.806;REF;2003;12.2;2;6.71;17.45;3;
13328;48.175;-1.806;REF;2004;12.45;1;7.11;16.97;4;
13328;48.175;-1.806;REF;2005;11.93;3;4.29;16.34;4;
13329;48.1788;-1.6986;REF;1990;12.15;5;6.98;20.36;5;
13329;48.1788;-1.6986;REF;1991;11.24;2;6.27;15.53;2;
13329;48.1788;-1.6986;REF;1992;11.18;3;6.69;17.5;4;
13329;48.1788;-1.6986;REF;1993;11.58;1;5.58;12.38;1;
13329;48.1788;-1.6986;REF;1994;10.99;3;5.64;16.8;3;
13329;48.1788;-1.6986;REF;1995;11.68;5;6.12;22.76;5;
13329;48.1788;-1.6986;REF;1996;11.9;3;5.51;13.41;3;
13329;48.1788;-1.6986;REF;1997;11.44;1;6.2;15.4;2;
13329;48.1788;-1.6986;REF;1998;11.55;2;6.46;14.49;2;
13329;48.1788;-1.6986;REF;1999;12.39;2;4.05;17.15;4;
13329;48.1788;-1.6986;REF;2000;12.3;5;7.68;22.96;7;
13329;48.1788;-1.6986;REF;2001;11.34;3;6.9;18.44;5;
13329;48.1788;-1.6986;REF;2002;11.66;1;7.4;14.76;3;
13329;48.1788;-1.6986;REF;2003;12.23;2;7.01;17.84;5;
13329;48.1788;-1.6986;REF;2004;12.48;2;6.66;16.26;3;
13329;48.1788;-1.6986;REF;2005;11.94;1;4.46;15.08;3;
13330;48.1824;-1.5912;REF;1990;12.09;4;6.91;19.72;5;
13330;48.1824;-1.5912;REF;1991;11.2;2;6.68;15.95;3;
13330;48.1824;-1.5912;REF;1992;11.15;2;6.77;17.95;4;
13330;48.1824;-1.5912;REF;1993;11.54;1;5.66;13.15;1;
13330;48.1824;-1.5912;REF;1994;10.93;3;5.71;16.15;3;
13330;48.1824;-1.5912;REF;1995;11.65;5;6.39;22.86;6;
13330;48.1824;-1.5912;REF;1996;11.86;3;5.71;16.58;4;
13330;48.1824;-1.5912;REF;1997;11.43;2;6.08;17.65;4;
13330;48.1824;-1.5912;REF;1998;11.51;1;7.03;15.58;3;
13330;48.1824;-1.5912;REF;1999;12.33;3;3.81;17.4;4;
13330;48.1824;-1.5912;REF;2000;12.33;5;7.5;21.26;7;
13330;48.1824;-1.5912;REF;2001;11.29;3;7.29;17.14;4;
13330;48.1824;-1.5912;REF;2002;11.62;2;7.25;14.79;3;
13330;48.1824;-1.5912;REF;2003;12.19;3;7.56;18.39;5;
13330;48.1824;-1.5912;REF;2004;12.45;2;6.84;16.34;2;
13330;48.1824;-1.5912;REF;2005;11.89;1;4.36;13.01;2;
13331;48.186;-1.4837;REF;1990;11.74;4;6.87;19.3;4;
13331;48.186;-1.4837;REF;1991;10.89;2;6.57;15.99;3;
13331;48.186;-1.4837;REF;1992;10.84;3;6.75;19.55;5;
13331;48.186;-1.4837;REF;1993;11.22;1;5.85;14.16;1;
13331;48.186;-1.4837;REF;1994;10.64;3;6.09;15.53;3;
13331;48.186;-1.4837;REF;1995;11.34;6;6.8;23.29;6;
13331;48.186;-1.4837;REF;1996;11.53;3;6.33;17.48;3;
13331;48.186;-1.4837;REF;1997;11.13;3;6.57;16.96;3;
13331;48.186;-1.4837;REF;1998;11.22;2;7.28;17.3;4;
13331;48.186;-1.4837;REF;1999;11.99;4;4.27;18.53;4;
13331;48.186;-1.4837;REF;2000;11.99;5;7.59;20.89;5;
13331;48.186;-1.4837;REF;2001;10.98;3;7.12;18.95;4;
13331;48.186;-1.4837;REF;2002;11.29;2;7.12;15.2;2;
13331;48.186;-1.4837;REF;2003;11.86;4;7.55;19.88;6;
13331;48.186;-1.4837;REF;2004;12.1;3;7.06;17.78;3;
13331;48.186;-1.4837;REF;2005;11.58;1;4.61;13.54;1;
13332;48.1894;-1.3763;REF;1990;11.75;5;7.92;20.44;5;
13332;48.1894;-1.3763;REF;1991;10.85;2;6.8;17.21;2;
13332;48.1894;-1.3763;REF;1992;10.87;3;7.73;19.3;3;
13332;48.1894;-1.3763;REF;1993;11.21;2;6.49;15.15;2;
13332;48.1894;-1.3763;REF;1994;10.62;3;7.53;18.65;3;
13332;48.1894;-1.3763;REF;1995;11.37;8;7.34;25.01;8;
13332;48.1894;-1.3763;REF;1996;11.58;5;6.56;22.09;5;
13332;48.1894;-1.3763;REF;1997;11.14;5;7.1;25.8;5;
13332;48.1894;-1.3763;REF;1998;11.16;3;8.29;16.92;2;
13332;48.1894;-1.3763;REF;1999;12.04;3;4.64;17.93;3;
13332;48.1894;-1.3763;REF;2000;12.05;4;8.25;19.93;4;
13332;48.1894;-1.3763;REF;2001;11.01;4;7.9;18.58;4;
13332;48.1894;-1.3763;REF;2002;11.33;3;8.33;15.55;3;
13332;48.1894;-1.3763;REF;2003;11.84;5;8.11;20.78;5;
13332;48.1894;-1.3763;REF;2004;12.15;5;7.68;20.38;5;
13332;48.1894;-1.3763;REF;2005;11.55;1;5.76;13.86;1;
13333;48.1928;-1.2688;REF;1990;11.63;5;7.99;20.59;5;
13333;48.1928;-1.2688;REF;1991;10.74;2;7;17.34;2;
13333;48.1928;-1.2688;REF;1992;10.75;3;7.79;19.44;3;
13333;48.1928;-1.2688;REF;1993;11.1;2;6.53;15.26;2;
13333;48.1928;-1.2688;REF;1994;10.5;3;7.59;18.79;3;
13333;48.1928;-1.2688;REF;1995;11.25;8;7.39;25.19;7;
13333;48.1928;-1.2688;REF;1996;11.46;6;6.86;22.25;5;
13333;48.1928;-1.2688;REF;1997;11.02;5;7.16;25.97;5;
13333;48.1928;-1.2688;REF;1998;11.04;3;8.35;17.04;2;
13333;48.1928;-1.2688;REF;1999;11.92;3;4.67;18.06;3;
13333;48.1928;-1.2688;REF;2000;11.93;4;8.3;20.08;4;
13333;48.1928;-1.2688;REF;2001;10.9;4;7.96;18.72;4;
13333;48.1928;-1.2688;REF;2002;11.22;3;8.4;15.67;3;
13333;48.1928;-1.2688;REF;2003;11.72;5;8.17;20.94;5;
13333;48.1928;-1.2688;REF;2004;12.03;5;7.74;20.54;5;
13333;48.1928;-1.2688;REF;2005;11.44;1;5.8;13.96;1;
13334;48.196;-1.1613;REF;1990;11.51;2;7.93;17.51;2;
13334;48.196;-1.1613;REF;1991;10.62;3;7.05;18.68;3;
13334;48.196;-1.1613;REF;1992;10.65;4;7.69;19.57;3;
13334;48.196;-1.1613;REF;1993;11;2;7.29;16.88;2;
13334;48.196;-1.1613;REF;1994;10.42;4;7.87;19.69;4;
13334;48.196;-1.1613;REF;1995;11.16;7;7.53;24.27;6;
13334;48.196;-1.1613;REF;1996;11.36;6;7.15;22.86;6;
13334;48.196;-1.1613;REF;1997;10.97;6;7.32;26.87;5;
13334;48.196;-1.1613;REF;1998;10.95;4;8.6;18.56;4;
13334;48.196;-1.1613;REF;1999;11.86;3;5.12;18.57;3;
13334;48.196;-1.1613;REF;2000;11.88;5;7.65;21.63;5;
13334;48.196;-1.1613;REF;2001;10.83;2;7.76;18.32;2;
13334;48.196;-1.1613;REF;2002;11.13;3;8.38;16.6;3;
13334;48.196;-1.1613;REF;2003;11.62;5;8.36;21.29;5;
13334;48.196;-1.1613;REF;2004;11.96;4;8.03;19.89;4;
13334;48.196;-1.1613;REF;2005;11.34;0;5.99;14.16;0;
13449;48.1396;-4.1732;REF;1990;11.97;11;10.77;25.77;6;
13449;48.1396;-4.1732;REF;1991;10.94;2;9.11;16.2;1;
13449;48.1396;-4.1732;REF;1992;10.91;9;11.21;22.68;3;
13449;48.1396;-4.1732;REF;1993;11.29;5;9.31;23.84;3;
13449;48.1396;-4.1732;REF;1994;10.67;5;9.95;22.27;2;
13449;48.1396;-4.1732;REF;1995;11.18;5;9.19;22.71;4;
13449;48.1396;-4.1732;REF;1996;11.58;10;8.89;24.83;6;
13449;48.1396;-4.1732;REF;1997;11.18;5;8.7;20.68;2;
13449;48.1396;-4.1732;REF;1998;11.47;7;8.52;22;2;
13449;48.1396;-4.1732;REF;1999;12.02;5;7.34;21.49;3;
13449;48.1396;-4.1732;REF;2000;12.16;13;8.93;24.2;6;
13449;48.1396;-4.1732;REF;2001;10.91;8;9.45;24.08;4;
13449;48.1396;-4.1732;REF;2002;11.34;4;9.43;19.86;1;
13449;48.1396;-4.1732;REF;2003;11.94;8;10.05;24.37;4;
13449;48.1396;-4.1732;REF;2004;12.07;10;9.69;27.72;7;
13449;48.1396;-4.1732;REF;2005;11.56;8;6.55;24.11;4;
13450;48.1455;-4.0661;REF;1990;11.78;16;12.87;33;8;
13450;48.1455;-4.0661;REF;1991;10.77;4;9.72;20.48;1;
13450;48.1455;-4.0661;REF;1992;10.73;16;12.06;24.78;3;
13450;48.1455;-4.0661;REF;1993;11.06;9;11.14;26.97;3;
13450;48.1455;-4.0661;REF;1994;10.48;10;11.35;22.08;2;
13450;48.1455;-4.0661;REF;1995;11.02;8;10.42;27.79;4;
13450;48.1455;-4.0661;REF;1996;11.4;10;10.2;30.11;5;
13450;48.1455;-4.0661;REF;1997;11;6;10.35;23.13;2;
13450;48.1455;-4.0661;REF;1998;11.29;13;9.8;27.57;3;
13450;48.1455;-4.0661;REF;1999;11.83;8;7.73;26.72;3;
13450;48.1455;-4.0661;REF;2000;12.05;16;9.89;28.9;7;
13450;48.1455;-4.0661;REF;2001;10.74;11;10.1;30.07;5;
13450;48.1455;-4.0661;REF;2002;11.14;6;11.35;22.94;0;
13450;48.1455;-4.0661;REF;2003;11.79;13;11.61;27.6;4;
13450;48.1455;-4.0661;REF;2004;11.91;14;11.62;34.75;7;
13450;48.1455;-4.0661;REF;2005;11.37;10;6.95;27.79;4;
13451;48.1513;-3.9589;REF;1990;11.55;10;11.18;25.35;7;
13451;48.1513;-3.9589;REF;1991;10.6;2;8.81;19.3;1;
13451;48.1513;-3.9589;REF;1992;10.56;11;10.92;23.23;4;
13451;48.1513;-3.9589;REF;1993;10.89;6;9.84;23.9;3;
13451;48.1513;-3.9589;REF;1994;10.35;6;9.99;20.81;1;
13451;48.1513;-3.9589;REF;1995;10.83;6;9.48;23.83;4;
13451;48.1513;-3.9589;REF;1996;11.19;8;8.78;25.69;6;
13451;48.1513;-3.9589;REF;1997;10.84;4;9.36;18.16;1;
13451;48.1513;-3.9589;REF;1998;11.09;8;8.87;22.07;3;
13451;48.1513;-3.9589;REF;1999;11.62;7;7.23;23.42;4;
13451;48.1513;-3.9589;REF;2000;11.77;12;8.38;24.57;4;
13451;48.1513;-3.9589;REF;2001;10.58;10;9.35;24.16;4;
13451;48.1513;-3.9589;REF;2002;10.89;6;10.16;20.89;2;
13451;48.1513;-3.9589;REF;2003;11.57;10;10.36;24.55;4;
13451;48.1513;-3.9589;REF;2004;11.65;10;10.18;28.81;6;
13451;48.1513;-3.9589;REF;2005;11.18;7;6.83;25.78;5;
13452;48.157;-3.8518;REF;1990;11.63;10;11.13;25.15;7;
13452;48.157;-3.8518;REF;1991;10.67;2;8.77;19.29;1;
13452;48.157;-3.8518;REF;1992;10.64;11;10.87;23.01;4;
13452;48.157;-3.8518;REF;1993;10.96;6;9.8;23.79;3;
13452;48.157;-3.8518;REF;1994;10.43;6;9.94;20.71;1;
13452;48.157;-3.8518;REF;1995;10.9;6;9.38;23.72;4;
13452;48.157;-3.8518;REF;1996;11.26;8;8.74;25.57;6;
13452;48.157;-3.8518;REF;1997;10.91;3;9.32;18.08;1;
13452;48.157;-3.8518;REF;1998;11.16;8;8.83;21.99;3;
13452;48.157;-3.8518;REF;1999;11.7;7;7.2;23.31;4;
13452;48.157;-3.8518;REF;2000;11.85;12;8.34;24.46;4;
13452;48.157;-3.8518;REF;2001;10.64;10;9.31;24.05;4;
13452;48.157;-3.8518;REF;2002;10.96;6;10.11;20.8;1;
13452;48.157;-3.8518;REF;2003;11.64;10;10.31;24.44;4;
13452;48.157;-3.8518;REF;2004;11.72;9;10.13;28.7;6;
13452;48.157;-3.8518;REF;2005;11.26;7;6.8;25.66;5;
13453;48.1626;-3.7446;REF;1990;11.48;10;10.96;25.92;5;
13453;48.1626;-3.7446;REF;1991;10.58;4;8.71;18.71;3;
13453;48.1626;-3.7446;REF;1992;10.52;11;10.48;25.81;5;
13453;48.1626;-3.7446;REF;1993;10.87;7;9.8;24.2;4;
13453;48.1626;-3.7446;REF;1994;10.35;5;9.81;20.86;1;
13453;48.1626;-3.7446;REF;1995;10.83;5;9.29;23.71;4;
13453;48.1626;-3.7446;REF;1996;11.17;7;9;26.35;6;
13453;48.1626;-3.7446;REF;1997;10.83;3;9.35;18.1;1;
13453;48.1626;-3.7446;REF;1998;11.04;5;8.61;21.24;3;
13453;48.1626;-3.7446;REF;1999;11.61;9;7.31;23.69;4;
13453;48.1626;-3.7446;REF;2000;11.75;10;8.33;24.61;4;
13453;48.1626;-3.7446;REF;2001;10.59;10;9.34;24.36;4;
13453;48.1626;-3.7446;REF;2002;10.87;9;10.66;20.7;2;
13453;48.1626;-3.7446;REF;2003;11.53;7;10.17;22.84;2;
13453;48.1626;-3.7446;REF;2004;11.63;10;9.61;28.9;7;
13453;48.1626;-3.7446;REF;2005;11.21;6;7.32;24.79;4;
13454;48.1682;-3.6374;REF;1990;11.17;10;12.39;27;5;
13454;48.1682;-3.6374;REF;1991;10.32;5;8.6;22.53;3;
13454;48.1682;-3.6374;REF;1992;10.27;14;10.37;25.28;4;
13454;48.1682;-3.6374;REF;1993;10.61;8;10.23;23.81;3;
13454;48.1682;-3.6374;REF;1994;10.1;5;9.36;20.71;0;
13454;48.1682;-3.6374;REF;1995;10.55;6;9.15;23.22;4;
13454;48.1682;-3.6374;REF;1996;10.9;7;8.75;26.32;6;
13454;48.1682;-3.6374;REF;1997;10.57;5;8.85;20.53;1;
13454;48.1682;-3.6374;REF;1998;10.78;5;9.09;22.37;4;
13454;48.1682;-3.6374;REF;1999;11.31;9;7.13;23.34;3;
13454;48.1682;-3.6374;REF;2000;11.48;11;9.09;24.01;3;
13454;48.1682;-3.6374;REF;2001;10.37;10;9.72;24.66;3;
13454;48.1682;-3.6374;REF;2002;10.61;6;10.83;21.5;2;
13454;48.1682;-3.6374;REF;2003;11.26;7;10.8;23.16;3;
13454;48.1682;-3.6374;REF;2004;11.38;11;9.88;30.75;8;
13454;48.1682;-3.6374;REF;2005;10.95;6;7.53;25.51;5;
13455;48.1736;-3.5301;REF;1990;11.16;16;13.88;31.93;7;
13455;48.1736;-3.5301;REF;1991;10.26;7;8.58;27.08;4;
13455;48.1736;-3.5301;REF;1992;10.2;14;10.42;28.08;4;
13455;48.1736;-3.5301;REF;1993;10.56;9;10.48;26.65;3;
13455;48.1736;-3.5301;REF;1994;10.02;8;9.45;22.1;1;
13455;48.1736;-3.5301;REF;1995;10.5;8;9.49;25.77;4;
13455;48.1736;-3.5301;REF;1996;10.9;7;8.73;28.17;5;
13455;48.1736;-3.5301;REF;1997;10.49;6;8.64;21.35;1;
13455;48.1736;-3.5301;REF;1998;10.74;10;9.2;25.23;4;
13455;48.1736;-3.5301;REF;1999;11.33;10;7.06;24.77;2;
13455;48.1736;-3.5301;REF;2000;11.52;12;9.47;26.5;3;
13455;48.1736;-3.5301;REF;2001;10.29;13;9.91;29.03;7;
13455;48.1736;-3.5301;REF;2002;10.58;10;11.72;22.67;3;
13455;48.1736;-3.5301;REF;2003;11.27;10;10.98;26.36;2;
13455;48.1736;-3.5301;REF;2004;11.38;12;10.42;38.91;8;
13455;48.1736;-3.5301;REF;2005;10.94;6;7.9;24.93;3;
13456;48.1789;-3.4229;REF;1990;11.12;10;10.23;26.29;5;
13456;48.1789;-3.4229;REF;1991;10.28;5;9.14;22.18;4;
13456;48.1789;-3.4229;REF;1992;10.21;10;9.73;24.98;5;
13456;48.1789;-3.4229;REF;1993;10.6;6;8.44;22.52;3;
13456;48.1789;-3.4229;REF;1994;10.11;2;8.85;18.15;0;
13456;48.1789;-3.4229;REF;1995;10.53;4;8.22;20.69;4;
13456;48.1789;-3.4229;REF;1996;10.89;5;8.37;22.38;4;
13456;48.1789;-3.4229;REF;1997;10.52;4;8.3;20.34;2;
13456;48.1789;-3.4229;REF;1998;10.71;3;8.78;18.36;3;
13456;48.1789;-3.4229;REF;1999;11.37;5;6.49;21.67;4;
13456;48.1789;-3.4229;REF;2000;11.49;9;8.64;24.79;6;
13456;48.1789;-3.4229;REF;2001;10.35;9;9.43;22.88;4;
13456;48.1789;-3.4229;REF;2002;10.58;3;9.22;19.77;3;
13456;48.1789;-3.4229;REF;2003;11.3;7;10;22.82;4;
13456;48.1789;-3.4229;REF;2004;11.34;8;9.66;29.84;7;
13456;48.1789;-3.4229;REF;2005;10.99;5;7.07;20.37;2;
13457;48.1841;-3.3156;REF;1990;11.15;10;10.2;26.23;5;
13457;48.1841;-3.3156;REF;1991;10.31;5;9.12;22.13;4;
13457;48.1841;-3.3156;REF;1992;10.24;10;9.71;24.94;5;
13457;48.1841;-3.3156;REF;1993;10.63;6;8.43;22.47;3;
13457;48.1841;-3.3156;REF;1994;10.14;2;8.83;18.11;0;
13457;48.1841;-3.3156;REF;1995;10.57;4;8.2;20.64;4;
13457;48.1841;-3.3156;REF;1996;10.92;5;8.35;22.34;4;
13457;48.1841;-3.3156;REF;1997;10.55;4;8.28;20.3;2;
13457;48.1841;-3.3156;REF;1998;10.74;3;8.76;18.32;3;
13457;48.1841;-3.3156;REF;1999;11.4;5;6.48;21.63;4;
13457;48.1841;-3.3156;REF;2000;11.52;9;8.63;24.73;6;
13457;48.1841;-3.3156;REF;2001;10.39;9;9.41;22.85;4;
13457;48.1841;-3.3156;REF;2002;10.61;3;9.2;19.73;3;
13457;48.1841;-3.3156;REF;2003;11.33;7;9.98;22.77;4;
13457;48.1841;-3.3156;REF;2004;11.37;8;9.65;29.78;7;
13457;48.1841;-3.3156;REF;2005;11.03;4;7.06;20.32;2;
13458;48.1892;-3.2083;REF;1990;11.24;8;10.09;25.02;5;
13458;48.1892;-3.2083;REF;1991;10.37;7;8.65;21.16;2;
13458;48.1892;-3.2083;REF;1992;10.28;8;9.97;24.77;7;
13458;48.1892;-3.2083;REF;1993;10.69;5;9.34;21.37;3;
13458;48.1892;-3.2083;REF;1994;10.2;2;9.12;18.32;0;
13458;48.1892;-3.2083;REF;1995;10.64;4;8.6;21.12;4;
13458;48.1892;-3.2083;REF;1996;10.98;6;8.54;26.4;5;
13458;48.1892;-3.2083;REF;1997;10.61;5;7.98;20.89;3;
13458;48.1892;-3.2083;REF;1998;10.78;3;8.32;18.81;3;
13458;48.1892;-3.2083;REF;1999;11.47;8;6.71;20.94;2;
13458;48.1892;-3.2083;REF;2000;11.6;10;8.55;24.81;6;
13458;48.1892;-3.2083;REF;2001;10.44;10;10.61;22.32;3;
13458;48.1892;-3.2083;REF;2002;10.65;6;8.98;21.87;4;
13458;48.1892;-3.2083;REF;2003;11.37;7;9.78;22.59;4;
13458;48.1892;-3.2083;REF;2004;11.41;8;8.98;29.8;7;
13458;48.1892;-3.2083;REF;2005;11.09;4;6.95;19.94;2;
13459;48.1942;-3.101;REF;1990;11.13;13;11.61;30.12;6;
13459;48.1942;-3.101;REF;1991;10.25;10;8.87;27.49;3;
13459;48.1942;-3.101;REF;1992;10.13;13;12.09;28.75;5;
13459;48.1942;-3.101;REF;1993;10.55;10;11.32;26.31;3;
13459;48.1942;-3.101;REF;1994;10.02;9;10.58;22.26;0;
13459;48.1942;-3.101;REF;1995;10.51;10;10.74;26.81;4;
13459;48.1942;-3.101;REF;1996;10.85;7;8.61;30.69;5;
13459;48.1942;-3.101;REF;1997;10.49;8;8.57;25.5;4;
13459;48.1942;-3.101;REF;1998;10.67;7;9.43;23.93;3;
13459;48.1942;-3.101;REF;1999;11.29;7;7.32;24.77;3;
13459;48.1942;-3.101;REF;2000;11.49;12;10.4;30.45;6;
13459;48.1942;-3.101;REF;2001;10.28;15;11.71;29.13;6;
13459;48.1942;-3.101;REF;2002;10.54;10;10.26;23.37;3;
13459;48.1942;-3.101;REF;2003;11.23;12;11.2;24.87;2;
13459;48.1942;-3.101;REF;2004;11.39;11;10;31.41;5;
13459;48.1942;-3.101;REF;2005;10.92;7;7.11;24.46;2;
13460;48.1992;-2.9936;REF;1990;11.54;7;9.84;23.31;5;
13460;48.1992;-2.9936;REF;1991;10.67;6;7.68;20.2;1;
13460;48.1992;-2.9936;REF;1992;10.57;8;10.03;24.06;7;
13460;48.1992;-2.9936;REF;1993;10.99;5;9.11;20.91;2;
13460;48.1992;-2.9936;REF;1994;10.5;1;9.21;16.96;0;
13460;48.1992;-2.9936;REF;1995;10.94;5;9.14;21.07;3;
13460;48.1992;-2.9936;REF;1996;11.27;7;8.36;26.79;5;
13460;48.1992;-2.9936;REF;1997;10.92;4;7.71;20.42;3;
13460;48.1992;-2.9936;REF;1998;11.07;4;8.57;19.77;3;
13460;48.1992;-2.9936;REF;1999;11.74;4;6.39;20.72;3;
13460;48.1992;-2.9936;REF;2000;11.91;10;8.38;25.69;8;
13460;48.1992;-2.9936;REF;2001;10.72;8;10.3;22.62;4;
13460;48.1992;-2.9936;REF;2002;10.96;4;8.81;20.74;3;
13460;48.1992;-2.9936;REF;2003;11.67;6;9.33;22.41;4;
13460;48.1992;-2.9936;REF;2004;11.75;7;9.17;27.17;6;
13460;48.1992;-2.9936;REF;2005;11.37;4;6.57;19.13;2;
13461;48.204;-2.8863;REF;1990;11.56;6;9.09;22.05;4;
13461;48.204;-2.8863;REF;1991;10.65;5;6.64;20.85;3;
13461;48.204;-2.8863;REF;1992;10.52;5;8.29;20.91;3;
13461;48.204;-2.8863;REF;1993;10.94;3;7.57;18.29;2;
13461;48.204;-2.8863;REF;1994;10.45;3;7.69;14.4;2;
13461;48.204;-2.8863;REF;1995;10.96;8;7.17;21.95;4;
13461;48.204;-2.8863;REF;1996;11.24;9;6.88;25.15;7;
13461;48.204;-2.8863;REF;1997;10.85;5;6.75;22.49;5;
13461;48.204;-2.8863;REF;1998;11.01;4;7.5;19.57;3;
13461;48.204;-2.8863;REF;1999;11.73;2;4.78;14.82;2;
13461;48.204;-2.8863;REF;2000;11.83;11;7.53;30.81;11;
13461;48.204;-2.8863;REF;2001;10.65;6;9.12;21.97;4;
13461;48.204;-2.8863;REF;2002;10.97;4;7.78;19.79;2;
13461;48.204;-2.8863;REF;2003;11.65;5;7.77;24.21;4;
13461;48.204;-2.8863;REF;2004;11.69;6;8.1;23.25;5;
13461;48.204;-2.8863;REF;2005;11.35;2;5.95;15.56;1;
13462;48.2087;-2.7789;REF;1990;11.38;7;8.29;22.11;4;
13462;48.2087;-2.7789;REF;1991;10.51;6;6.95;22.66;5;
13462;48.2087;-2.7789;REF;1992;10.39;4;8;20.59;4;
13462;48.2087;-2.7789;REF;1993;10.8;3;7.85;19.12;2;
13462;48.2087;-2.7789;REF;1994;10.32;3;7.39;16.94;2;
13462;48.2087;-2.7789;REF;1995;10.79;7;7.88;20.84;3;
13462;48.2087;-2.7789;REF;1996;11.06;8;6.95;26.53;6;
13462;48.2087;-2.7789;REF;1997;10.72;3;6.84;17.22;3;
13462;48.2087;-2.7789;REF;1998;10.86;4;7.54;19.87;3;
13462;48.2087;-2.7789;REF;1999;11.54;2;4.73;15.12;2;
13462;48.2087;-2.7789;REF;2000;11.68;12;8.82;30.42;10;
13462;48.2087;-2.7789;REF;2001;10.52;6;9.11;23.68;4;
13462;48.2087;-2.7789;REF;2002;10.83;6;8.37;21.77;3;
13462;48.2087;-2.7789;REF;2003;11.51;7;8.05;21.39;4;
13462;48.2087;-2.7789;REF;2004;11.59;6;8.38;21.19;4;
13462;48.2087;-2.7789;REF;2005;11.21;1;5.8;16.35;1;
13463;48.2134;-2.6715;REF;1990;11.31;7;8.33;22.21;4;
13463;48.2134;-2.6715;REF;1991;10.44;6;6.98;22.76;5;
13463;48.2134;-2.6715;REF;1992;10.32;4;8.08;20.67;4;
13463;48.2134;-2.6715;REF;1993;10.74;3;7.88;19.21;2;
13463;48.2134;-2.6715;REF;1994;10.25;3;7.43;17.01;2;
13463;48.2134;-2.6715;REF;1995;10.72;8;7.91;20.94;3;
13463;48.2134;-2.6715;REF;1996;10.99;8;6.99;26.97;6;
13463;48.2134;-2.6715;REF;1997;10.65;3;6.87;17.3;3;
13463;48.2134;-2.6715;REF;1998;10.79;4;7.57;20.15;3;
13463;48.2134;-2.6715;REF;1999;11.47;2;4.75;15.19;2;
13463;48.2134;-2.6715;REF;2000;11.61;13;8.86;30.56;10;
13463;48.2134;-2.6715;REF;2001;10.45;6;9.15;23.79;4;
13463;48.2134;-2.6715;REF;2002;10.76;6;8.46;21.87;3;
13463;48.2134;-2.6715;REF;2003;11.44;7;7.92;21.49;4;
13463;48.2134;-2.6715;REF;2004;11.52;6;8.41;21.29;4;
13463;48.2134;-2.6715;REF;2005;11.14;1;5.82;16.42;1;
13464;48.2179;-2.5641;REF;1990;11.22;7;8.5;22.25;5;
13464;48.2179;-2.5641;REF;1991;10.43;6;7.35;22.06;4;
13464;48.2179;-2.5641;REF;1992;10.31;4;7.66;19.46;4;
13464;48.2179;-2.5641;REF;1993;10.71;4;8.16;18.8;3;
13464;48.2179;-2.5641;REF;1994;10.23;3;7.16;16.21;3;
13464;48.2179;-2.5641;REF;1995;10.7;6;8.38;21.22;4;
13464;48.2179;-2.5641;REF;1996;10.94;7;7.2;21.62;4;
13464;48.2179;-2.5641;REF;1997;10.63;3;6.99;15.08;3;
13464;48.2179;-2.5641;REF;1998;10.75;4;7.48;20.17;2;
13464;48.2179;-2.5641;REF;1999;11.47;3;4.84;17.96;3;
13464;48.2179;-2.5641;REF;2000;11.6;13;8.28;26.91;9;
13464;48.2179;-2.5641;REF;2001;10.46;7;8.61;23.74;4;
13464;48.2179;-2.5641;REF;2002;10.73;6;8.29;21.39;3;
13464;48.2179;-2.5641;REF;2003;11.41;6;8.23;21.72;4;
13464;48.2179;-2.5641;REF;2004;11.53;4;7.91;19.64;3;
13464;48.2179;-2.5641;REF;2005;11.14;2;5.58;16.55;1;
13465;48.2223;-2.4566;REF;1990;11.16;8;7.85;24.27;7;
13465;48.2223;-2.4566;REF;1991;10.38;7;7.43;23;5;
13465;48.2223;-2.4566;REF;1992;10.26;4;7.75;20.22;4;
13465;48.2223;-2.4566;REF;1993;10.64;3;7.67;17.88;3;
13465;48.2223;-2.4566;REF;1994;10.18;3;6.99;19.24;3;
13465;48.2223;-2.4566;REF;1995;10.67;6;8.23;20.84;3;
13465;48.2223;-2.4566;REF;1996;10.92;8;6.8;21.21;2;
13465;48.2223;-2.4566;REF;1997;10.58;3;7.01;14.63;3;
13465;48.2223;-2.4566;REF;1998;10.71;3;7.72;19.28;2;
13465;48.2223;-2.4566;REF;1999;11.42;4;4.97;17.62;3;
13465;48.2223;-2.4566;REF;2000;11.52;14;8.16;29.03;11;
13465;48.2223;-2.4566;REF;2001;10.43;6;8.29;22.41;5;
13465;48.2223;-2.4566;REF;2002;10.71;5;7.93;21.15;2;
13465;48.2223;-2.4566;REF;2003;11.34;6;8.41;25.88;5;
13465;48.2223;-2.4566;REF;2004;11.48;3;7.95;18.87;3;
13465;48.2223;-2.4566;REF;2005;11.08;1;5.21;16.14;1;
13466;48.2267;-2.3492;REF;1990;11.34;5;7.05;20.49;8;
13466;48.2267;-2.3492;REF;1991;10.52;4;6.07;18.88;4;
13466;48.2267;-2.3492;REF;1992;10.43;4;7.05;17.54;4;
13466;48.2267;-2.3492;REF;1993;10.81;2;6.94;15.05;2;
13466;48.2267;-2.3492;REF;1994;10.31;2;6.05;17.63;2;
13466;48.2267;-2.3492;REF;1995;10.89;3;6.84;18.44;4;
13466;48.2267;-2.3492;REF;1996;11.08;3;6.2;18.87;4;
13466;48.2267;-2.3492;REF;1997;10.74;3;7.11;14.26;3;
13466;48.2267;-2.3492;REF;1998;10.87;1;6.64;16.38;1;
13466;48.2267;-2.3492;REF;1999;11.57;4;4.03;17.76;4;
13466;48.2267;-2.3492;REF;2000;11.68;8;6.99;27.9;11;
13466;48.2267;-2.3492;REF;2001;10.53;2;7.52;17.89;2;
13466;48.2267;-2.3492;REF;2002;10.83;1;7.16;15.13;1;
13466;48.2267;-2.3492;REF;2003;11.53;4;6.9;20.82;5;
13466;48.2267;-2.3492;REF;2004;11.64;3;6.85;16.52;3;
13466;48.2267;-2.3492;REF;2005;11.24;0;4.88;14.84;1;
13467;48.2309;-2.2417;REF;1990;11.53;4;6.87;19.94;5;
13467;48.2309;-2.2417;REF;1991;10.68;3;6.51;18.2;3;
13467;48.2309;-2.2417;REF;1992;10.62;4;6.71;17.52;4;
13467;48.2309;-2.2417;REF;1993;10.97;2;6.91;14.99;3;
13467;48.2309;-2.2417;REF;1994;10.49;3;5.94;17.95;4;
13467;48.2309;-2.2417;REF;1995;11.08;4;6.74;19.71;5;
13467;48.2309;-2.2417;REF;1996;11.28;2;5.92;18.06;2;
13467;48.2309;-2.2417;REF;1997;10.93;2;7.02;14.37;2;
13467;48.2309;-2.2417;REF;1998;11.06;1;6.79;15.33;2;
13467;48.2309;-2.2417;REF;1999;11.74;4;4.53;18.79;4;
13467;48.2309;-2.2417;REF;2000;11.81;9;7.18;27.86;10;
13467;48.2309;-2.2417;REF;2001;10.72;2;7.21;17.85;3;
13467;48.2309;-2.2417;REF;2002;11;1;6.94;14.31;1;
13467;48.2309;-2.2417;REF;2003;11.68;5;7.13;22.39;5;
13467;48.2309;-2.2417;REF;2004;11.82;3;7.08;16.45;3;
13467;48.2309;-2.2417;REF;2005;11.42;0;4.46;16.82;2;
13468;48.235;-2.1342;REF;1990;11.66;2;7.12;17.92;3;
13468;48.235;-2.1342;REF;1991;10.81;2;6.73;18.36;4;
13468;48.235;-2.1342;REF;1992;10.73;4;6.51;18.78;4;
13468;48.235;-2.1342;REF;1993;11.1;2;6.38;15.77;2;
13468;48.235;-2.1342;REF;1994;10.58;3;6.04;18.17;4;
13468;48.235;-2.1342;REF;1995;11.2;5;7.09;20.22;5;
13468;48.235;-2.1342;REF;1996;11.4;2;5.71;18.32;4;
13468;48.235;-2.1342;REF;1997;11.05;2;7.2;15.46;2;
13468;48.235;-2.1342;REF;1998;11.19;2;6.79;16.9;3;
13468;48.235;-2.1342;REF;1999;11.86;3;4.56;16.3;4;
13468;48.235;-2.1342;REF;2000;11.94;10;7.26;25.59;12;
13468;48.235;-2.1342;REF;2001;10.83;3;7.3;17.62;3;
13468;48.235;-2.1342;REF;2002;11.15;2;7.19;15;2;
13468;48.235;-2.1342;REF;2003;11.8;5;7.29;22;6;
13468;48.235;-2.1342;REF;2004;11.99;2;7.28;17.27;3;
13468;48.235;-2.1342;REF;2005;11.57;0;4.48;16.01;1;
13469;48.2391;-2.0267;REF;1990;11.66;2;7.43;18.37;4;
13469;48.2391;-2.0267;REF;1991;10.87;2;6.64;17.89;3;
13469;48.2391;-2.0267;REF;1992;10.78;3;6.57;17.4;4;
13469;48.2391;-2.0267;REF;1993;11.14;1;6.07;15.4;2;
13469;48.2391;-2.0267;REF;1994;10.63;4;5.73;18.92;4;
13469;48.2391;-2.0267;REF;1995;11.25;4;6.96;16.86;4;
13469;48.2391;-2.0267;REF;1996;11.44;2;5.87;15.68;3;
13469;48.2391;-2.0267;REF;1997;11.06;2;6.93;14.03;2;
13469;48.2391;-2.0267;REF;1998;11.24;1;6.95;15.94;3;
13469;48.2391;-2.0267;REF;1999;11.9;2;5.01;14.65;2;
13469;48.2391;-2.0267;REF;2000;11.96;8;7.59;24.32;9;
13469;48.2391;-2.0267;REF;2001;10.89;4;7.07;19.72;5;
13469;48.2391;-2.0267;REF;2002;11.2;2;6.83;15.28;2;
13469;48.2391;-2.0267;REF;2003;11.84;6;7.32;21.96;6;
13469;48.2391;-2.0267;REF;2004;12.03;2;6.72;17.26;3;
13469;48.2391;-2.0267;REF;2005;11.58;1;4.58;15.83;1;
13470;48.243;-1.9192;REF;1990;11.44;2;7.42;17.52;2;
13470;48.243;-1.9192;REF;1991;10.68;2;6.66;16.92;3;
13470;48.243;-1.9192;REF;1992;10.59;3;6.87;18.18;4;
13470;48.243;-1.9192;REF;1993;10.96;1;6.53;13.51;2;
13470;48.243;-1.9192;REF;1994;10.42;4;5.71;18.92;4;
13470;48.243;-1.9192;REF;1995;11.06;3;6.89;18.68;4;
13470;48.243;-1.9192;REF;1996;11.24;3;5.77;16.59;3;
13470;48.243;-1.9192;REF;1997;10.85;3;6.73;16.42;4;
13470;48.243;-1.9192;REF;1998;11.07;1;6.64;15.33;2;
13470;48.243;-1.9192;REF;1999;11.7;3;4.86;14.64;3;
13470;48.243;-1.9192;REF;2000;11.74;6;7.38;21.67;7;
13470;48.243;-1.9192;REF;2001;10.71;3;7.66;19.4;5;
13470;48.243;-1.9192;REF;2002;11.01;3;6.64;16.71;4;
13470;48.243;-1.9192;REF;2003;11.63;6;7.27;21.75;6;
13470;48.243;-1.9192;REF;2004;11.82;1;6.81;17.37;2;
13470;48.243;-1.9192;REF;2005;11.36;2;4.53;16.05;2;
13471;48.2469;-1.8117;REF;1990;11.59;2;7.35;17.36;2;
13471;48.2469;-1.8117;REF;1991;10.82;2;6.6;16.77;3;
13471;48.2469;-1.8117;REF;1992;10.74;3;6.81;18.02;4;
13471;48.2469;-1.8117;REF;1993;11.1;1;6.49;13.4;2;
13471;48.2469;-1.8117;REF;1994;10.57;4;5.67;18.78;4;
13471;48.2469;-1.8117;REF;1995;11.2;3;6.83;18.52;4;
13471;48.2469;-1.8117;REF;1996;11.38;3;5.82;16.46;3;
13471;48.2469;-1.8117;REF;1997;11;3;6.67;16.27;4;
13471;48.2469;-1.8117;REF;1998;11.21;1;6.57;15.19;2;
13471;48.2469;-1.8117;REF;1999;11.85;3;4.82;14.51;3;
13471;48.2469;-1.8117;REF;2000;11.88;6;7.32;21.48;7;
13471;48.2469;-1.8117;REF;2001;10.85;3;7.6;19.25;5;
13471;48.2469;-1.8117;REF;2002;11.16;3;6.58;16.7;4;
13471;48.2469;-1.8117;REF;2003;11.77;5;7.23;21.56;6;
13471;48.2469;-1.8117;REF;2004;11.96;1;6.75;17.22;2;
13471;48.2469;-1.8117;REF;2005;11.5;2;4.47;16.02;2;
13472;48.2506;-1.7041;REF;1990;11.65;3;7.06;17.83;3;
13472;48.2506;-1.7041;REF;1991;10.87;3;6.61;17.2;3;
13472;48.2506;-1.7041;REF;1992;10.8;4;6.9;18.52;4;
13472;48.2506;-1.7041;REF;1993;11.16;1;6.4;13.68;1;
13472;48.2506;-1.7041;REF;1994;10.61;4;6.2;18.27;4;
13472;48.2506;-1.7041;REF;1995;11.27;4;6.51;19.97;4;
13472;48.2506;-1.7041;REF;1996;11.45;3;6.42;16.64;3;
13472;48.2506;-1.7041;REF;1997;11.06;2;6.43;18.16;4;
13472;48.2506;-1.7041;REF;1998;11.24;2;6.73;15.75;2;
13472;48.2506;-1.7041;REF;1999;11.93;3;4.58;16.9;3;
13472;48.2506;-1.7041;REF;2000;11.92;5;7.88;22.19;7;
13472;48.2506;-1.7041;REF;2001;10.92;4;8.03;19.8;6;
13472;48.2506;-1.7041;REF;2002;11.22;1;6.76;14.79;1;
13472;48.2506;-1.7041;REF;2003;11.82;5;7.45;21.51;6;
13472;48.2506;-1.7041;REF;2004;12.01;1;7.23;17.77;1;
13472;48.2506;-1.7041;REF;2005;11.56;2;4.69;15.13;3;
13473;48.2543;-1.5965;REF;1990;11.77;3;7.53;18.83;5;
13473;48.2543;-1.5965;REF;1991;10.98;3;6.63;15.84;3;
13473;48.2543;-1.5965;REF;1992;10.93;5;7.17;20.09;5;
13473;48.2543;-1.5965;REF;1993;11.28;1;5.97;14.7;1;
13473;48.2543;-1.5965;REF;1994;10.7;2;6.22;16.01;2;
13473;48.2543;-1.5965;REF;1995;11.4;4;6.3;19;4;
13473;48.2543;-1.5965;REF;1996;11.57;3;6.94;16.2;3;
13473;48.2543;-1.5965;REF;1997;11.2;2;6.76;16.74;4;
13473;48.2543;-1.5965;REF;1998;11.34;3;6.7;16.42;4;
13473;48.2543;-1.5965;REF;1999;12.08;4;4.1;19.69;5;
13473;48.2543;-1.5965;REF;2000;12.08;5;7.38;21.28;6;
13473;48.2543;-1.5965;REF;2001;11.07;3;7.28;19.02;5;
13473;48.2543;-1.5965;REF;2002;11.37;2;6.7;16.28;2;
13473;48.2543;-1.5965;REF;2003;11.94;4;7.95;20.51;7;
13473;48.2543;-1.5965;REF;2004;12.17;1;7.17;16.2;2;
13473;48.2543;-1.5965;REF;2005;11.68;1;4.74;13.41;1;
13474;48.2578;-1.489;REF;1990;11.8;4;8.22;19.93;4;
13474;48.2578;-1.489;REF;1991;10.98;3;7.3;16.96;3;
13474;48.2578;-1.489;REF;1992;10.9;6;8.4;20.98;6;
13474;48.2578;-1.489;REF;1993;11.28;1;6.81;16.17;1;
13474;48.2578;-1.489;REF;1994;10.68;3;6.98;18.57;3;
13474;48.2578;-1.489;REF;1995;11.41;4;6.67;21.19;4;
13474;48.2578;-1.489;REF;1996;11.61;4;6.93;19.96;4;
13474;48.2578;-1.489;REF;1997;11.18;3;7.66;17.89;3;
13474;48.2578;-1.489;REF;1998;11.33;3;7.56;15.88;3;
13474;48.2578;-1.489;REF;1999;12.12;4;4.64;20.13;4;
13474;48.2578;-1.489;REF;2000;12.1;6;8.24;22.47;6;
13474;48.2578;-1.489;REF;2001;11.08;4;8.42;20.11;4;
13474;48.2578;-1.489;REF;2002;11.4;1;7.77;16.42;1;
13474;48.2578;-1.489;REF;2003;11.95;6;8.44;21.66;6;
13474;48.2578;-1.489;REF;2004;12.21;2;7.82;18.31;2;
13474;48.2578;-1.489;REF;2005;11.66;2;5.41;14.23;2;
13475;48.2613;-1.3814;REF;1990;11.76;5;7.91;20.41;5;
13475;48.2613;-1.3814;REF;1991;10.87;2;6.8;17.19;2;
13475;48.2613;-1.3814;REF;1992;10.89;3;7.72;19.27;3;
13475;48.2613;-1.3814;REF;1993;11.23;2;6.48;15.21;2;
13475;48.2613;-1.3814;REF;1994;10.64;3;7.52;18.63;3;
13475;48.2613;-1.3814;REF;1995;11.38;8;7.33;24.96;7;
13475;48.2613;-1.3814;REF;1996;11.59;5;6.55;22.06;5;
13475;48.2613;-1.3814;REF;1997;11.15;5;7.09;25.74;5;
13475;48.2613;-1.3814;REF;1998;11.18;3;8.28;16.87;2;
13475;48.2613;-1.3814;REF;1999;12.06;3;4.64;17.91;3;
13475;48.2613;-1.3814;REF;2000;12.07;4;8.26;19.9;4;
13475;48.2613;-1.3814;REF;2001;11.03;4;7.89;18.54;4;
13475;48.2613;-1.3814;REF;2002;11.36;3;8.33;15.53;3;
13475;48.2613;-1.3814;REF;2003;11.86;5;8.1;20.77;5;
13475;48.2613;-1.3814;REF;2004;12.17;5;7.67;20.36;5;
13475;48.2613;-1.3814;REF;2005;11.56;1;5.72;13.85;1;
13476;48.2646;-1.2738;REF;1990;11.67;2;7.71;17.33;2;
13476;48.2646;-1.2738;REF;1991;10.77;3;6.98;18.48;3;
13476;48.2646;-1.2738;REF;1992;10.82;4;7.61;19.36;3;
13476;48.2646;-1.2738;REF;1993;11.15;2;7.22;16.69;2;
13476;48.2646;-1.2738;REF;1994;10.58;4;7.79;19.47;4;
13476;48.2646;-1.2738;REF;1995;11.32;6;7.31;23.98;6;
13476;48.2646;-1.2738;REF;1996;11.52;6;7.07;22.68;5;
13476;48.2646;-1.2738;REF;1997;11.14;6;7.28;26.57;5;
13476;48.2646;-1.2738;REF;1998;11.11;4;8.51;18.34;4;
13476;48.2646;-1.2738;REF;1999;12.01;3;5.22;18.36;3;
13476;48.2646;-1.2738;REF;2000;12.04;5;7.64;21.38;5;
13476;48.2646;-1.2738;REF;2001;10.99;2;7.67;18.12;2;
13476;48.2646;-1.2738;REF;2002;11.3;3;8.19;16.54;3;
13476;48.2646;-1.2738;REF;2003;11.78;5;8.28;21.06;5;
13476;48.2646;-1.2738;REF;2004;12.12;4;7.93;19.67;4;
13476;48.2646;-1.2738;REF;2005;11.49;0;5.92;14.01;0;
13477;48.2679;-1.1661;REF;1990;11.49;2;7.94;17.53;2;
13477;48.2679;-1.1661;REF;1991;10.6;3;7.06;18.69;3;
13477;48.2679;-1.1661;REF;1992;10.64;4;7.7;19.59;3;
13477;48.2679;-1.1661;REF;1993;10.98;2;7.3;16.9;2;
13477;48.2679;-1.1661;REF;1994;10.4;4;7.88;19.71;4;
13477;48.2679;-1.1661;REF;1995;11.14;7;7.54;24.3;6;
13477;48.2679;-1.1661;REF;1996;11.35;6;7.15;22.88;6;
13477;48.2679;-1.1661;REF;1997;10.96;6;7.32;26.89;5;
13477;48.2679;-1.1661;REF;1998;10.94;4;8.61;18.58;4;
13477;48.2679;-1.1661;REF;1999;11.84;4;5.12;18.59;3;
13477;48.2679;-1.1661;REF;2000;11.87;5;7.66;21.65;5;
13477;48.2679;-1.1661;REF;2001;10.82;2;7.76;18.34;2;
13477;48.2679;-1.1661;REF;2002;11.11;3;8.38;16.61;3;
13477;48.2679;-1.1661;REF;2003;11.6;5;8.37;21.31;5;
13477;48.2679;-1.1661;REF;2004;11.95;4;8.03;19.91;4;
13477;48.2679;-1.1661;REF;2005;11.32;0;5.98;14.18;0;
13591;48.2053;-4.2893;REF;1990;12.14;5;8.79;20.29;6;
13591;48.2053;-4.2893;REF;1991;11.35;1;7.58;16.52;1;
13591;48.2053;-4.2893;REF;1992;11.3;3;9.06;19.5;4;
13591;48.2053;-4.2893;REF;1993;11.65;2;7.51;18.16;2;
13591;48.2053;-4.2893;REF;1994;11.06;1;8;17.04;1;
13591;48.2053;-4.2893;REF;1995;11.51;4;6.65;19.18;4;
13591;48.2053;-4.2893;REF;1996;11.88;7;7.11;22.39;8;
13591;48.2053;-4.2893;REF;1997;11.52;2;7.24;16.51;3;
13591;48.2053;-4.2893;REF;1998;11.77;1;6.93;17.33;1;
13591;48.2053;-4.2893;REF;1999;12.21;3;5.61;17.21;3;
13591;48.2053;-4.2893;REF;2000;12.38;8;6.83;22.72;8;
13591;48.2053;-4.2893;REF;2001;11.31;4;7.07;19.4;4;
13591;48.2053;-4.2893;REF;2002;11.67;0;7.32;17.36;1;
13591;48.2053;-4.2893;REF;2003;12.21;2;7.38;19.28;4;
13591;48.2053;-4.2893;REF;2004;12.33;4;7.34;21.75;5;
13591;48.2053;-4.2893;REF;2005;11.87;2;4.85;16.53;2;
13592;48.2113;-4.1821;REF;1990;11.79;13;10.93;25.2;5;
13592;48.2113;-4.1821;REF;1991;10.86;4;9.55;19.74;1;
13592;48.2113;-4.1821;REF;1992;10.79;6;11.78;24.68;5;
13592;48.2113;-4.1821;REF;1993;11.19;6;9.53;24.12;4;
13592;48.2113;-4.1821;REF;1994;10.54;6;10.03;22.25;1;
13592;48.2113;-4.1821;REF;1995;11.04;6;8.46;23.31;4;
13592;48.2113;-4.1821;REF;1996;11.46;11;8.97;25.61;5;
13592;48.2113;-4.1821;REF;1997;11.06;5;9.28;21.05;2;
13592;48.2113;-4.1821;REF;1998;11.33;5;8.88;20.53;1;
13592;48.2113;-4.1821;REF;1999;11.85;7;7.41;22.13;3;
13592;48.2113;-4.1821;REF;2000;12.01;12;8.58;25.69;6;
13592;48.2113;-4.1821;REF;2001;10.8;7;9.54;24.86;4;
13592;48.2113;-4.1821;REF;2002;11.24;7;9.32;21.87;1;
13592;48.2113;-4.1821;REF;2003;11.81;8;9.56;23.73;3;
13592;48.2113;-4.1821;REF;2004;11.97;10;10.03;28.12;8;
13592;48.2113;-4.1821;REF;2005;11.42;6;6.39;22.48;3;
13593;48.2172;-4.0748;REF;1990;12.08;12;10.25;25.18;6;
13593;48.2172;-4.0748;REF;1991;11.11;3;8.63;19.17;2;
13593;48.2172;-4.0748;REF;1992;11.08;7;11.39;24.37;5;
13593;48.2172;-4.0748;REF;1993;11.45;5;9.54;23.15;3;
13593;48.2172;-4.0748;REF;1994;10.81;4;9.61;20.68;4;
13593;48.2172;-4.0748;REF;1995;11.34;5;9.28;24.3;4;
13593;48.2172;-4.0748;REF;1996;11.72;11;9.57;24.94;5;
13593;48.2172;-4.0748;REF;1997;11.32;4;9.13;19.34;1;
13593;48.2172;-4.0748;REF;1998;11.57;6;8.47;24.2;5;
13593;48.2172;-4.0748;REF;1999;12.19;6;7.03;23.48;3;
13593;48.2172;-4.0748;REF;2000;12.31;11;8.84;24.69;5;
13593;48.2172;-4.0748;REF;2001;11.08;7;9.48;23.83;4;
13593;48.2172;-4.0748;REF;2002;11.44;6;9.5;21.07;0;
13593;48.2172;-4.0748;REF;2003;12.13;8;9.46;23.77;4;
13593;48.2172;-4.0748;REF;2004;12.23;10;9.69;28.43;7;
13593;48.2172;-4.0748;REF;2005;11.7;8;6.23;21.66;3;
13594;48.223;-3.9675;REF;1990;11.8;12;11.34;27.61;8;
13594;48.223;-3.9675;REF;1991;10.82;6;9.52;22.77;2;
13594;48.223;-3.9675;REF;1992;10.8;10;11.8;27.29;5;
13594;48.223;-3.9675;REF;1993;11.16;6;9.81;23.89;4;
13594;48.223;-3.9675;REF;1994;10.58;10;10.59;21.78;2;
13594;48.223;-3.9675;REF;1995;11.1;7;11.32;27.76;5;
13594;48.223;-3.9675;REF;1996;11.45;10;10.4;27.66;5;
13594;48.223;-3.9675;REF;1997;11.04;4;10.07;19.42;1;
13594;48.223;-3.9675;REF;1998;11.3;7;9.93;23.52;3;
13594;48.223;-3.9675;REF;1999;11.99;10;7.92;23.24;3;
13594;48.223;-3.9675;REF;2000;12.11;11;9.2;28.64;6;
13594;48.223;-3.9675;REF;2001;10.85;11;10.18;25.63;4;
13594;48.223;-3.9675;REF;2002;11.17;8;11.1;22.21;1;
13594;48.223;-3.9675;REF;2003;11.88;12;10.51;24.81;4;
13594;48.223;-3.9675;REF;2004;11.97;11;10.19;35.64;7;
13594;48.223;-3.9675;REF;2005;11.46;8;7.63;25.03;3;
13595;48.2287;-3.8602;REF;1990;11.68;12;11.47;27.82;8;
13595;48.2287;-3.8602;REF;1991;10.7;6;9.6;22.95;2;
13595;48.2287;-3.8602;REF;1992;10.68;11;11.9;27.51;5;
13595;48.2287;-3.8602;REF;1993;11.04;7;9.88;24.08;4;
13595;48.2287;-3.8602;REF;1994;10.47;10;10.68;21.96;2;
13595;48.2287;-3.8602;REF;1995;10.99;7;11.41;28.05;5;
13595;48.2287;-3.8602;REF;1996;11.34;10;10.48;28.05;5;
13595;48.2287;-3.8602;REF;1997;10.93;4;10.15;19.56;1;
13595;48.2287;-3.8602;REF;1998;11.18;7;9.94;23.7;3;
13595;48.2287;-3.8602;REF;1999;11.86;10;7.95;23.41;3;
13595;48.2287;-3.8602;REF;2000;11.99;11;9.28;28.87;6;
13595;48.2287;-3.8602;REF;2001;10.74;11;10.23;25.83;4;
13595;48.2287;-3.8602;REF;2002;11.05;8;11.18;22.39;1;
13595;48.2287;-3.8602;REF;2003;11.75;12;10.59;24.99;4;
13595;48.2287;-3.8602;REF;2004;11.85;12;10.27;35.92;7;
13595;48.2287;-3.8602;REF;2005;11.33;8;7.66;25.23;3;
13596;48.2344;-3.7529;REF;1990;11.65;13;11.58;28.68;7;
13596;48.2344;-3.7529;REF;1991;10.72;7;9.96;22.13;2;
13596;48.2344;-3.7529;REF;1992;10.67;12;11.83;27.16;5;
13596;48.2344;-3.7529;REF;1993;11.04;8;10.28;24.39;3;
13596;48.2344;-3.7529;REF;1994;10.49;9;10.27;22;1;
13596;48.2344;-3.7529;REF;1995;10.99;7;10.82;27.13;4;
13596;48.2344;-3.7529;REF;1996;11.34;10;9.67;29.47;5;
13596;48.2344;-3.7529;REF;1997;10.94;3;9.8;19.19;1;
13596;48.2344;-3.7529;REF;1998;11.18;5;10.09;23.25;4;
13596;48.2344;-3.7529;REF;1999;11.85;8;7.88;25.42;4;
13596;48.2344;-3.7529;REF;2000;11.98;11;9.66;25.82;4;
13596;48.2344;-3.7529;REF;2001;10.74;11;9.64;24.7;4;
13596;48.2344;-3.7529;REF;2002;11.03;10;11.6;23.31;3;
13596;48.2344;-3.7529;REF;2003;11.76;14;11.11;24.89;4;
13596;48.2344;-3.7529;REF;2004;11.84;12;10.59;35.04;8;
13596;48.2344;-3.7529;REF;2005;11.37;7;8.01;24.79;3;
13597;48.2399;-3.6455;REF;1990;11.63;13;11.92;28.61;6;
13597;48.2399;-3.6455;REF;1991;10.72;6;10.09;24.26;4;
13597;48.2399;-3.6455;REF;1992;10.65;13;11.72;26;4;
13597;48.2399;-3.6455;REF;1993;11.04;8;10.52;24.81;3;
13597;48.2399;-3.6455;REF;1994;10.52;6;10.14;22.77;1;
13597;48.2399;-3.6455;REF;1995;10.96;8;10.53;25.76;4;
13597;48.2399;-3.6455;REF;1996;11.34;9;9.65;26.44;4;
13597;48.2399;-3.6455;REF;1997;10.94;3;10.14;18.72;2;
13597;48.2399;-3.6455;REF;1998;11.18;5;9.76;21.32;3;
13597;48.2399;-3.6455;REF;1999;11.82;10;7.57;24.04;4;
13597;48.2399;-3.6455;REF;2000;11.97;11;9.89;25.89;4;
13597;48.2399;-3.6455;REF;2001;10.74;10;9.64;25.68;5;
13597;48.2399;-3.6455;REF;2002;11.01;10;11.12;23.33;3;
13597;48.2399;-3.6455;REF;2003;11.75;10;12.23;23.98;2;
13597;48.2399;-3.6455;REF;2004;11.83;11;10.42;33.05;9;
13597;48.2399;-3.6455;REF;2005;11.41;6;7.96;21.8;2;
13598;48.2453;-3.5382;REF;1990;11.48;12;11.28;25.76;6;
13598;48.2453;-3.5382;REF;1991;10.63;5;9.29;22.53;4;
13598;48.2453;-3.5382;REF;1992;10.55;12;10.38;25.26;5;
13598;48.2453;-3.5382;REF;1993;10.91;7;9.77;24.27;4;
13598;48.2453;-3.5382;REF;1994;10.39;5;8.91;20.62;0;
13598;48.2453;-3.5382;REF;1995;10.84;6;9.15;24.13;4;
13598;48.2453;-3.5382;REF;1996;11.18;8;8.6;26.14;5;
13598;48.2453;-3.5382;REF;1997;10.85;3;8.98;17.44;2;
13598;48.2453;-3.5382;REF;1998;11.07;4;9.01;20.86;3;
13598;48.2453;-3.5382;REF;1999;11.62;9;7.17;24.28;4;
13598;48.2453;-3.5382;REF;2000;11.79;10;9.53;23.13;3;
13598;48.2453;-3.5382;REF;2001;10.61;9;9.01;22.97;3;
13598;48.2453;-3.5382;REF;2002;10.88;7;10.27;22.83;2;
13598;48.2453;-3.5382;REF;2003;11.58;8;10.88;23.55;2;
13598;48.2453;-3.5382;REF;2004;11.68;10;9.93;30.68;8;
13598;48.2453;-3.5382;REF;2005;11.27;6;7.44;21.47;3;
13599;48.2506;-3.4308;REF;1990;11.28;9;10.12;26.02;5;
13599;48.2506;-3.4308;REF;1991;10.42;5;9.04;21.95;4;
13599;48.2506;-3.4308;REF;1992;10.36;10;9.63;24.8;5;
13599;48.2506;-3.4308;REF;1993;10.75;6;8.36;22.29;3;
13599;48.2506;-3.4308;REF;1994;10.25;2;8.72;17.97;0;
13599;48.2506;-3.4308;REF;1995;10.68;4;8.13;20.48;4;
13599;48.2506;-3.4308;REF;1996;11.04;5;8.29;22.18;4;
13599;48.2506;-3.4308;REF;1997;10.67;4;8.22;20.15;2;
13599;48.2506;-3.4308;REF;1998;10.86;3;8.7;18.18;3;
13599;48.2506;-3.4308;REF;1999;11.52;5;6.43;21.47;4;
13599;48.2506;-3.4308;REF;2000;11.64;9;8.57;24.59;6;
13599;48.2506;-3.4308;REF;2001;10.5;9;9.34;22.67;4;
13599;48.2506;-3.4308;REF;2002;10.73;3;9.1;19.58;3;
13599;48.2506;-3.4308;REF;2003;11.45;7;9.95;22.6;4;
13599;48.2506;-3.4308;REF;2004;11.49;8;9.52;29.53;7;
13599;48.2506;-3.4308;REF;2005;11.14;4;7;20.17;2;
13600;48.2559;-3.3233;REF;1990;11.18;8;10.08;25.11;5;
13600;48.2559;-3.3233;REF;1991;10.32;7;8.68;21.23;2;
13600;48.2559;-3.3233;REF;1992;10.23;8;10;24.84;7;
13600;48.2559;-3.3233;REF;1993;10.64;5;9.38;21.66;3;
13600;48.2559;-3.3233;REF;1994;10.15;2;9.15;18.38;0;
13600;48.2559;-3.3233;REF;1995;10.58;4;8.62;21.19;4;
13600;48.2559;-3.3233;REF;1996;10.92;6;8.57;26.46;5;
13600;48.2559;-3.3233;REF;1997;10.55;5;8.01;20.96;3;
13600;48.2559;-3.3233;REF;1998;10.73;3;8.34;18.87;3;
13600;48.2559;-3.3233;REF;1999;11.41;8;6.74;21.01;2;
13600;48.2559;-3.3233;REF;2000;11.55;10;8.61;24.9;6;
13600;48.2559;-3.3233;REF;2001;10.38;10;10.65;22.4;3;
13600;48.2559;-3.3233;REF;2002;10.6;6;9.01;21.94;4;
13600;48.2559;-3.3233;REF;2003;11.32;7;9.81;22.65;3;
13600;48.2559;-3.3233;REF;2004;11.36;8;9.01;29.9;7;
13600;48.2559;-3.3233;REF;2005;11.03;4;6.98;20.01;2;
13601;48.261;-3.2159;REF;1990;11.4;7;10.06;24.82;5;
13601;48.261;-3.2159;REF;1991;10.52;7;8.56;20.94;2;
13601;48.261;-3.2159;REF;1992;10.43;8;9.87;24.59;7;
13601;48.261;-3.2159;REF;1993;10.84;5;9.25;21.15;3;
13601;48.261;-3.2159;REF;1994;10.35;2;9.02;18.13;0;
13601;48.261;-3.2159;REF;1995;10.78;4;8.52;20.91;4;
13601;48.261;-3.2159;REF;1996;11.13;5;8.45;26.18;5;
13601;48.261;-3.2159;REF;1997;10.75;5;7.89;20.69;3;
13601;48.261;-3.2159;REF;1998;10.93;3;8.23;18.63;3;
13601;48.261;-3.2159;REF;1999;11.62;7;6.64;20.72;2;
13601;48.261;-3.2159;REF;2000;11.75;10;8.46;24.54;6;
13601;48.261;-3.2159;REF;2001;10.58;10;10.5;22.09;3;
13601;48.261;-3.2159;REF;2002;10.8;6;8.89;21.64;4;
13601;48.261;-3.2159;REF;2003;11.52;7;9.68;22.42;4;
13601;48.261;-3.2159;REF;2004;11.55;7;8.89;29.49;7;
13601;48.261;-3.2159;REF;2005;11.23;3;6.88;19.76;2;
13602;48.266;-3.1084;REF;1990;11.34;7;9.97;23.64;5;
13602;48.266;-3.1084;REF;1991;10.48;6;7.72;20.46;1;
13602;48.266;-3.1084;REF;1992;10.38;8;10.17;24.29;7;
13602;48.266;-3.1084;REF;1993;10.8;5;9.24;21.21;2;
13602;48.266;-3.1084;REF;1994;10.31;2;9.37;17.2;0;
13602;48.266;-3.1084;REF;1995;10.74;7;9.27;21.36;3;
13602;48.266;-3.1084;REF;1996;11.08;7;8.36;27.07;5;
13602;48.266;-3.1084;REF;1997;10.72;4;7.81;20.68;3;
13602;48.266;-3.1084;REF;1998;10.88;4;8.67;19.92;3;
13602;48.266;-3.1084;REF;1999;11.54;5;6.47;20.98;3;
13602;48.266;-3.1084;REF;2000;11.7;10;8.49;25.96;8;
13602;48.266;-3.1084;REF;2001;10.54;10;10.45;22.93;4;
13602;48.266;-3.1084;REF;2002;10.77;5;8.81;20.82;3;
13602;48.266;-3.1084;REF;2003;11.47;6;9.46;22.64;4;
13602;48.266;-3.1084;REF;2004;11.55;7;9.21;27.54;6;
13602;48.266;-3.1084;REF;2005;11.17;4;6.66;19.39;2;
13603;48.2709;-3.0009;REF;1990;11.01;7;10.19;24.18;5;
13603;48.2709;-3.0009;REF;1991;10.17;6;7.9;20.86;1;
13603;48.2709;-3.0009;REF;1992;10.05;8;10.34;24.68;8;
13603;48.2709;-3.0009;REF;1993;10.49;6;9.44;21.58;2;
13603;48.2709;-3.0009;REF;1994;9.99;2;9.66;17.57;0;
13603;48.2709;-3.0009;REF;1995;10.43;7;9.48;21.7;3;
13603;48.2709;-3.0009;REF;1996;10.76;7;8.56;27.53;5;
13603;48.2709;-3.0009;REF;1997;10.4;5;7.98;21.11;3;
13603;48.2709;-3.0009;REF;1998;10.57;4;8.82;20.31;3;
13603;48.2709;-3.0009;REF;1999;11.22;5;6.69;21.41;3;
13603;48.2709;-3.0009;REF;2000;11.38;12;8.66;26.39;8;
13603;48.2709;-3.0009;REF;2001;10.23;10;10.79;23.06;4;
13603;48.2709;-3.0009;REF;2002;10.46;5;9.04;20.94;3;
13603;48.2709;-3.0009;REF;2003;11.14;6;9.8;23.02;4;
13603;48.2709;-3.0009;REF;2004;11.24;7;9.42;28.13;6;
13603;48.2709;-3.0009;REF;2005;10.86;4;6.81;19.79;2;
13604;48.2758;-2.8934;REF;1990;11.13;9;8.78;23.64;5;
13604;48.2758;-2.8934;REF;1991;10.31;7;7.4;22.24;4;
13604;48.2758;-2.8934;REF;1992;10.18;8;8.95;23.59;6;
13604;48.2758;-2.8934;REF;1993;10.6;4;7.64;18.85;1;
13604;48.2758;-2.8934;REF;1994;10.1;2;7.66;16;2;
13604;48.2758;-2.8934;REF;1995;10.56;3;8.05;19.57;2;
13604;48.2758;-2.8934;REF;1996;10.83;8;7.28;27.54;7;
13604;48.2758;-2.8934;REF;1997;10.52;5;6.74;21.55;4;
13604;48.2758;-2.8934;REF;1998;10.68;6;8.29;21.32;4;
13604;48.2758;-2.8934;REF;1999;11.33;3;5.55;16.15;2;
13604;48.2758;-2.8934;REF;2000;11.47;10;7.16;29.86;8;
13604;48.2758;-2.8934;REF;2001;10.33;8;9.48;23.55;5;
13604;48.2758;-2.8934;REF;2002;10.57;5;8.72;20.97;2;
13604;48.2758;-2.8934;REF;2003;11.27;4;7.92;21.45;4;
13604;48.2758;-2.8934;REF;2004;11.37;5;7.41;20.98;4;
13604;48.2758;-2.8934;REF;2005;10.97;1;5.78;17.32;1;
13605;48.2805;-2.7859;REF;1990;11.05;7;9.05;22.08;3;
13605;48.2805;-2.7859;REF;1991;10.29;7;7.56;24.52;5;
13605;48.2805;-2.7859;REF;1992;10.13;7;8.93;22.52;4;
13605;48.2805;-2.7859;REF;1993;10.54;2;7.78;18.06;2;
13605;48.2805;-2.7859;REF;1994;10.04;3;6.91;15.36;3;
13605;48.2805;-2.7859;REF;1995;10.51;5;8.49;20.46;2;
13605;48.2805;-2.7859;REF;1996;10.76;8;7.6;28.32;6;
13605;48.2805;-2.7859;REF;1997;10.47;4;6.9;17.35;3;
13605;48.2805;-2.7859;REF;1998;10.65;5;7.98;21.7;4;
13605;48.2805;-2.7859;REF;1999;11.28;3;5.14;16.34;3;
13605;48.2805;-2.7859;REF;2000;11.44;13;8.42;31.6;8;
13605;48.2805;-2.7859;REF;2001;10.31;9;9.17;23.39;6;
13605;48.2805;-2.7859;REF;2002;10.55;5;7.92;21.21;3;
13605;48.2805;-2.7859;REF;2003;11.24;5;7.94;23.95;4;
13605;48.2805;-2.7859;REF;2004;11.34;6;7.94;21.8;4;
13605;48.2805;-2.7859;REF;2005;10.94;1;5.43;15.72;1;
13606;48.2851;-2.6784;REF;1990;11.25;7;8.94;21.8;3;
13606;48.2851;-2.6784;REF;1991;10.48;7;7.46;24.21;5;
13606;48.2851;-2.6784;REF;1992;10.33;7;8.84;22.23;4;
13606;48.2851;-2.6784;REF;1993;10.73;2;7.7;17.83;2;
13606;48.2851;-2.6784;REF;1994;10.24;3;6.83;15.17;3;
13606;48.2851;-2.6784;REF;1995;10.71;4;8.38;20.19;2;
13606;48.2851;-2.6784;REF;1996;10.96;8;7.5;28.01;6;
13606;48.2851;-2.6784;REF;1997;10.67;4;6.82;17.13;3;
13606;48.2851;-2.6784;REF;1998;10.84;5;7.88;21.42;4;
13606;48.2851;-2.6784;REF;1999;11.48;3;4.93;16.25;3;
13606;48.2851;-2.6784;REF;2000;11.63;12;8.31;31.22;8;
13606;48.2851;-2.6784;REF;2001;10.5;8;9.07;23.23;6;
13606;48.2851;-2.6784;REF;2002;10.75;5;7.86;20.94;3;
13606;48.2851;-2.6784;REF;2003;11.45;5;7.84;23.67;4;
13606;48.2851;-2.6784;REF;2004;11.53;5;8.05;21.55;4;
13606;48.2851;-2.6784;REF;2005;11.14;1;5.37;15.52;1;
13607;48.2897;-2.5708;REF;1990;10.88;8;8.79;23.81;6;
13607;48.2897;-2.5708;REF;1991;10.17;6;7.39;25.04;5;
13607;48.2897;-2.5708;REF;1992;9.99;7;8.63;22.65;3;
13607;48.2897;-2.5708;REF;1993;10.42;4;8.44;19.19;3;
13607;48.2897;-2.5708;REF;1994;9.91;3;7.27;15.55;3;
13607;48.2897;-2.5708;REF;1995;10.35;6;8.18;22.19;2;
13607;48.2897;-2.5708;REF;1996;10.64;8;7.15;24.33;5;
13607;48.2897;-2.5708;REF;1997;10.34;4;7.33;17.17;3;
13607;48.2897;-2.5708;REF;1998;10.55;5;7.74;21.51;4;
13607;48.2897;-2.5708;REF;1999;11.15;3;5.22;16.2;3;
13607;48.2897;-2.5708;REF;2000;11.29;11;8.96;25.71;6;
13607;48.2897;-2.5708;REF;2001;10.17;9;9.12;24.63;4;
13607;48.2897;-2.5708;REF;2002;10.41;7;8.17;22.35;4;
13607;48.2897;-2.5708;REF;2003;11.12;6;8.21;24.9;5;
13607;48.2897;-2.5708;REF;2004;11.2;6;8.27;21.39;4;
13607;48.2897;-2.5708;REF;2005;10.84;2;5.38;16.24;1;
13608;48.2941;-2.4632;REF;1990;11.22;8;7.91;23.43;5;
13608;48.2941;-2.4632;REF;1991;10.49;7;7.45;24.04;5;
13608;48.2941;-2.4632;REF;1992;10.31;5;8.2;22.37;4;
13608;48.2941;-2.4632;REF;1993;10.72;4;7.51;18.68;3;
13608;48.2941;-2.4632;REF;1994;10.23;5;6.65;20.3;3;
13608;48.2941;-2.4632;REF;1995;10.69;6;8.44;22.07;4;
13608;48.2941;-2.4632;REF;1996;10.96;6;6.89;22.38;4;
13608;48.2941;-2.4632;REF;1997;10.67;4;7.38;16.56;3;
13608;48.2941;-2.4632;REF;1998;10.86;4;7.85;19.94;2;
13608;48.2941;-2.4632;REF;1999;11.49;5;5.23;24.99;4;
13608;48.2941;-2.4632;REF;2000;11.59;10;8.34;27.56;8;
13608;48.2941;-2.4632;REF;2001;10.5;7;8.59;22.76;5;
13608;48.2941;-2.4632;REF;2002;10.74;6;8.05;22.69;5;
13608;48.2941;-2.4632;REF;2003;11.42;4;8.37;23.67;4;
13608;48.2941;-2.4632;REF;2004;11.49;4;8.03;19.06;3;
13608;48.2941;-2.4632;REF;2005;11.19;1;5.28;15.76;1;
13609;48.2985;-2.3556;REF;1990;11.36;6;7.1;21.18;6;
13609;48.2985;-2.3556;REF;1991;10.6;6;6.81;21.64;6;
13609;48.2985;-2.3556;REF;1992;10.44;4;7.15;19.17;4;
13609;48.2985;-2.3556;REF;1993;10.86;2;6.92;16.27;3;
13609;48.2985;-2.3556;REF;1994;10.33;2;5.91;16.25;2;
13609;48.2985;-2.3556;REF;1995;10.87;5;6.93;20.89;5;
13609;48.2985;-2.3556;REF;1996;11.08;3;6.43;18.93;4;
13609;48.2985;-2.3556;REF;1997;10.8;3;6.99;15.05;3;
13609;48.2985;-2.3556;REF;1998;11;3;6.86;15.53;3;
13609;48.2985;-2.3556;REF;1999;11.61;5;4.7;20.58;5;
13609;48.2985;-2.3556;REF;2000;11.72;5;6.86;22.95;8;
13609;48.2985;-2.3556;REF;2001;10.57;3;7.88;17.52;3;
13609;48.2985;-2.3556;REF;2002;10.84;2;7.1;15.33;2;
13609;48.2985;-2.3556;REF;2003;11.56;4;7.01;21.38;4;
13609;48.2985;-2.3556;REF;2004;11.62;3;7.07;17.4;3;
13609;48.2985;-2.3556;REF;2005;11.33;1;5.22;13.79;1;
13610;48.3027;-2.248;REF;1990;11.63;3;6.98;17.91;4;
13610;48.3027;-2.248;REF;1991;10.8;4;6.71;19.23;5;
13610;48.3027;-2.248;REF;1992;10.72;3;6.85;18.12;3;
13610;48.3027;-2.248;REF;1993;11.11;3;6.18;15.41;3;
13610;48.3027;-2.248;REF;1994;10.61;3;5.69;16.57;3;
13610;48.3027;-2.248;REF;1995;11.16;3;6.72;17.72;4;
13610;48.3027;-2.248;REF;1996;11.33;3;6.11;18.87;4;
13610;48.3027;-2.248;REF;1997;11.03;2;6.69;16.45;2;
13610;48.3027;-2.248;REF;1998;11.22;2;6.61;14.4;3;
13610;48.3027;-2.248;REF;1999;11.87;3;4.59;17.33;3;
13610;48.3027;-2.248;REF;2000;11.94;6;7.41;26.61;10;
13610;48.3027;-2.248;REF;2001;10.81;4;7.69;19.05;4;
13610;48.3027;-2.248;REF;2002;11.1;1;6.81;16.06;2;
13610;48.3027;-2.248;REF;2003;11.79;5;7.23;23.2;5;
13610;48.3027;-2.248;REF;2004;11.88;3;7.05;16.89;3;
13610;48.3027;-2.248;REF;2005;11.55;2;4.9;14.06;2;
13611;48.3068;-2.1404;REF;1990;11.74;2;7.18;18.33;4;
13611;48.3068;-2.1404;REF;1991;10.95;4;6.56;19.97;5;
13611;48.3068;-2.1404;REF;1992;10.87;4;7.34;19;4;
13611;48.3068;-2.1404;REF;1993;11.24;2;6.2;14.28;3;
13611;48.3068;-2.1404;REF;1994;10.7;3;5.41;17.82;3;
13611;48.3068;-2.1404;REF;1995;11.28;1;6.69;17.89;3;
13611;48.3068;-2.1404;REF;1996;11.47;3;6.39;19.52;5;
13611;48.3068;-2.1404;REF;1997;11.12;1;6.31;14.08;2;
13611;48.3068;-2.1404;REF;1998;11.34;3;6.6;15.43;3;
13611;48.3068;-2.1404;REF;1999;12.01;2;5.08;14.61;3;
13611;48.3068;-2.1404;REF;2000;12.04;7;7.63;23.6;8;
13611;48.3068;-2.1404;REF;2001;10.93;4;6.97;18.86;4;
13611;48.3068;-2.1404;REF;2002;11.26;2;6.44;16.07;2;
13611;48.3068;-2.1404;REF;2003;11.92;5;7.26;24.85;5;
13611;48.3068;-2.1404;REF;2004;12.02;4;7.07;17.32;4;
13611;48.3068;-2.1404;REF;2005;11.64;1;4.87;15.23;1;
13612;48.3109;-2.0327;REF;1990;11.82;1;7.06;18.25;4;
13612;48.3109;-2.0327;REF;1991;11.02;4;6.53;19.88;5;
13612;48.3109;-2.0327;REF;1992;10.94;4;7.27;18.92;4;
13612;48.3109;-2.0327;REF;1993;11.31;2;6.17;14.21;3;
13612;48.3109;-2.0327;REF;1994;10.78;3;5.38;17.74;3;
13612;48.3109;-2.0327;REF;1995;11.35;1;6.66;17.89;3;
13612;48.3109;-2.0327;REF;1996;11.54;3;6.34;19.44;5;
13612;48.3109;-2.0327;REF;1997;11.19;1;6.28;14.01;2;
13612;48.3109;-2.0327;REF;1998;11.41;3;6.55;15.34;3;
13612;48.3109;-2.0327;REF;1999;12.08;2;5.06;14.54;3;
13612;48.3109;-2.0327;REF;2000;12.12;7;7.7;23.49;8;
13612;48.3109;-2.0327;REF;2001;11;4;6.96;18.77;4;
13612;48.3109;-2.0327;REF;2002;11.34;2;6.46;16.04;2;
13612;48.3109;-2.0327;REF;2003;11.99;5;7.23;24.74;5;
13612;48.3109;-2.0327;REF;2004;12.09;3;7.04;17.32;4;
13612;48.3109;-2.0327;REF;2005;11.71;1;4.85;15.16;1;
13613;48.3148;-1.925;REF;1990;11.61;2;7.46;16.99;2;
13613;48.3148;-1.925;REF;1991;10.86;3;6.75;16.98;3;
13613;48.3148;-1.925;REF;1992;10.75;5;7.69;21.37;6;
13613;48.3148;-1.925;REF;1993;11.14;2;6.69;13.97;2;
13613;48.3148;-1.925;REF;1994;10.57;4;5.39;18.56;4;
13613;48.3148;-1.925;REF;1995;11.18;3;6.83;17.46;3;
13613;48.3148;-1.925;REF;1996;11.38;4;7.08;18.07;4;
13613;48.3148;-1.925;REF;1997;11.02;3;6.43;16.66;4;
13613;48.3148;-1.925;REF;1998;11.26;0;6.95;14.3;3;
13613;48.3148;-1.925;REF;1999;11.87;3;4.96;14.64;3;
13613;48.3148;-1.925;REF;2000;11.9;6;7.34;22.37;7;
13613;48.3148;-1.925;REF;2001;10.84;3;6.93;18.48;4;
13613;48.3148;-1.925;REF;2002;11.19;1;6.95;14.78;1;
13613;48.3148;-1.925;REF;2003;11.8;5;7.86;24.78;6;
13613;48.3148;-1.925;REF;2004;11.99;3;6.58;17.99;4;
13613;48.3148;-1.925;REF;2005;11.53;2;4.59;15.98;3;
13614;48.3187;-1.8174;REF;1990;11.83;2;7.17;17.26;2;
13614;48.3187;-1.8174;REF;1991;11.05;2;6.5;16.54;3;
13614;48.3187;-1.8174;REF;1992;10.98;3;6.66;17.77;4;
13614;48.3187;-1.8174;REF;1993;11.33;1;6.44;13.36;2;
13614;48.3187;-1.8174;REF;1994;10.8;4;5.56;18.53;4;
13614;48.3187;-1.8174;REF;1995;11.44;3;6.95;18.27;4;
13614;48.3187;-1.8174;REF;1996;11.61;3;5.78;16.25;3;
13614;48.3187;-1.8174;REF;1997;11.22;3;6.59;16.04;4;
13614;48.3187;-1.8174;REF;1998;11.44;1;6.5;14.98;2;
13614;48.3187;-1.8174;REF;1999;12.1;3;4.75;14.31;3;
13614;48.3187;-1.8174;REF;2000;12.12;5;7.22;21.18;7;
13614;48.3187;-1.8174;REF;2001;11.08;3;7.5;19;5;
13614;48.3187;-1.8174;REF;2002;11.39;3;6.49;16.66;4;
13614;48.3187;-1.8174;REF;2003;12.01;5;7.12;21.27;6;
13614;48.3187;-1.8174;REF;2004;12.18;1;6.59;16.97;2;
13614;48.3187;-1.8174;REF;2005;11.73;2;4.4;15.82;2;
13615;48.3224;-1.7097;REF;1990;11.76;3;6.96;17.71;3;
13615;48.3224;-1.7097;REF;1991;10.98;3;6.57;17.29;3;
13615;48.3224;-1.7097;REF;1992;10.92;4;6.86;18.4;4;
13615;48.3224;-1.7097;REF;1993;11.28;1;6.36;13.71;1;
13615;48.3224;-1.7097;REF;1994;10.73;4;6.18;18.15;4;
13615;48.3224;-1.7097;REF;1995;11.38;4;6.51;19.83;4;
13615;48.3224;-1.7097;REF;1996;11.56;3;6.38;16.55;3;
13615;48.3224;-1.7097;REF;1997;11.17;2;6.38;18.03;4;
13615;48.3224;-1.7097;REF;1998;11.36;2;6.68;15.64;2;
13615;48.3224;-1.7097;REF;1999;12.06;3;4.54;16.78;3;
13615;48.3224;-1.7097;REF;2000;12.04;5;7.82;22.03;7;
13615;48.3224;-1.7097;REF;2001;11.04;4;7.97;19.66;6;
13615;48.3224;-1.7097;REF;2002;11.34;1;6.71;14.69;1;
13615;48.3224;-1.7097;REF;2003;11.93;5;7.4;21.37;6;
13615;48.3224;-1.7097;REF;2004;12.13;1;7.18;17.65;1;
13615;48.3224;-1.7097;REF;2005;11.67;2;4.66;15.03;3;
13616;48.3261;-1.6019;REF;1990;11.68;3;7.57;18.93;5;
13616;48.3261;-1.6019;REF;1991;10.9;3;6.67;15.86;3;
13616;48.3261;-1.6019;REF;1992;10.83;5;7.21;20.21;5;
13616;48.3261;-1.6019;REF;1993;11.19;1;5.98;14.78;1;
13616;48.3261;-1.6019;REF;1994;10.61;2;6.26;16.11;2;
13616;48.3261;-1.6019;REF;1995;11.31;4;6.3;19.11;4;
13616;48.3261;-1.6019;REF;1996;11.48;3;6.98;16.29;3;
13616;48.3261;-1.6019;REF;1997;11.11;2;6.8;16.83;3;
13616;48.3261;-1.6019;REF;1998;11.24;2;6.7;16.51;4;
13616;48.3261;-1.6019;REF;1999;11.97;4;4.12;19.8;5;
13616;48.3261;-1.6019;REF;2000;11.98;5;7.42;21.4;6;
13616;48.3261;-1.6019;REF;2001;10.98;3;7.32;18.85;5;
13616;48.3261;-1.6019;REF;2002;11.27;2;6.73;16.37;2;
13616;48.3261;-1.6019;REF;2003;11.85;4;7.99;20.62;7;
13616;48.3261;-1.6019;REF;2004;12.08;1;7.21;16.29;2;
13616;48.3261;-1.6019;REF;2005;11.59;1;4.77;13.49;1;
13617;48.3296;-1.4942;REF;1990;11.87;4;8.19;19.85;4;
13617;48.3296;-1.4942;REF;1991;11.04;3;7.27;16.89;3;
13617;48.3296;-1.4942;REF;1992;10.97;6;8.35;20.89;6;
13617;48.3296;-1.4942;REF;1993;11.34;1;6.78;16.1;1;
13617;48.3296;-1.4942;REF;1994;10.75;3;6.95;18.49;3;
13617;48.3296;-1.4942;REF;1995;11.48;4;6.65;21.1;4;
13617;48.3296;-1.4942;REF;1996;11.67;4;6.9;19.88;4;
13617;48.3296;-1.4942;REF;1997;11.25;3;7.63;17.81;3;
13617;48.3296;-1.4942;REF;1998;11.39;3;7.76;15.81;3;
13617;48.3296;-1.4942;REF;1999;12.18;4;4.62;20.05;4;
13617;48.3296;-1.4942;REF;2000;12.16;6;8.18;22.37;6;
13617;48.3296;-1.4942;REF;2001;11.14;4;8.39;20.02;4;
13617;48.3296;-1.4942;REF;2002;11.47;1;7.72;16.35;1;
13617;48.3296;-1.4942;REF;2003;12.02;6;8.39;21.57;6;
13617;48.3296;-1.4942;REF;2004;12.27;2;7.82;18.24;2;
13617;48.3296;-1.4942;REF;2005;11.73;2;5.39;14.17;2;
13618;48.3331;-1.3865;REF;1990;11.76;2;8.46;18.97;2;
13618;48.3331;-1.3865;REF;1991;10.92;3;7.24;16.08;3;
13618;48.3331;-1.3865;REF;1992;10.91;6;8.86;20.99;6;
13618;48.3331;-1.3865;REF;1993;11.25;2;6.35;15.06;2;
13618;48.3331;-1.3865;REF;1994;10.64;2;7.44;17.2;2;
13618;48.3331;-1.3865;REF;1995;11.37;5;6.92;22.05;5;
13618;48.3331;-1.3865;REF;1996;11.61;6;7.21;23.82;6;
13618;48.3331;-1.3865;REF;1997;11.17;6;7.68;22.48;6;
13618;48.3331;-1.3865;REF;1998;11.27;2;8.12;15.95;2;
13618;48.3331;-1.3865;REF;1999;12.09;4;4.57;17.76;4;
13618;48.3331;-1.3865;REF;2000;12.12;5;8.16;20.33;5;
13618;48.3331;-1.3865;REF;2001;11.05;3;8.28;18.89;4;
13618;48.3331;-1.3865;REF;2002;11.39;3;7.61;16.12;3;
13618;48.3331;-1.3865;REF;2003;11.91;6;8.63;22.07;6;
13618;48.3331;-1.3865;REF;2004;12.2;3;7.62;19.36;4;
13618;48.3331;-1.3865;REF;2005;11.62;0;5.61;13.79;0;
13619;48.3365;-1.2787;REF;1990;11.56;3;8.31;19.66;3;
13619;48.3365;-1.2787;REF;1991;10.74;4;7.45;19.24;4;
13619;48.3365;-1.2787;REF;1992;10.75;4;8.16;20.03;4;
13619;48.3365;-1.2787;REF;1993;11.1;2;7.02;16.4;2;
13619;48.3365;-1.2787;REF;1994;10.5;2;8;18.1;2;
13619;48.3365;-1.2787;REF;1995;11.25;4;7.09;20.39;4;
13619;48.3365;-1.2787;REF;1996;11.45;7;7.34;22.25;6;
13619;48.3365;-1.2787;REF;1997;11.06;6;7.56;26.28;6;
13619;48.3365;-1.2787;REF;1998;11.08;3;8.54;15.45;3;
13619;48.3365;-1.2787;REF;1999;11.97;4;4.86;18.63;4;
13619;48.3365;-1.2787;REF;2000;11.99;5;7.49;20.5;4;
13619;48.3365;-1.2787;REF;2001;10.92;3;8.45;18.09;3;
13619;48.3365;-1.2787;REF;2002;11.22;3;8.33;15.89;3;
13619;48.3365;-1.2787;REF;2003;11.76;7;9.12;22;7;
13619;48.3365;-1.2787;REF;2004;12.09;5;7.42;20.37;5;
13619;48.3365;-1.2787;REF;2005;11.45;0;6.03;14.12;0;
13620;48.3397;-1.1709;REF;1990;11.55;3;8.32;19.67;3;
13620;48.3397;-1.1709;REF;1991;10.73;4;7.45;19.25;4;
13620;48.3397;-1.1709;REF;1992;10.74;4;8.16;20.04;4;
13620;48.3397;-1.1709;REF;1993;11.09;2;7.02;16.55;2;
13620;48.3397;-1.1709;REF;1994;10.49;2;8.01;18.11;2;
13620;48.3397;-1.1709;REF;1995;11.25;4;7.09;20.4;4;
13620;48.3397;-1.1709;REF;1996;11.44;7;7.34;22.26;6;
13620;48.3397;-1.1709;REF;1997;11.05;6;7.56;26.29;6;
13620;48.3397;-1.1709;REF;1998;11.08;3;8.55;15.46;3;
13620;48.3397;-1.1709;REF;1999;11.97;4;4.86;18.64;4;
13620;48.3397;-1.1709;REF;2000;11.98;5;7.5;20.51;4;
13620;48.3397;-1.1709;REF;2001;10.91;3;8.45;18.1;3;
13620;48.3397;-1.1709;REF;2002;11.21;3;8.34;15.9;3;
13620;48.3397;-1.1709;REF;2003;11.76;7;9.12;22.01;7;
13620;48.3397;-1.1709;REF;2004;12.08;5;7.42;20.52;5;
13620;48.3397;-1.1709;REF;2005;11.45;0;6.03;14.12;0;
13621;48.3429;-1.0632;REF;1990;11.11;4;8.53;19.36;3;
13621;48.3429;-1.0632;REF;1991;10.26;2;7.97;16.88;2;
13621;48.3429;-1.0632;REF;1992;10.27;4;8.89;19.87;3;
13621;48.3429;-1.0632;REF;1993;10.61;3;7.51;19.2;3;
13621;48.3429;-1.0632;REF;1994;10.06;4;7.98;18.66;3;
13621;48.3429;-1.0632;REF;1995;10.81;5;7.53;20.59;4;
13621;48.3429;-1.0632;REF;1996;10.94;6;6.74;23.14;6;
13621;48.3429;-1.0632;REF;1997;10.63;6;7.72;25.85;6;
13621;48.3429;-1.0632;REF;1998;10.62;3;7.94;17.22;2;
13621;48.3429;-1.0632;REF;1999;11.49;4;5.6;20.29;4;
13621;48.3429;-1.0632;REF;2000;11.48;5;7.55;23.88;5;
13621;48.3429;-1.0632;REF;2001;10.49;3;8.48;19.12;2;
13621;48.3429;-1.0632;REF;2002;10.75;3;8.43;15.4;3;
13621;48.3429;-1.0632;REF;2003;11.3;6;8.93;21.31;5;
13621;48.3429;-1.0632;REF;2004;11.63;5;8.2;21.14;4;
13621;48.3429;-1.0632;REF;2005;10.99;0;6.01;14.22;0;
13731;48.2583;-4.6204;REF;1990;12.71;3;8.7;19.08;5;
13731;48.2583;-4.6204;REF;1991;11.91;3;7.08;17.28;3;
13731;48.2583;-4.6204;REF;1992;11.86;2;8.02;16.26;3;
13731;48.2583;-4.6204;REF;1993;12.23;2;6.57;17.75;2;
13731;48.2583;-4.6204;REF;1994;11.62;1;7.47;15.24;1;
13731;48.2583;-4.6204;REF;1995;12.07;2;7.14;18.44;4;
13731;48.2583;-4.6204;REF;1996;12.44;5;6.95;20.37;7;
13731;48.2583;-4.6204;REF;1997;12.1;1;6.69;16.32;2;
13731;48.2583;-4.6204;REF;1998;12.34;1;7.39;16.35;2;
13731;48.2583;-4.6204;REF;1999;12.79;3;5.91;16.89;3;
13731;48.2583;-4.6204;REF;2000;12.96;7;6.31;22.14;8;
13731;48.2583;-4.6204;REF;2001;11.83;3;6.98;17.86;4;
13731;48.2583;-4.6204;REF;2002;12.24;2;6.76;16.9;2;
13731;48.2583;-4.6204;REF;2003;12.82;2;7.19;18.72;5;
13731;48.2583;-4.6204;REF;2004;12.92;4;7.51;21.95;5;
13731;48.2583;-4.6204;REF;2005;12.49;2;4.5;14.75;2;
13732;48.2646;-4.5131;REF;1990;12.51;3;8.86;19.32;5;
13732;48.2646;-4.5131;REF;1991;11.72;3;7.15;17.5;3;
13732;48.2646;-4.5131;REF;1992;11.67;2;8.13;16.46;3;
13732;48.2646;-4.5131;REF;1993;12.04;2;6.66;17.86;3;
13732;48.2646;-4.5131;REF;1994;11.43;1;7.57;15.44;1;
13732;48.2646;-4.5131;REF;1995;11.87;3;7.23;18.55;4;
13732;48.2646;-4.5131;REF;1996;12.24;6;7.11;20.58;7;
13732;48.2646;-4.5131;REF;1997;11.91;1;6.77;16.52;2;
13732;48.2646;-4.5131;REF;1998;12.14;1;7.47;16.53;1;
13732;48.2646;-4.5131;REF;1999;12.59;3;5.98;17.11;3;
13732;48.2646;-4.5131;REF;2000;12.76;7;6.36;22.38;8;
13732;48.2646;-4.5131;REF;2001;11.64;3;7.07;18.09;4;
13732;48.2646;-4.5131;REF;2002;12.04;2;6.84;17.05;2;
13732;48.2646;-4.5131;REF;2003;12.62;2;7.28;18.9;5;
13732;48.2646;-4.5131;REF;2004;12.72;4;7.6;22.18;5;
13732;48.2646;-4.5131;REF;2005;12.29;2;4.57;14.94;2;
13733;48.2709;-4.4058;REF;1990;12.49;3;8.87;19.35;5;
13733;48.2709;-4.4058;REF;1991;11.7;3;7.16;17.53;3;
13733;48.2709;-4.4058;REF;1992;11.65;2;8.14;16.49;3;
13733;48.2709;-4.4058;REF;1993;12.02;2;6.66;17.89;3;
13733;48.2709;-4.4058;REF;1994;11.41;1;7.58;15.47;1;
13733;48.2709;-4.4058;REF;1995;11.85;3;7.24;18.58;4;
13733;48.2709;-4.4058;REF;1996;12.22;6;7.11;20.61;7;
13733;48.2709;-4.4058;REF;1997;11.89;1;6.78;16.55;2;
13733;48.2709;-4.4058;REF;1998;12.12;1;7.49;16.55;2;
13733;48.2709;-4.4058;REF;1999;12.57;3;5.99;17.14;3;
13733;48.2709;-4.4058;REF;2000;12.73;7;6.37;22.41;8;
13733;48.2709;-4.4058;REF;2001;11.62;3;7.08;18.12;4;
13733;48.2709;-4.4058;REF;2002;12.02;2;6.84;17.08;2;
13733;48.2709;-4.4058;REF;2003;12.6;2;7.29;18.93;5;
13733;48.2709;-4.4058;REF;2004;12.69;4;7.61;22.21;5;
13733;48.2709;-4.4058;REF;2005;12.26;2;4.57;14.96;2;
13734;48.277;-4.2984;REF;1990;12.35;4;8.95;19.53;5;
13734;48.277;-4.2984;REF;1991;11.57;3;7.21;17.68;3;
13734;48.277;-4.2984;REF;1992;11.52;2;8.22;16.63;3;
13734;48.277;-4.2984;REF;1993;11.89;2;6.73;18.05;3;
13734;48.277;-4.2984;REF;1994;11.28;1;7.65;15.61;1;
13734;48.277;-4.2984;REF;1995;11.72;3;7.3;18.74;4;
13734;48.277;-4.2984;REF;1996;12.09;6;7.12;20.76;7;
13734;48.277;-4.2984;REF;1997;11.75;2;6.92;16.69;2;
13734;48.277;-4.2984;REF;1998;11.99;1;7.45;16.63;1;
13734;48.277;-4.2984;REF;1999;12.43;3;6.04;17.29;3;
13734;48.277;-4.2984;REF;2000;12.59;7;6.41;22.55;8;
13734;48.277;-4.2984;REF;2001;11.49;3;7.14;18.29;4;
13734;48.277;-4.2984;REF;2002;11.88;2;6.9;17.21;2;
13734;48.277;-4.2984;REF;2003;12.46;3;7.34;19.05;4;
13734;48.277;-4.2984;REF;2004;12.56;4;7.68;22.38;5;
13734;48.277;-4.2984;REF;2005;12.13;2;4.61;15.09;2;
13735;48.283;-4.191;REF;1990;12.05;13;10.25;25.12;7;
13735;48.283;-4.191;REF;1991;11.14;5;9.14;20.52;2;
13735;48.283;-4.191;REF;1992;11.12;8;11.11;22.88;3;
13735;48.283;-4.191;REF;1993;11.49;6;8.71;22.85;4;
13735;48.283;-4.191;REF;1994;10.84;5;9.08;21.41;2;
13735;48.283;-4.191;REF;1995;11.35;7;9.65;23.95;4;
13735;48.283;-4.191;REF;1996;11.73;8;8.88;26.22;7;
13735;48.283;-4.191;REF;1997;11.37;3;8.61;18.69;2;
13735;48.283;-4.191;REF;1998;11.6;5;8.65;22.4;4;
13735;48.283;-4.191;REF;1999;12.21;7;7.07;22.11;4;
13735;48.283;-4.191;REF;2000;12.31;12;8.94;25.09;6;
13735;48.283;-4.191;REF;2001;11.09;6;9.47;23.26;3;
13735;48.283;-4.191;REF;2002;11.49;6;8.95;21.16;2;
13735;48.283;-4.191;REF;2003;12.17;9;9.94;23.55;4;
13735;48.283;-4.191;REF;2004;12.25;9;9.47;28.76;6;
13735;48.283;-4.191;REF;2005;11.75;5;6.37;21.39;2;
13736;48.2889;-4.0836;REF;1990;11.64;14;11.17;29.27;7;
13736;48.2889;-4.0836;REF;1991;10.72;7;10.86;22.85;2;
13736;48.2889;-4.0836;REF;1992;10.69;11;12.36;24.79;4;
13736;48.2889;-4.0836;REF;1993;11.1;7;10.29;23.92;3;
13736;48.2889;-4.0836;REF;1994;10.45;8;10.73;22.8;3;
13736;48.2889;-4.0836;REF;1995;10.95;8;10.92;28.69;5;
13736;48.2889;-4.0836;REF;1996;11.35;11;10.73;29.32;5;
13736;48.2889;-4.0836;REF;1997;10.96;6;9.98;20.97;1;
13736;48.2889;-4.0836;REF;1998;11.19;7;9.73;25.5;3;
13736;48.2889;-4.0836;REF;1999;11.85;8;8.08;24.45;4;
13736;48.2889;-4.0836;REF;2000;11.96;13;9.62;28.94;7;
13736;48.2889;-4.0836;REF;2001;10.7;7;10;26.35;5;
13736;48.2889;-4.0836;REF;2002;11.09;11;10.24;23.77;3;
13736;48.2889;-4.0836;REF;2003;11.8;12;11.27;25.57;4;
13736;48.2889;-4.0836;REF;2004;11.87;12;10.49;33.7;7;
13736;48.2889;-4.0836;REF;2005;11.35;7;7.32;22.97;1;
13737;48.2947;-3.9762;REF;1990;11.64;12;11.52;27.9;8;
13737;48.2947;-3.9762;REF;1991;10.66;6;9.63;23.02;2;
13737;48.2947;-3.9762;REF;1992;10.64;11;11.93;27.58;5;
13737;48.2947;-3.9762;REF;1993;11;7;9.91;24.14;4;
13737;48.2947;-3.9762;REF;1994;10.43;10;10.71;22.02;2;
13737;48.2947;-3.9762;REF;1995;10.94;7;11.45;28.03;5;
13737;48.2947;-3.9762;REF;1996;11.29;10;10.49;27.96;5;
13737;48.2947;-3.9762;REF;1997;10.89;4;10.21;19.62;1;
13737;48.2947;-3.9762;REF;1998;11.14;9;9.98;23.77;3;
13737;48.2947;-3.9762;REF;1999;11.82;10;7.97;23.47;3;
13737;48.2947;-3.9762;REF;2000;11.94;11;9.44;28.95;6;
13737;48.2947;-3.9762;REF;2001;10.7;11;10.26;25.9;4;
13737;48.2947;-3.9762;REF;2002;11.01;9;11.21;22.45;1;
13737;48.2947;-3.9762;REF;2003;11.71;12;10.62;25.06;4;
13737;48.2947;-3.9762;REF;2004;11.81;12;10.33;36.02;7;
13737;48.2947;-3.9762;REF;2005;11.29;8;7.69;25.3;3;
13738;48.3005;-3.8687;REF;1990;11.3;16;11.95;29.34;8;
13738;48.3005;-3.8687;REF;1991;10.39;7;10.2;22.63;2;
13738;48.3005;-3.8687;REF;1992;10.33;12;12.09;26.97;5;
13738;48.3005;-3.8687;REF;1993;10.71;8;10.51;24.96;3;
13738;48.3005;-3.8687;REF;1994;10.16;11;10.49;22.5;1;
13738;48.3005;-3.8687;REF;1995;10.66;7;11.06;27.75;4;
13738;48.3005;-3.8687;REF;1996;11;10;9.85;30.16;5;
13738;48.3005;-3.8687;REF;1997;10.61;3;10.02;19.61;1;
13738;48.3005;-3.8687;REF;1998;10.84;6;10.35;23.78;4;
13738;48.3005;-3.8687;REF;1999;11.49;9;8.05;25.92;4;
13738;48.3005;-3.8687;REF;2000;11.64;11;9.89;26.41;4;
13738;48.3005;-3.8687;REF;2001;10.41;11;9.86;25.32;4;
13738;48.3005;-3.8687;REF;2002;10.69;12;11.87;23.83;3;
13738;48.3005;-3.8687;REF;2003;11.42;14;11.36;25.43;4;
13738;48.3005;-3.8687;REF;2004;11.5;13;10.82;35.7;8;
13738;48.3005;-3.8687;REF;2005;11.02;7;8.1;25.3;3;
13739;48.3061;-3.7612;REF;1990;11.49;14;11.77;28.98;7;
13739;48.3061;-3.7612;REF;1991;10.57;7;10.07;22.35;2;
13739;48.3061;-3.7612;REF;1992;10.52;12;11.95;26.86;5;
13739;48.3061;-3.7612;REF;1993;10.9;8;10.39;24.64;3;
13739;48.3061;-3.7612;REF;1994;10.34;9;10.37;22.22;1;
13739;48.3061;-3.7612;REF;1995;10.84;7;10.93;27.4;4;
13739;48.3061;-3.7612;REF;1996;11.19;10;9.77;29.78;5;
13739;48.3061;-3.7612;REF;1997;10.79;3;9.9;19.38;1;
13739;48.3061;-3.7612;REF;1998;11.03;6;10.22;23.48;4;
13739;48.3061;-3.7612;REF;1999;11.69;9;7.96;25.65;4;
13739;48.3061;-3.7612;REF;2000;11.82;11;9.78;26.08;4;
13739;48.3061;-3.7612;REF;2001;10.59;11;9.76;24.96;4;
13739;48.3061;-3.7612;REF;2002;10.87;11;11.72;23.55;3;
13739;48.3061;-3.7612;REF;2003;11.61;14;11.22;25.14;4;
13739;48.3061;-3.7612;REF;2004;11.69;13;10.69;35.34;8;
13739;48.3061;-3.7612;REF;2005;11.21;7;8;25.02;3;
13740;48.3116;-3.6537;REF;1990;11.58;14;11.96;28.71;6;
13740;48.3116;-3.6537;REF;1991;10.67;6;10.14;24.34;4;
13740;48.3116;-3.6537;REF;1992;10.6;13;11.75;26.08;4;
13740;48.3116;-3.6537;REF;1993;10.99;8;10.56;24.88;3;
13740;48.3116;-3.6537;REF;1994;10.47;6;10.16;22.85;1;
13740;48.3116;-3.6537;REF;1995;10.91;8;10.56;25.85;4;
13740;48.3116;-3.6537;REF;1996;11.29;9;9.69;26.52;4;
13740;48.3116;-3.6537;REF;1997;10.9;3;10.18;18.78;2;
13740;48.3116;-3.6537;REF;1998;11.13;5;9.79;21.39;3;
13740;48.3116;-3.6537;REF;1999;11.77;10;7.57;24.11;4;
13740;48.3116;-3.6537;REF;2000;11.92;11;9.92;25.96;4;
13740;48.3116;-3.6537;REF;2001;10.7;10;9.67;25.76;5;
13740;48.3116;-3.6537;REF;2002;10.96;10;11.18;23.4;3;
13740;48.3116;-3.6537;REF;2003;11.7;11;12.27;24.05;2;
13740;48.3116;-3.6537;REF;2004;11.78;11;10.45;33.14;9;
13740;48.3116;-3.6537;REF;2005;11.36;6;7.99;21.88;2;
13741;48.317;-3.5462;REF;1990;11.52;15;12.01;28.83;6;
13741;48.317;-3.5462;REF;1991;10.61;6;10.2;24.44;4;
13741;48.317;-3.5462;REF;1992;10.54;13;11.8;26.18;4;
13741;48.317;-3.5462;REF;1993;10.93;8;10.6;24.98;3;
13741;48.317;-3.5462;REF;1994;10.41;6;10.19;22.94;1;
13741;48.317;-3.5462;REF;1995;10.85;8;10.6;25.95;4;
13741;48.317;-3.5462;REF;1996;11.23;9;9.73;26.63;4;
13741;48.317;-3.5462;REF;1997;10.84;3;10.22;18.86;2;
13741;48.317;-3.5462;REF;1998;11.07;5;9.83;21.48;3;
13741;48.317;-3.5462;REF;1999;11.71;10;7.59;24.22;4;
13741;48.317;-3.5462;REF;2000;11.86;12;9.96;26.06;4;
13741;48.317;-3.5462;REF;2001;10.64;10;9.71;25.87;5;
13741;48.317;-3.5462;REF;2002;10.89;10;11.27;23.49;3;
13741;48.317;-3.5462;REF;2003;11.64;11;12.32;24.15;2;
13741;48.317;-3.5462;REF;2004;11.72;11;10.49;33.25;9;
13741;48.317;-3.5462;REF;2005;11.3;6;8.02;21.97;2;
13742;48.3224;-3.4387;REF;1990;11.47;7;10.38;25.89;6;
13742;48.3224;-3.4387;REF;1991;10.61;4;8.84;20.17;3;
13742;48.3224;-3.4387;REF;1992;10.54;8;9.9;25.46;7;
13742;48.3224;-3.4387;REF;1993;10.96;7;8.96;21.78;4;
13742;48.3224;-3.4387;REF;1994;10.45;1;8.14;19.02;0;
13742;48.3224;-3.4387;REF;1995;10.84;5;8.64;22.62;4;
13742;48.3224;-3.4387;REF;1996;11.23;6;8.81;25.93;5;
13742;48.3224;-3.4387;REF;1997;10.83;2;8.5;17.67;1;
13742;48.3224;-3.4387;REF;1998;11.06;4;8.76;19.01;3;
13742;48.3224;-3.4387;REF;1999;11.7;5;6.05;21.76;4;
13742;48.3224;-3.4387;REF;2000;11.84;6;8.9;21.58;4;
13742;48.3224;-3.4387;REF;2001;10.67;6;9.61;21.49;4;
13742;48.3224;-3.4387;REF;2002;10.91;6;9.19;20.42;3;
13742;48.3224;-3.4387;REF;2003;11.66;6;9.6;21.56;3;
13742;48.3224;-3.4387;REF;2004;11.69;9;8.51;31.71;8;
13742;48.3224;-3.4387;REF;2005;11.32;2;6.22;18.57;2;
13743;48.3276;-3.3311;REF;1990;10.9;8;11.15;26;6;
13743;48.3276;-3.3311;REF;1991;10.09;5;8.88;21.15;3;
13743;48.3276;-3.3311;REF;1992;10.02;8;10.97;25.47;6;
13743;48.3276;-3.3311;REF;1993;10.45;6;8.87;21.61;3;
13743;48.3276;-3.3311;REF;1994;9.92;3;9.02;19.7;0;
13743;48.3276;-3.3311;REF;1995;10.36;5;9.61;23.01;4;
13743;48.3276;-3.3311;REF;1996;10.7;8;8.54;29;7;
13743;48.3276;-3.3311;REF;1997;10.36;4;8.55;19.19;2;
13743;48.3276;-3.3311;REF;1998;10.51;4;9.38;19.71;4;
13743;48.3276;-3.3311;REF;1999;11.2;6;6.84;24.54;5;
13743;48.3276;-3.3311;REF;2000;11.32;10;9.33;24.81;5;
13743;48.3276;-3.3311;REF;2001;10.17;8;10.6;23.87;5;
13743;48.3276;-3.3311;REF;2002;10.4;7;9.14;21.21;3;
13743;48.3276;-3.3311;REF;2003;11.1;5;9.82;21.02;2;
13743;48.3276;-3.3311;REF;2004;11.19;9;9.15;30.03;6;
13743;48.3276;-3.3311;REF;2005;10.8;3;6.54;18.61;2;
13744;48.3327;-3.2235;REF;1990;11.01;8;11.06;25.79;6;
13744;48.3327;-3.2235;REF;1991;10.2;5;8.82;21.01;3;
13744;48.3327;-3.2235;REF;1992;10.13;8;10.89;25.29;6;
13744;48.3327;-3.2235;REF;1993;10.56;6;8.8;21.49;3;
13744;48.3327;-3.2235;REF;1994;10.03;3;8.81;19.55;0;
13744;48.3327;-3.2235;REF;1995;10.47;5;9.54;22.82;4;
13744;48.3327;-3.2235;REF;1996;10.81;8;8.48;28.82;7;
13744;48.3327;-3.2235;REF;1997;10.47;4;8.49;19.05;2;
13744;48.3327;-3.2235;REF;1998;10.62;4;9.31;19.55;4;
13744;48.3327;-3.2235;REF;1999;11.31;6;6.79;24.37;5;
13744;48.3327;-3.2235;REF;2000;11.43;10;9.26;24.7;5;
13744;48.3327;-3.2235;REF;2001;10.28;8;10.53;23.74;5;
13744;48.3327;-3.2235;REF;2002;10.51;7;9.15;21.05;3;
13744;48.3327;-3.2235;REF;2003;11.21;5;9.75;20.87;2;
13744;48.3327;-3.2235;REF;2004;11.3;9;9.08;29.8;6;
13744;48.3327;-3.2235;REF;2005;10.91;3;6.5;18.57;2;
13745;48.3378;-3.1159;REF;1990;11.06;7;10.5;25.24;5;
13745;48.3378;-3.1159;REF;1991;10.29;6;8.55;21.91;2;
13745;48.3378;-3.1159;REF;1992;10.19;10;11.31;25.53;6;
13745;48.3378;-3.1159;REF;1993;10.58;5;9.17;23.42;5;
13745;48.3378;-3.1159;REF;1994;10.1;2;9.1;18.81;1;
13745;48.3378;-3.1159;REF;1995;10.53;5;9.32;22.35;4;
13745;48.3378;-3.1159;REF;1996;10.83;7;8.25;29.93;7;
13745;48.3378;-3.1159;REF;1997;10.51;4;8.72;19.71;3;
13745;48.3378;-3.1159;REF;1998;10.69;4;8.83;20.38;4;
13745;48.3378;-3.1159;REF;1999;11.33;6;5.93;22.02;4;
13745;48.3378;-3.1159;REF;2000;11.49;9;9.41;26.27;4;
13745;48.3378;-3.1159;REF;2001;10.34;7;11.32;24.07;5;
13745;48.3378;-3.1159;REF;2002;10.55;7;9.16;20.86;2;
13745;48.3378;-3.1159;REF;2003;11.25;5;9.8;21.48;2;
13745;48.3378;-3.1159;REF;2004;11.39;9;8.26;29.35;6;
13745;48.3378;-3.1159;REF;2005;10.96;2;6.5;17.26;2;
13746;48.3427;-3.0083;REF;1990;11;9;10.92;23.81;6;
13746;48.3427;-3.0083;REF;1991;10.29;8;8.52;24.9;5;
13746;48.3427;-3.0083;REF;1992;10.16;9;11.63;25.75;6;
13746;48.3427;-3.0083;REF;1993;10.55;6;9.76;22.82;3;
13746;48.3427;-3.0083;REF;1994;10.07;3;8.16;18.07;2;
13746;48.3427;-3.0083;REF;1995;10.48;6;9.55;21.58;4;
13746;48.3427;-3.0083;REF;1996;10.8;7;8.61;30.71;7;
13746;48.3427;-3.0083;REF;1997;10.48;4;8.5;19.65;4;
13746;48.3427;-3.0083;REF;1998;10.67;6;8.47;22.86;3;
13746;48.3427;-3.0083;REF;1999;11.29;5;6;20.71;3;
13746;48.3427;-3.0083;REF;2000;11.46;8;9.44;27.7;5;
13746;48.3427;-3.0083;REF;2001;10.32;9;11.02;24;5;
13746;48.3427;-3.0083;REF;2002;10.56;8;9.22;21.64;3;
13746;48.3427;-3.0083;REF;2003;11.22;5;9.95;20.63;2;
13746;48.3427;-3.0083;REF;2004;11.34;9;8.01;26.27;5;
13746;48.3427;-3.0083;REF;2005;10.95;3;6.8;17.33;2;
13747;48.3475;-2.9006;REF;1990;10.97;9;10.94;23.86;6;
13747;48.3475;-2.9006;REF;1991;10.26;8;8.54;24.95;5;
13747;48.3475;-2.9006;REF;1992;10.13;9;11.66;25.79;6;
13747;48.3475;-2.9006;REF;1993;10.52;6;9.78;22.73;3;
13747;48.3475;-2.9006;REF;1994;10.03;3;8.36;18.11;2;
13747;48.3475;-2.9006;REF;1995;10.45;6;9.57;21.59;4;
13747;48.3475;-2.9006;REF;1996;10.77;7;8.63;30.75;7;
13747;48.3475;-2.9006;REF;1997;10.45;4;8.52;19.7;4;
13747;48.3475;-2.9006;REF;1998;10.64;6;8.49;22.9;3;
13747;48.3475;-2.9006;REF;1999;11.26;5;6.01;20.75;3;
13747;48.3475;-2.9006;REF;2000;11.43;8;9.47;27.76;5;
13747;48.3475;-2.9006;REF;2001;10.29;9;11.04;24.03;5;
13747;48.3475;-2.9006;REF;2002;10.53;8;9.24;21.68;3;
13747;48.3475;-2.9006;REF;2003;11.19;5;10.04;20.67;2;
13747;48.3475;-2.9006;REF;2004;11.31;9;8.03;26.33;5;
13747;48.3475;-2.9006;REF;2005;10.92;3;6.82;17.37;2;
13748;48.3523;-2.7929;REF;1990;10.98;7;10.45;21.74;3;
13748;48.3523;-2.7929;REF;1991;10.34;7;7.69;25.63;5;
13748;48.3523;-2.7929;REF;1992;10.15;9;9.79;26.91;8;
13748;48.3523;-2.7929;REF;1993;10.54;4;8.35;19.41;2;
13748;48.3523;-2.7929;REF;1994;10.01;3;6.48;14.62;3;
13748;48.3523;-2.7929;REF;1995;10.48;3;7.78;19.18;3;
13748;48.3523;-2.7929;REF;1996;10.76;8;7.74;30.85;5;
13748;48.3523;-2.7929;REF;1997;10.48;4;7.11;19.27;3;
13748;48.3523;-2.7929;REF;1998;10.68;5;7.94;21.23;3;
13748;48.3523;-2.7929;REF;1999;11.3;3;5.87;16.32;3;
13748;48.3523;-2.7929;REF;2000;11.46;11;7.85;26.46;5;
13748;48.3523;-2.7929;REF;2001;10.29;9;8.87;23.3;5;
13748;48.3523;-2.7929;REF;2002;10.53;6;8.06;22.35;3;
13748;48.3523;-2.7929;REF;2003;11.24;6;8.47;22.21;4;
13748;48.3523;-2.7929;REF;2004;11.33;7;7.16;23.66;6;
13748;48.3523;-2.7929;REF;2005;10.94;3;5.31;17.22;2;
13749;48.3569;-2.6852;REF;1990;11.15;7;10.33;21.5;3;
13749;48.3569;-2.6852;REF;1991;10.5;7;7.6;25.37;5;
13749;48.3569;-2.6852;REF;1992;10.32;9;9.69;26.66;8;
13749;48.3569;-2.6852;REF;1993;10.7;4;8.11;19.21;2;
13749;48.3569;-2.6852;REF;1994;10.18;3;6.41;14.46;3;
13749;48.3569;-2.6852;REF;1995;10.65;3;7.7;18.98;3;
13749;48.3569;-2.6852;REF;1996;10.92;8;7.66;30.65;5;
13749;48.3569;-2.6852;REF;1997;10.64;4;7.04;19.07;3;
13749;48.3569;-2.6852;REF;1998;10.84;5;7.8;21.03;3;
13749;48.3569;-2.6852;REF;1999;11.47;3;5.82;16.15;3;
13749;48.3569;-2.6852;REF;2000;11.62;9;7.9;26.17;5;
13749;48.3569;-2.6852;REF;2001;10.45;9;8.8;23.27;5;
13749;48.3569;-2.6852;REF;2002;10.69;6;7.99;22.11;3;
13749;48.3569;-2.6852;REF;2003;11.4;6;8.38;21.97;4;
13749;48.3569;-2.6852;REF;2004;11.49;7;7.08;23.42;6;
13749;48.3569;-2.6852;REF;2005;11.1;3;5.27;17.03;1;
13750;48.3615;-2.5775;REF;1990;11.39;8;8.82;21.36;3;
13750;48.3615;-2.5775;REF;1991;10.7;6;7.85;25.52;5;
13750;48.3615;-2.5775;REF;1992;10.54;7;9.26;25.11;6;
13750;48.3615;-2.5775;REF;1993;10.91;3;8.19;18.53;2;
13750;48.3615;-2.5775;REF;1994;10.42;3;6.35;14.85;3;
13750;48.3615;-2.5775;REF;1995;10.85;4;7.58;19.92;3;
13750;48.3615;-2.5775;REF;1996;11.13;8;7.63;23.95;6;
13750;48.3615;-2.5775;REF;1997;10.85;4;6.88;18.36;4;
13750;48.3615;-2.5775;REF;1998;11.05;4;7.54;19.17;3;
13750;48.3615;-2.5775;REF;1999;11.71;3;5.33;17.05;3;
13750;48.3615;-2.5775;REF;2000;11.8;8;8.12;27.65;7;
13750;48.3615;-2.5775;REF;2001;10.68;6;8.88;21.81;4;
13750;48.3615;-2.5775;REF;2002;10.95;6;7.9;21.51;4;
13750;48.3615;-2.5775;REF;2003;11.64;4;8.69;21.67;4;
13750;48.3615;-2.5775;REF;2004;11.69;5;7.33;22.76;5;
13750;48.3615;-2.5775;REF;2005;11.34;2;5.57;15.68;2;
13751;48.3659;-2.4698;REF;1990;11.65;8;7.71;22.78;5;
13751;48.3659;-2.4698;REF;1991;10.9;7;7.25;23.4;5;
13751;48.3659;-2.4698;REF;1992;10.72;5;7.97;21.76;4;
13751;48.3659;-2.4698;REF;1993;11.12;4;7.31;18.44;3;
13751;48.3659;-2.4698;REF;1994;10.64;3;6.47;19.74;3;
13751;48.3659;-2.4698;REF;1995;11.11;5;8.32;21.45;4;
13751;48.3659;-2.4698;REF;1996;11.36;6;6.62;21.83;4;
13751;48.3659;-2.4698;REF;1997;11.08;3;7.23;16.1;3;
13751;48.3659;-2.4698;REF;1998;11.27;3;7.64;19.49;2;
13751;48.3659;-2.4698;REF;1999;11.91;5;5.08;24.31;4;
13751;48.3659;-2.4698;REF;2000;12.01;10;8.18;26.79;8;
13751;48.3659;-2.4698;REF;2001;10.89;7;8.35;22.2;5;
13751;48.3659;-2.4698;REF;2002;11.16;6;8.05;22.07;5;
13751;48.3659;-2.4698;REF;2003;11.84;4;8.3;23.05;4;
13751;48.3659;-2.4698;REF;2004;11.9;3;7.81;18.62;3;
13751;48.3659;-2.4698;REF;2005;11.6;1;5.18;15.38;1;
13752;48.3703;-2.3621;REF;1990;11.79;6;6.91;20.5;6;
13752;48.3703;-2.3621;REF;1991;11.01;5;6.63;21.15;6;
13752;48.3703;-2.3621;REF;1992;10.86;3;6.93;18.72;4;
13752;48.3703;-2.3621;REF;1993;11.28;2;6.76;15.84;3;
13752;48.3703;-2.3621;REF;1994;10.75;2;5.72;15.83;2;
13752;48.3703;-2.3621;REF;1995;11.29;4;6.78;20.33;5;
13752;48.3703;-2.3621;REF;1996;11.49;3;6.25;18.43;4;
13752;48.3703;-2.3621;REF;1997;11.22;3;6.82;14.64;3;
13752;48.3703;-2.3621;REF;1998;11.4;2;6.68;14.94;3;
13752;48.3703;-2.3621;REF;1999;12.04;4;4.59;20.04;5;
13752;48.3703;-2.3621;REF;2000;12.16;5;6.7;22.43;8;
13752;48.3703;-2.3621;REF;2001;10.98;3;7.66;16.83;3;
13752;48.3703;-2.3621;REF;2002;11.27;2;6.9;14.94;2;
13752;48.3703;-2.3621;REF;2003;12;4;6.82;20.95;4;
13752;48.3703;-2.3621;REF;2004;12.02;2;6.92;16.96;3;
13752;48.3703;-2.3621;REF;2005;11.73;1;5.07;13.43;1;
13753;48.3745;-2.2543;REF;1990;11.74;3;6.93;17.83;4;
13753;48.3745;-2.2543;REF;1991;10.9;3;6.64;19.08;5;
13753;48.3745;-2.2543;REF;1992;10.83;3;6.8;18;3;
13753;48.3745;-2.2543;REF;1993;11.22;3;6.15;15.3;3;
13753;48.3745;-2.2543;REF;1994;10.72;3;5.68;16.46;3;
13753;48.3745;-2.2543;REF;1995;11.26;2;6.68;17.6;4;
13753;48.3745;-2.2543;REF;1996;11.44;3;6.1;18.74;4;
13753;48.3745;-2.2543;REF;1997;11.13;2;6.64;16.34;2;
13753;48.3745;-2.2543;REF;1998;11.33;2;6.56;14.3;3;
13753;48.3745;-2.2543;REF;1999;11.98;3;4.56;17.21;3;
13753;48.3745;-2.2543;REF;2000;12.05;6;7.34;26.47;10;
13753;48.3745;-2.2543;REF;2001;10.91;4;7.64;18.94;4;
13753;48.3745;-2.2543;REF;2002;11.21;1;6.73;15.92;2;
13753;48.3745;-2.2543;REF;2003;11.9;5;7.09;23.04;5;
13753;48.3745;-2.2543;REF;2004;11.99;3;7;16.77;3;
13753;48.3745;-2.2543;REF;2005;11.66;2;4.87;13.96;2;
13754;48.3787;-2.1465;REF;1990;11.62;2;7.09;18.45;4;
13754;48.3787;-2.1465;REF;1991;10.83;4;6.61;20.13;5;
13754;48.3787;-2.1465;REF;1992;10.75;4;7.35;19.15;4;
13754;48.3787;-2.1465;REF;1993;11.12;2;6.25;14.39;3;
13754;48.3787;-2.1465;REF;1994;10.58;3;5.45;17.95;3;
13754;48.3787;-2.1465;REF;1995;11.16;1;6.76;18.04;3;
13754;48.3787;-2.1465;REF;1996;11.34;3;6.46;19.66;5;
13754;48.3787;-2.1465;REF;1997;11;1;6.36;14.19;2;
13754;48.3787;-2.1465;REF;1998;11.22;3;6.69;15.54;3;
13754;48.3787;-2.1465;REF;1999;11.88;3;5.11;14.73;3;
13754;48.3787;-2.1465;REF;2000;11.92;7;7.69;23.79;8;
13754;48.3787;-2.1465;REF;2001;10.81;4;7.03;18.98;4;
13754;48.3787;-2.1465;REF;2002;11.14;2;6.5;16.13;2;
13754;48.3787;-2.1465;REF;2003;11.8;5;7.33;25.05;5;
13754;48.3787;-2.1465;REF;2004;11.9;4;7.13;17.45;4;
13754;48.3787;-2.1465;REF;2005;11.52;1;4.91;15.35;1;
13755;48.3827;-2.0387;REF;1990;12;1;6.87;18.04;4;
13755;48.3827;-2.0387;REF;1991;11.19;4;6.46;19.65;5;
13755;48.3827;-2.0387;REF;1992;11.12;3;7.09;18.7;4;
13755;48.3827;-2.0387;REF;1993;11.48;2;6.1;14.05;3;
13755;48.3827;-2.0387;REF;1994;10.95;3;5.32;17.55;3;
13755;48.3827;-2.0387;REF;1995;11.53;1;6.65;17.76;3;
13755;48.3827;-2.0387;REF;1996;11.7;3;6.28;19.26;5;
13755;48.3827;-2.0387;REF;1997;11.37;1;6.21;13.85;2;
13755;48.3827;-2.0387;REF;1998;11.57;3;6.41;15.17;3;
13755;48.3827;-2.0387;REF;1999;12.26;2;5.03;14.38;3;
13755;48.3827;-2.0387;REF;2000;12.3;7;7.61;23.22;8;
13755;48.3827;-2.0387;REF;2001;11.18;4;6.93;18.56;4;
13755;48.3827;-2.0387;REF;2002;11.51;2;6.45;15.91;2;
13755;48.3827;-2.0387;REF;2003;12.17;5;7.18;24.46;5;
13755;48.3827;-2.0387;REF;2004;12.26;3;6.96;17.06;4;
13755;48.3827;-2.0387;REF;2005;11.88;1;4.8;14.98;1;
13756;48.3867;-1.9309;REF;1990;11.97;2;7.01;17.9;4;
13756;48.3867;-1.9309;REF;1991;11.2;4;6.15;19.07;4;
13756;48.3867;-1.9309;REF;1992;11.13;4;7.27;20.34;5;
13756;48.3867;-1.9309;REF;1993;11.51;2;6.11;13.42;2;
13756;48.3867;-1.9309;REF;1994;10.95;4;5.39;17.82;4;
13756;48.3867;-1.9309;REF;1995;11.54;1;6.68;17.52;3;
13756;48.3867;-1.9309;REF;1996;11.73;4;6.35;19.96;5;
13756;48.3867;-1.9309;REF;1997;11.37;2;6.12;14.74;2;
13756;48.3867;-1.9309;REF;1998;11.6;1;6.69;13.52;2;
13756;48.3867;-1.9309;REF;1999;12.25;3;4.79;13.32;3;
13756;48.3867;-1.9309;REF;2000;12.27;6;7.14;23.91;6;
13756;48.3867;-1.9309;REF;2001;11.2;3;6.72;18.72;5;
13756;48.3867;-1.9309;REF;2002;11.53;1;6.72;13.78;2;
13756;48.3867;-1.9309;REF;2003;12.17;5;7.33;24.82;5;
13756;48.3867;-1.9309;REF;2004;12.3;4;6.34;18.26;4;
13756;48.3867;-1.9309;REF;2005;11.86;2;4.44;16.84;2;
13757;48.3905;-1.8231;REF;1990;11.95;2;7.48;17.02;2;
13757;48.3905;-1.8231;REF;1991;11.21;3;6.4;18.55;5;
13757;48.3905;-1.8231;REF;1992;11.13;5;6.89;20.93;5;
13757;48.3905;-1.8231;REF;1993;11.49;2;6.12;13.83;2;
13757;48.3905;-1.8231;REF;1994;10.91;3;6.05;18.16;4;
13757;48.3905;-1.8231;REF;1995;11.54;4;6.69;20.01;5;
13757;48.3905;-1.8231;REF;1996;11.74;3;6.85;16.83;3;
13757;48.3905;-1.8231;REF;1997;11.38;1;6.54;17.34;3;
13757;48.3905;-1.8231;REF;1998;11.6;2;6.96;14.29;2;
13757;48.3905;-1.8231;REF;1999;12.27;3;4.74;16.95;4;
13757;48.3905;-1.8231;REF;2000;12.22;6;7.67;21.68;8;
13757;48.3905;-1.8231;REF;2001;11.22;3;7.19;18.04;4;
13757;48.3905;-1.8231;REF;2002;11.55;1;6.53;13.54;2;
13757;48.3905;-1.8231;REF;2003;12.15;5;7.32;21.25;6;
13757;48.3905;-1.8231;REF;2004;12.32;2;6.75;17.16;3;
13757;48.3905;-1.8231;REF;2005;11.85;2;4.65;15.16;3;
13758;48.3943;-1.7152;REF;1990;11.75;2;7.57;17.2;2;
13758;48.3943;-1.7152;REF;1991;11.02;3;6.48;18.78;5;
13758;48.3943;-1.7152;REF;1992;10.94;5;7.11;21.19;5;
13758;48.3943;-1.7152;REF;1993;11.3;2;6.19;13.83;2;
13758;48.3943;-1.7152;REF;1994;10.72;4;6.12;18.38;4;
13758;48.3943;-1.7152;REF;1995;11.35;5;6.79;20.25;5;
13758;48.3943;-1.7152;REF;1996;11.56;3;6.93;17.02;3;
13758;48.3943;-1.7152;REF;1997;11.19;1;6.61;17.55;3;
13758;48.3943;-1.7152;REF;1998;11.41;2;6.99;14.45;2;
13758;48.3943;-1.7152;REF;1999;12.07;3;4.77;17.16;4;
13758;48.3943;-1.7152;REF;2000;12.03;6;7.77;21.94;8;
13758;48.3943;-1.7152;REF;2001;11.03;3;7.28;18.25;4;
13758;48.3943;-1.7152;REF;2002;11.36;1;6.59;13.7;2;
13758;48.3943;-1.7152;REF;2003;11.95;5;7.42;21.48;6;
13758;48.3943;-1.7152;REF;2004;12.14;2;6.84;17.36;3;
13758;48.3943;-1.7152;REF;2005;11.66;2;4.71;15.32;3;
13759;48.3979;-1.6074;REF;1990;11.77;2;8.32;18.44;5;
13759;48.3979;-1.6074;REF;1991;11.07;3;6.87;18.47;4;
13759;48.3979;-1.6074;REF;1992;10.98;4;7.12;19.15;5;
13759;48.3979;-1.6074;REF;1993;11.37;2;5.93;13.57;2;
13759;48.3979;-1.6074;REF;1994;10.75;2;6.71;17.19;3;
13759;48.3979;-1.6074;REF;1995;11.45;5;6.14;21.43;5;
13759;48.3979;-1.6074;REF;1996;11.63;3;6.69;16.68;3;
13759;48.3979;-1.6074;REF;1997;11.27;3;6.17;16.56;3;
13759;48.3979;-1.6074;REF;1998;11.43;2;6.92;17.02;3;
13759;48.3979;-1.6074;REF;1999;12.17;2;4.07;16.43;3;
13759;48.3979;-1.6074;REF;2000;12.15;6;7.49;21.21;8;
13759;48.3979;-1.6074;REF;2001;11.13;1;7.41;18.33;4;
13759;48.3979;-1.6074;REF;2002;11.44;1;6.69;14.05;1;
13759;48.3979;-1.6074;REF;2003;12.03;3;7.93;19.44;6;
13759;48.3979;-1.6074;REF;2004;12.23;2;6.95;15.77;2;
13759;48.3979;-1.6074;REF;2005;11.7;1;4.45;13.33;1;
13760;48.4015;-1.4995;REF;1990;11.84;2;8.28;18.37;5;
13760;48.4015;-1.4995;REF;1991;11.14;3;6.84;18.39;4;
13760;48.4015;-1.4995;REF;1992;11.05;3;7.11;19.07;5;
13760;48.4015;-1.4995;REF;1993;11.44;2;5.91;13.51;2;
13760;48.4015;-1.4995;REF;1994;10.81;2;6.71;17.12;3;
13760;48.4015;-1.4995;REF;1995;11.52;5;6.12;21.33;5;
13760;48.4015;-1.4995;REF;1996;11.7;3;6.66;16.62;3;
13760;48.4015;-1.4995;REF;1997;11.34;3;6.14;16.49;3;
13760;48.4015;-1.4995;REF;1998;11.49;2;6.89;16.96;3;
13760;48.4015;-1.4995;REF;1999;12.24;2;4.03;16.36;3;
13760;48.4015;-1.4995;REF;2000;12.22;6;7.46;21.12;8;
13760;48.4015;-1.4995;REF;2001;11.19;1;7.38;18.25;4;
13760;48.4015;-1.4995;REF;2002;11.5;1;6.65;13.99;1;
13760;48.4015;-1.4995;REF;2003;12.1;3;7.9;19.36;6;
13760;48.4015;-1.4995;REF;2004;12.3;2;6.99;15.7;2;
13760;48.4015;-1.4995;REF;2005;11.77;1;4.41;13.27;1;
13761;48.4049;-1.3916;REF;1990;11.62;3;9.75;18.62;3;
13761;48.4049;-1.3916;REF;1991;10.84;3;8.02;17;3;
13761;48.4049;-1.3916;REF;1992;10.76;5;8.75;21.4;5;
13761;48.4049;-1.3916;REF;1993;11.15;3;6.6;15.55;3;
13761;48.4049;-1.3916;REF;1994;10.52;2;8.44;18.01;2;
13761;48.4049;-1.3916;REF;1995;11.26;6;7.03;22.45;6;
13761;48.4049;-1.3916;REF;1996;11.45;6;7.15;22.88;6;
13761;48.4049;-1.3916;REF;1997;11.05;4;7.47;18.81;4;
13761;48.4049;-1.3916;REF;1998;11.2;4;8.58;16.23;4;
13761;48.4049;-1.3916;REF;1999;12;4;4.32;17.67;4;
13761;48.4049;-1.3916;REF;2000;11.98;5;8.32;21.55;5;
13761;48.4049;-1.3916;REF;2001;10.95;3;8.08;18.96;3;
13761;48.4049;-1.3916;REF;2002;11.29;3;8.23;16.05;3;
13761;48.4049;-1.3916;REF;2003;11.84;5;9.1;20.57;5;
13761;48.4049;-1.3916;REF;2004;12.09;3;7.6;18.37;3;
13761;48.4049;-1.3916;REF;2005;11.45;1;5.71;14.52;1;
13762;48.4083;-1.2837;REF;1990;11.34;4;9.01;18.9;4;
13762;48.4083;-1.2837;REF;1991;10.55;2;7.95;17.79;2;
13762;48.4083;-1.2837;REF;1992;10.51;6;8.58;22.96;6;
13762;48.4083;-1.2837;REF;1993;10.91;2;6.77;15.89;2;
13762;48.4083;-1.2837;REF;1994;10.28;2;8.26;17.94;2;
13762;48.4083;-1.2837;REF;1995;11.04;5;7.31;22.32;5;
13762;48.4083;-1.2837;REF;1996;11.17;6;7.67;22.84;5;
13762;48.4083;-1.2837;REF;1997;10.86;5;8.04;23.61;5;
13762;48.4083;-1.2837;REF;1998;10.9;3;8.53;16.42;3;
13762;48.4083;-1.2837;REF;1999;11.78;4;4.35;19.07;4;
13762;48.4083;-1.2837;REF;2000;11.78;5;7.97;21.16;4;
13762;48.4083;-1.2837;REF;2001;10.75;3;9.27;19.47;2;
13762;48.4083;-1.2837;REF;2002;11.01;3;7.95;15.84;3;
13762;48.4083;-1.2837;REF;2003;11.6;7;8.58;23.49;7;
13762;48.4083;-1.2837;REF;2004;11.9;6;7.21;20.71;5;
13762;48.4083;-1.2837;REF;2005;11.22;0;5.98;14.49;0;
13763;48.4116;-1.1758;REF;1990;11.19;4;9.04;19.07;4;
13763;48.4116;-1.1758;REF;1991;10.41;2;8.03;17.95;2;
13763;48.4116;-1.1758;REF;1992;10.36;6;8.75;23.14;6;
13763;48.4116;-1.1758;REF;1993;10.76;2;6.83;16.04;2;
13763;48.4116;-1.1758;REF;1994;10.14;2;8.24;18.11;2;
13763;48.4116;-1.1758;REF;1995;10.89;6;7.35;22.52;5;
13763;48.4116;-1.1758;REF;1996;11.03;6;7.74;23.01;5;
13763;48.4116;-1.1758;REF;1997;10.72;5;8.11;23.8;5;
13763;48.4116;-1.1758;REF;1998;10.76;3;8.58;16.57;3;
13763;48.4116;-1.1758;REF;1999;11.64;4;4.39;19.24;4;
13763;48.4116;-1.1758;REF;2000;11.63;5;8.05;21.35;4;
13763;48.4116;-1.1758;REF;2001;10.61;3;9.35;19.65;2;
13763;48.4116;-1.1758;REF;2002;10.87;3;8.03;15.99;3;
13763;48.4116;-1.1758;REF;2003;11.46;7;8.66;23.69;7;
13763;48.4116;-1.1758;REF;2004;11.76;6;7.28;20.91;5;
13763;48.4116;-1.1758;REF;2005;11.08;0;6.03;14.62;0;
13876;48.3425;-4.415;REF;1990;12.55;3;8.84;19.28;5;
13876;48.3425;-4.415;REF;1991;11.76;3;7.14;17.46;3;
13876;48.3425;-4.415;REF;1992;11.71;2;8.11;16.42;3;
13876;48.3425;-4.415;REF;1993;12.08;2;6.64;17.82;3;
13876;48.3425;-4.415;REF;1994;11.47;1;7.55;15.4;1;
13876;48.3425;-4.415;REF;1995;11.91;2;7.21;18.51;4;
13876;48.3425;-4.415;REF;1996;12.28;6;7.09;20.54;7;
13876;48.3425;-4.415;REF;1997;11.95;1;6.75;16.5;2;
13876;48.3425;-4.415;REF;1998;12.18;1;7.46;16.52;1;
13876;48.3425;-4.415;REF;1999;12.63;3;5.97;17.07;3;
13876;48.3425;-4.415;REF;2000;12.79;7;6.35;22.34;8;
13876;48.3425;-4.415;REF;2001;11.68;3;7.05;18.05;4;
13876;48.3425;-4.415;REF;2002;12.08;2;6.81;17.01;2;
13876;48.3425;-4.415;REF;2003;12.66;2;7.26;18.87;5;
13876;48.3425;-4.415;REF;2004;12.75;4;7.59;22.14;5;
13876;48.3425;-4.415;REF;2005;12.33;2;4.56;14.9;2;
13878;48.3547;-4.2;REF;1990;11.9;8;10.28;26.34;7;
13878;48.3547;-4.2;REF;1991;11.11;6;9.83;21.17;2;
13878;48.3547;-4.2;REF;1992;11.06;7;10.98;23.7;4;
13878;48.3547;-4.2;REF;1993;11.44;6;8.92;21.23;3;
13878;48.3547;-4.2;REF;1994;10.86;5;9.19;20.49;1;
13878;48.3547;-4.2;REF;1995;11.31;6;9.36;24.88;6;
13878;48.3547;-4.2;REF;1996;11.64;9;9.92;25.97;6;
13878;48.3547;-4.2;REF;1997;11.3;3;9.05;18.36;2;
13878;48.3547;-4.2;REF;1998;11.49;5;8.8;21.79;4;
13878;48.3547;-4.2;REF;1999;12.12;5;7.07;22.34;4;
13878;48.3547;-4.2;REF;2000;12.19;9;8.81;25.99;7;
13878;48.3547;-4.2;REF;2001;11.07;6;9.26;22.25;3;
13878;48.3547;-4.2;REF;2002;11.41;5;9.06;20.89;3;
13878;48.3547;-4.2;REF;2003;12.05;9;9.85;23.01;4;
13878;48.3547;-4.2;REF;2004;12.09;8;9.28;28.26;6;
13878;48.3547;-4.2;REF;2005;11.65;5;6.53;20.53;3;
13879;48.3606;-4.0924;REF;1990;11.3;14;11.34;29.95;7;
13879;48.3606;-4.0924;REF;1991;10.38;7;11.09;23.38;2;
13879;48.3606;-4.0924;REF;1992;10.35;14;12.65;24.41;3;
13879;48.3606;-4.0924;REF;1993;10.77;7;10.44;24.47;3;
13879;48.3606;-4.0924;REF;1994;10.12;8;10.97;23.32;3;
13879;48.3606;-4.0924;REF;1995;10.61;8;11.17;29.46;5;
13879;48.3606;-4.0924;REF;1996;11.01;12;10.94;29.98;5;
13879;48.3606;-4.0924;REF;1997;10.62;7;10.22;21.45;2;
13879;48.3606;-4.0924;REF;1998;10.86;8;9.95;26.08;3;
13879;48.3606;-4.0924;REF;1999;11.49;8;8.25;24.94;4;
13879;48.3606;-4.0924;REF;2000;11.6;13;10.08;29.59;7;
13879;48.3606;-4.0924;REF;2001;10.37;8;10.15;26.95;5;
13879;48.3606;-4.0924;REF;2002;10.75;11;10.46;24.3;3;
13879;48.3606;-4.0924;REF;2003;11.46;12;11.53;26.05;4;
13879;48.3606;-4.0924;REF;2004;11.53;12;10.76;34.35;7;
13879;48.3606;-4.0924;REF;2005;11.01;7;7.48;23.5;1;
13880;48.3664;-3.9848;REF;1990;10.75;16;12.05;30.27;6;
13880;48.3664;-3.9848;REF;1991;9.94;8;11.27;22.97;2;
13880;48.3664;-3.9848;REF;1992;9.85;14;12.58;25.28;4;
13880;48.3664;-3.9848;REF;1993;10.31;5;10.77;24.71;4;
13880;48.3664;-3.9848;REF;1994;9.66;12;10.24;24.2;1;
13880;48.3664;-3.9848;REF;1995;10.18;8;11.3;29.14;6;
13880;48.3664;-3.9848;REF;1996;10.52;12;10.58;29.91;5;
13880;48.3664;-3.9848;REF;1997;10.16;8;11.04;22.12;1;
13880;48.3664;-3.9848;REF;1998;10.38;8;10.17;25.45;4;
13880;48.3664;-3.9848;REF;1999;11.01;10;8.76;25.93;4;
13880;48.3664;-3.9848;REF;2000;11.15;13;9.84;30.95;7;
13880;48.3664;-3.9848;REF;2001;9.94;8;10.76;25.93;4;
13880;48.3664;-3.9848;REF;2002;10.25;14;11.98;25.73;3;
13880;48.3664;-3.9848;REF;2003;10.96;13;11.51;26.81;4;
13880;48.3664;-3.9848;REF;2004;11.05;13;10.83;33.03;7;
13880;48.3664;-3.9848;REF;2005;10.5;7;7.85;24.99;1;
13881;48.3722;-3.8772;REF;1990;10.64;18;12.11;29.72;7;
13881;48.3722;-3.8772;REF;1991;9.85;7;10.79;23.47;3;
13881;48.3722;-3.8772;REF;1992;9.75;13;12.86;27.99;4;
13881;48.3722;-3.8772;REF;1993;10.22;8;10.27;26.45;4;
13881;48.3722;-3.8772;REF;1994;9.59;14;10.23;24.3;1;
13881;48.3722;-3.8772;REF;1995;10.1;9;11.31;28.01;5;
13881;48.3722;-3.8772;REF;1996;10.43;10;10.62;31.62;6;
13881;48.3722;-3.8772;REF;1997;10.07;5;10.19;23.85;1;
13881;48.3722;-3.8772;REF;1998;10.28;7;10.48;25.76;4;
13881;48.3722;-3.8772;REF;1999;10.94;9;8.68;26.81;4;
13881;48.3722;-3.8772;REF;2000;11.07;15;10.57;29.07;6;
13881;48.3722;-3.8772;REF;2001;9.85;12;10.85;25.2;4;
13881;48.3722;-3.8772;REF;2002;10.14;13;11.56;27.25;5;
13881;48.3722;-3.8772;REF;2003;10.85;14;11.48;27.23;4;
13881;48.3722;-3.8772;REF;2004;10.95;15;11.31;34.57;9;
13881;48.3722;-3.8772;REF;2005;10.44;8;7.61;25.2;0;
13882;48.3778;-3.7696;REF;1990;10.85;17;11.98;29.35;6;
13882;48.3778;-3.7696;REF;1991;10.05;7;10.61;23.18;3;
13882;48.3778;-3.7696;REF;1992;9.93;11;12.72;27.66;4;
13882;48.3778;-3.7696;REF;1993;10.41;8;10.14;26.13;4;
13882;48.3778;-3.7696;REF;1994;9.78;14;10.1;24;2;
13882;48.3778;-3.7696;REF;1995;10.29;9;11.17;28.06;5;
13882;48.3778;-3.7696;REF;1996;10.63;10;10.49;31.23;6;
13882;48.3778;-3.7696;REF;1997;10.26;5;10.06;23.55;1;
13882;48.3778;-3.7696;REF;1998;10.48;7;10.36;25.47;4;
13882;48.3778;-3.7696;REF;1999;11.14;9;8.57;26.54;4;
13882;48.3778;-3.7696;REF;2000;11.27;15;10.44;28.71;6;
13882;48.3778;-3.7696;REF;2001;10.05;12;10.73;24.89;4;
13882;48.3778;-3.7696;REF;2002;10.33;12;11.42;26.55;4;
13882;48.3778;-3.7696;REF;2003;11.05;14;11.34;26.94;5;
13882;48.3778;-3.7696;REF;2004;11.13;15;11.17;34.15;9;
13882;48.3778;-3.7696;REF;2005;10.64;8;7.51;24.89;0;
13883;48.3833;-3.662;REF;1990;11.4;16;12.14;27.57;7;
13883;48.3833;-3.662;REF;1991;10.55;7;10.5;25.19;3;
13883;48.3833;-3.662;REF;1992;10.46;13;11.96;28.93;6;
13883;48.3833;-3.662;REF;1993;10.88;8;10.42;24.58;4;
13883;48.3833;-3.662;REF;1994;10.3;10;10.42;23.48;2;
13883;48.3833;-3.662;REF;1995;10.78;7;10.84;25.7;4;
13883;48.3833;-3.662;REF;1996;11.12;11;9.74;30.37;6;
13883;48.3833;-3.662;REF;1997;10.75;5;10.07;21.51;2;
13883;48.3833;-3.662;REF;1998;10.98;6;10.48;22.72;3;
13883;48.3833;-3.662;REF;1999;11.66;7;7.4;25.75;4;
13883;48.3833;-3.662;REF;2000;11.8;12;9.66;25.67;3;
13883;48.3833;-3.662;REF;2001;10.57;12;10.38;25.33;3;
13883;48.3833;-3.662;REF;2002;10.83;12;11.44;24.43;3;
13883;48.3833;-3.662;REF;2003;11.55;10;12.31;24.62;3;
13883;48.3833;-3.662;REF;2004;11.66;12;10.14;32.8;8;
13883;48.3833;-3.662;REF;2005;11.22;7;7.58;24.02;1;
13884;48.3888;-3.5543;REF;1990;11.36;9;10.8;23.73;5;
13884;48.3888;-3.5543;REF;1991;10.54;5;8.89;21.6;3;
13884;48.3888;-3.5543;REF;1992;10.47;11;10.14;26.46;7;
13884;48.3888;-3.5543;REF;1993;10.88;6;8.51;21.64;4;
13884;48.3888;-3.5543;REF;1994;10.3;4;7.88;19.59;1;
13884;48.3888;-3.5543;REF;1995;10.77;4;8.8;22.51;4;
13884;48.3888;-3.5543;REF;1996;11.12;7;7.46;28.66;6;
13884;48.3888;-3.5543;REF;1997;10.72;3;8.29;16.14;2;
13884;48.3888;-3.5543;REF;1998;10.96;5;9.1;22.24;4;
13884;48.3888;-3.5543;REF;1999;11.64;8;6.28;23.59;5;
13884;48.3888;-3.5543;REF;2000;11.78;6;8.73;22.39;4;
13884;48.3888;-3.5543;REF;2001;10.55;5;9.14;21.1;3;
13884;48.3888;-3.5543;REF;2002;10.82;6;9.41;21.12;3;
13884;48.3888;-3.5543;REF;2003;11.55;6;9.83;20.99;3;
13884;48.3888;-3.5543;REF;2004;11.61;8;9.32;34.55;8;
13884;48.3888;-3.5543;REF;2005;11.23;5;6.58;20.54;3;
13885;48.3941;-3.4466;REF;1990;11.34;8;10.87;23.27;4;
13885;48.3941;-3.4466;REF;1991;10.54;4;8.88;20.58;3;
13885;48.3941;-3.4466;REF;1992;10.43;10;10.29;24.05;7;
13885;48.3941;-3.4466;REF;1993;10.91;5;8.64;21.21;3;
13885;48.3941;-3.4466;REF;1994;10.35;1;8.12;18.51;0;
13885;48.3941;-3.4466;REF;1995;10.76;5;9.22;22.48;4;
13885;48.3941;-3.4466;REF;1996;11.13;9;7.77;27.49;7;
13885;48.3941;-3.4466;REF;1997;10.76;4;8.28;17.73;2;
13885;48.3941;-3.4466;REF;1998;10.98;4;9.56;19.39;4;
13885;48.3941;-3.4466;REF;1999;11.62;7;6.49;21.47;3;
13885;48.3941;-3.4466;REF;2000;11.76;9;8.59;24.03;6;
13885;48.3941;-3.4466;REF;2001;10.6;6;9.68;21.66;3;
13885;48.3941;-3.4466;REF;2002;10.82;9;9.28;24.21;6;
13885;48.3941;-3.4466;REF;2003;11.55;4;9.48;19.94;2;
13885;48.3941;-3.4466;REF;2004;11.64;9;9.28;35.26;7;
13885;48.3941;-3.4466;REF;2005;11.21;4;6.67;19.66;1;
13886;48.3993;-3.3389;REF;1990;10.79;10;11.08;24.63;5;
13886;48.3993;-3.3389;REF;1991;10.05;7;8.97;24.17;5;
13886;48.3993;-3.3389;REF;1992;9.96;10;11.08;24.04;4;
13886;48.3993;-3.3389;REF;1993;10.41;7;9.64;21.93;4;
13886;48.3993;-3.3389;REF;1994;9.83;3;8.85;19.23;0;
13886;48.3993;-3.3389;REF;1995;10.27;5;9.66;23.26;4;
13886;48.3993;-3.3389;REF;1996;10.63;10;8.19;29.33;6;
13886;48.3993;-3.3389;REF;1997;10.29;3;8.81;18.53;2;
13886;48.3993;-3.3389;REF;1998;10.51;4;9.75;20.99;4;
13886;48.3993;-3.3389;REF;1999;11.12;8;6.87;23.91;5;
13886;48.3993;-3.3389;REF;2000;11.24;7;9.39;23.21;4;
13886;48.3993;-3.3389;REF;2001;10.11;8;10.64;22.64;3;
13886;48.3993;-3.3389;REF;2002;10.34;8;8.94;22.2;4;
13886;48.3993;-3.3389;REF;2003;11.04;6;9.04;21.14;2;
13886;48.3993;-3.3389;REF;2004;11.11;9;8.76;32.99;7;
13886;48.3993;-3.3389;REF;2005;10.73;2;6.72;17.26;2;
13887;48.4045;-3.2311;REF;1990;10.76;10;11.11;24.69;5;
13887;48.4045;-3.2311;REF;1991;10.01;7;8.99;24.23;5;
13887;48.4045;-3.2311;REF;1992;9.92;10;11.11;24.1;4;
13887;48.4045;-3.2311;REF;1993;10.38;7;9.67;21.99;4;
13887;48.4045;-3.2311;REF;1994;9.79;3;8.87;19.28;0;
13887;48.4045;-3.2311;REF;1995;10.23;5;9.69;23.34;4;
13887;48.4045;-3.2311;REF;1996;10.59;10;8.21;29.39;6;
13887;48.4045;-3.2311;REF;1997;10.25;3;8.83;18.58;2;
13887;48.4045;-3.2311;REF;1998;10.47;4;9.77;21.05;4;
13887;48.4045;-3.2311;REF;1999;11.08;8;6.89;23.97;5;
13887;48.4045;-3.2311;REF;2000;11.2;7;9.41;23.27;4;
13887;48.4045;-3.2311;REF;2001;10.07;8;10.67;22.7;3;
13887;48.4045;-3.2311;REF;2002;10.29;8;8.96;22.25;4;
13887;48.4045;-3.2311;REF;2003;11;6;9.06;21.19;2;
13887;48.4045;-3.2311;REF;2004;11.08;9;8.78;33.08;7;
13887;48.4045;-3.2311;REF;2005;10.68;2;6.74;17.31;2;
13888;48.4095;-3.1234;REF;1990;10.93;6;10.56;24.23;5;
13888;48.4095;-3.1234;REF;1991;10.23;11;8.87;23.31;4;
13888;48.4095;-3.1234;REF;1992;10.12;11;11.3;22.96;3;
13888;48.4095;-3.1234;REF;1993;10.52;7;9.8;21.78;4;
13888;48.4095;-3.1234;REF;1994;9.97;1;9.21;18.49;0;
13888;48.4095;-3.1234;REF;1995;10.42;6;9.11;24.61;5;
13888;48.4095;-3.1234;REF;1996;10.74;7;8.37;26.68;7;
13888;48.4095;-3.1234;REF;1997;10.41;4;8.64;19.72;2;
13888;48.4095;-3.1234;REF;1998;10.65;5;8.94;21.77;3;
13888;48.4095;-3.1234;REF;1999;11.25;6;6.55;22.84;4;
13888;48.4095;-3.1234;REF;2000;11.4;7;9.85;32.18;5;
13888;48.4095;-3.1234;REF;2001;10.26;7;10.34;22.05;3;
13888;48.4095;-3.1234;REF;2002;10.47;7;9.64;23.08;4;
13888;48.4095;-3.1234;REF;2003;11.18;5;9.53;20.71;2;
13888;48.4095;-3.1234;REF;2004;11.31;11;9.37;31.04;7;
13888;48.4095;-3.1234;REF;2005;10.87;2;6.47;16.81;2;
13889;48.4145;-3.0156;REF;1990;10.93;9;10.97;23.93;6;
13889;48.4145;-3.0156;REF;1991;10.22;8;8.56;25.04;5;
13889;48.4145;-3.0156;REF;1992;10.09;9;11.69;25.86;6;
13889;48.4145;-3.0156;REF;1993;10.48;6;9.8;22.76;3;
13889;48.4145;-3.0156;REF;1994;10;3;8.39;18.16;2;
13889;48.4145;-3.0156;REF;1995;10.41;6;9.59;21.66;4;
13889;48.4145;-3.0156;REF;1996;10.73;7;8.65;30.83;7;
13889;48.4145;-3.0156;REF;1997;10.4;4;8.56;19.82;4;
13889;48.4145;-3.0156;REF;1998;10.6;6;8.51;22.95;3;
13889;48.4145;-3.0156;REF;1999;11.22;5;6.03;20.8;3;
13889;48.4145;-3.0156;REF;2000;11.39;8;9.48;27.92;5;
13889;48.4145;-3.0156;REF;2001;10.25;9;11.07;24.09;5;
13889;48.4145;-3.0156;REF;2002;10.48;8;9.27;21.76;3;
13889;48.4145;-3.0156;REF;2003;11.15;5;10;20.72;2;
13889;48.4145;-3.0156;REF;2004;11.27;9;8.05;26.41;5;
13889;48.4145;-3.0156;REF;2005;10.88;3;6.83;17.43;2;
13890;48.4193;-2.9078;REF;1990;11.25;8;10.74;23.42;6;
13890;48.4193;-2.9078;REF;1991;10.53;8;8.37;24.54;5;
13890;48.4193;-2.9078;REF;1992;10.4;9;11.44;25.45;6;
13890;48.4193;-2.9078;REF;1993;10.79;6;9.6;22.7;3;
13890;48.4193;-2.9078;REF;1994;10.3;2;8.03;17.78;2;
13890;48.4193;-2.9078;REF;1995;10.72;5;9.39;21.32;4;
13890;48.4193;-2.9078;REF;1996;11.04;7;8.47;30.4;7;
13890;48.4193;-2.9078;REF;1997;10.72;4;8.36;19.4;4;
13890;48.4193;-2.9078;REF;1998;10.9;6;8.33;22.58;2;
13890;48.4193;-2.9078;REF;1999;11.54;5;5.9;20.38;3;
13890;48.4193;-2.9078;REF;2000;11.71;7;9.29;27.41;5;
13890;48.4193;-2.9078;REF;2001;10.55;9;10.84;23.65;6;
13890;48.4193;-2.9078;REF;2002;10.79;6;8.94;21.3;3;
13890;48.4193;-2.9078;REF;2003;11.47;5;9.73;20.34;2;
13890;48.4193;-2.9078;REF;2004;11.57;8;7.88;25.83;5;
13890;48.4193;-2.9078;REF;2005;11.19;2;6.57;17.07;2;
13891;48.424;-2.8;REF;1990;11.29;6;10.25;21.32;3;
13891;48.424;-2.8;REF;1991;10.63;7;7.54;25.16;5;
13891;48.424;-2.8;REF;1992;10.45;9;9.61;26.46;8;
13891;48.424;-2.8;REF;1993;10.82;4;8.1;19.04;2;
13891;48.424;-2.8;REF;1994;10.31;3;6.37;14.34;3;
13891;48.424;-2.8;REF;1995;10.78;3;7.6;18.81;3;
13891;48.424;-2.8;REF;1996;11.05;8;7.59;30.49;5;
13891;48.424;-2.8;REF;1997;10.78;4;6.99;18.9;3;
13891;48.424;-2.8;REF;1998;10.96;5;7.8;20.88;3;
13891;48.424;-2.8;REF;1999;11.6;3;5.78;16.01;3;
13891;48.424;-2.8;REF;2000;11.75;9;7.84;25.95;5;
13891;48.424;-2.8;REF;2001;10.57;9;8.73;23.24;5;
13891;48.424;-2.8;REF;2002;10.83;5;7.97;21.93;3;
13891;48.424;-2.8;REF;2003;11.54;6;8.31;21.78;4;
13891;48.424;-2.8;REF;2004;11.61;7;7.02;23.23;6;
13891;48.424;-2.8;REF;2005;11.23;3;5.23;16.9;1;
13892;48.4287;-2.6921;REF;1990;11.42;2;7.37;16.72;2;
13892;48.4287;-2.6921;REF;1991;10.83;4;7.08;21.22;6;
13892;48.4287;-2.6921;REF;1992;10.67;6;8;22.85;7;
13892;48.4287;-2.6921;REF;1993;11.02;2;6.97;16.71;2;
13892;48.4287;-2.6921;REF;1994;10.59;2;6.11;13.47;2;
13892;48.4287;-2.6921;REF;1995;10.96;3;6.57;18.37;4;
13892;48.4287;-2.6921;REF;1996;11.21;4;6.57;19.98;7;
13892;48.4287;-2.6921;REF;1997;10.98;3;6.33;15.72;4;
13892;48.4287;-2.6921;REF;1998;11.11;2;6.09;16.09;2;
13892;48.4287;-2.6921;REF;1999;11.76;3;4.14;14.65;3;
13892;48.4287;-2.6921;REF;2000;11.85;7;7.28;20.69;8;
13892;48.4287;-2.6921;REF;2001;10.82;2;7.46;17.33;3;
13892;48.4287;-2.6921;REF;2002;11;3;6.78;18.86;5;
13892;48.4287;-2.6921;REF;2003;11.71;3;7.19;16.93;3;
13892;48.4287;-2.6921;REF;2004;11.68;3;6.42;18.01;4;
13892;48.4287;-2.6921;REF;2005;11.41;2;4.87;14.68;2;
13893;48.4332;-2.5843;REF;1990;11.77;2;7.26;16.36;2;
13893;48.4332;-2.5843;REF;1991;11.15;4;6.92;20.8;6;
13893;48.4332;-2.5843;REF;1992;11;6;8.1;22.47;7;
13893;48.4332;-2.5843;REF;1993;11.34;2;6.8;16.37;2;
13893;48.4332;-2.5843;REF;1994;10.91;1;6.07;13.15;2;
13893;48.4332;-2.5843;REF;1995;11.28;3;6.31;18.02;4;
13893;48.4332;-2.5843;REF;1996;11.55;4;6.45;19.61;7;
13893;48.4332;-2.5843;REF;1997;11.31;3;6.21;15.36;4;
13893;48.4332;-2.5843;REF;1998;11.43;2;6.01;15.88;2;
13893;48.4332;-2.5843;REF;1999;12.11;3;4.06;14.33;3;
13893;48.4332;-2.5843;REF;2000;12.2;6;7.12;20.28;8;
13893;48.4332;-2.5843;REF;2001;11.15;2;7.39;17.1;3;
13893;48.4332;-2.5843;REF;2002;11.34;3;6.43;18.47;5;
13893;48.4332;-2.5843;REF;2003;12.05;3;7.07;16.55;3;
13893;48.4332;-2.5843;REF;2004;12.01;3;6.28;17.6;4;
13893;48.4332;-2.5843;REF;2005;11.74;2;4.84;14.36;2;
13894;48.4377;-2.4764;REF;1990;11.5;0;6.89;16.72;2;
13894;48.4377;-2.4764;REF;1991;10.9;4;6.37;19.43;5;
13894;48.4377;-2.4764;REF;1992;10.71;5;7.16;21.62;5;
13894;48.4377;-2.4764;REF;1993;11.1;1;5.64;16.34;3;
13894;48.4377;-2.4764;REF;1994;10.64;3;4.74;16.06;4;
13894;48.4377;-2.4764;REF;1995;11.13;3;5.88;19.6;6;
13894;48.4377;-2.4764;REF;1996;11.28;4;6.27;18.83;8;
13894;48.4377;-2.4764;REF;1997;11.07;2;6.15;15.4;4;
13894;48.4377;-2.4764;REF;1998;11.22;2;6.34;15.16;2;
13894;48.4377;-2.4764;REF;1999;11.86;4;3.85;17.58;4;
13894;48.4377;-2.4764;REF;2000;11.95;5;6.82;20.75;8;
13894;48.4377;-2.4764;REF;2001;10.85;2;6.72;15.64;2;
13894;48.4377;-2.4764;REF;2002;11.11;2;6.17;14.45;3;
13894;48.4377;-2.4764;REF;2003;11.78;3;6.97;16.91;4;
13894;48.4377;-2.4764;REF;2004;11.84;4;6.19;19.29;6;
13894;48.4377;-2.4764;REF;2005;11.51;1;4.65;14.27;2;
13895;48.4421;-2.3685;REF;1990;11.65;2;7.57;17.36;2;
13895;48.4421;-2.3685;REF;1991;10.95;5;6.66;23.89;5;
13895;48.4421;-2.3685;REF;1992;10.8;5;7.75;22.37;6;
13895;48.4421;-2.3685;REF;1993;11.19;2;6.27;16.04;3;
13895;48.4421;-2.3685;REF;1994;10.67;3;5.53;15.88;4;
13895;48.4421;-2.3685;REF;1995;11.22;6;6.75;20.92;6;
13895;48.4421;-2.3685;REF;1996;11.37;3;6.65;18.32;3;
13895;48.4421;-2.3685;REF;1997;11.12;2;6.51;16.01;4;
13895;48.4421;-2.3685;REF;1998;11.32;2;6.44;15.96;4;
13895;48.4421;-2.3685;REF;1999;12.01;4;4.33;19.03;4;
13895;48.4421;-2.3685;REF;2000;12.08;5;7.67;21.29;5;
13895;48.4421;-2.3685;REF;2001;10.9;4;7.68;18;4;
13895;48.4421;-2.3685;REF;2002;11.2;3;6.81;14.98;3;
13895;48.4421;-2.3685;REF;2003;11.91;4;7.47;17.81;4;
13895;48.4421;-2.3685;REF;2004;11.98;4;6.77;19.7;6;
13895;48.4421;-2.3685;REF;2005;11.62;2;5.32;14.66;2;
13896;48.4463;-2.2606;REF;1990;11.61;1;7.49;15.79;1;
13896;48.4463;-2.2606;REF;1991;10.89;5;6.88;20.82;5;
13896;48.4463;-2.2606;REF;1992;10.76;5;7.34;23.4;5;
13896;48.4463;-2.2606;REF;1993;11.17;3;6.34;16.61;3;
13896;48.4463;-2.2606;REF;1994;10.63;2;5.66;16.47;3;
13896;48.4463;-2.2606;REF;1995;11.24;4;6.66;20.16;5;
13896;48.4463;-2.2606;REF;1996;11.37;4;6.51;19.57;6;
13896;48.4463;-2.2606;REF;1997;11.08;1;6.34;16.02;2;
13896;48.4463;-2.2606;REF;1998;11.26;2;6.54;17.77;4;
13896;48.4463;-2.2606;REF;1999;11.97;4;4.36;20.15;5;
13896;48.4463;-2.2606;REF;2000;12.06;4;7.64;21.67;6;
13896;48.4463;-2.2606;REF;2001;10.9;3;7.16;18.71;5;
13896;48.4463;-2.2606;REF;2002;11.16;3;6.39;16.87;3;
13896;48.4463;-2.2606;REF;2003;11.86;5;7.15;20.83;5;
13896;48.4463;-2.2606;REF;2004;11.99;3;7.4;18.71;5;
13896;48.4463;-2.2606;REF;2005;11.58;1;5.23;15.57;2;
13897;48.4505;-2.1527;REF;1990;11.58;1;7.32;16.62;2;
13897;48.4505;-2.1527;REF;1991;10.88;4;6.77;18.7;4;
13897;48.4505;-2.1527;REF;1992;10.74;5;7.08;21.78;5;
13897;48.4505;-2.1527;REF;1993;11.13;2;6.5;18.36;3;
13897;48.4505;-2.1527;REF;1994;10.57;3;5.83;15.37;3;
13897;48.4505;-2.1527;REF;1995;11.21;3;6.55;19.16;4;
13897;48.4505;-2.1527;REF;1996;11.36;5;6.39;21.89;5;
13897;48.4505;-2.1527;REF;1997;11.03;1;6.2;16;2;
13897;48.4505;-2.1527;REF;1998;11.26;4;6.92;18.82;4;
13897;48.4505;-2.1527;REF;1999;11.93;2;5.16;18.89;4;
13897;48.4505;-2.1527;REF;2000;11.99;6;8.31;24.76;9;
13897;48.4505;-2.1527;REF;2001;10.87;4;6.85;20.11;5;
13897;48.4505;-2.1527;REF;2002;11.15;3;6.53;17.57;4;
13897;48.4505;-2.1527;REF;2003;11.84;4;7.16;21.11;5;
13897;48.4505;-2.1527;REF;2004;11.94;3;6.76;19.27;4;
13897;48.4505;-2.1527;REF;2005;11.51;1;5;13.84;1;
13898;48.4545;-2.0447;REF;1990;11.72;1;7.33;16.46;2;
13898;48.4545;-2.0447;REF;1991;11.02;3;6.7;18.5;4;
13898;48.4545;-2.0447;REF;1992;10.88;5;7.01;21.58;5;
13898;48.4545;-2.0447;REF;1993;11.28;2;6.42;18.21;3;
13898;48.4545;-2.0447;REF;1994;10.72;3;5.8;15.21;3;
13898;48.4545;-2.0447;REF;1995;11.35;3;6.47;18.98;4;
13898;48.4545;-2.0447;REF;1996;11.51;5;6.34;21.72;5;
13898;48.4545;-2.0447;REF;1997;11.17;1;6.09;15.97;2;
13898;48.4545;-2.0447;REF;1998;11.4;4;6.87;18.67;4;
13898;48.4545;-2.0447;REF;1999;12.07;2;5.12;18.7;4;
13898;48.4545;-2.0447;REF;2000;12.14;6;8.23;24.52;9;
13898;48.4545;-2.0447;REF;2001;11.01;4;6.79;19.98;5;
13898;48.4545;-2.0447;REF;2002;11.32;2;6.5;17.39;4;
13898;48.4545;-2.0447;REF;2003;11.98;4;7.09;20.86;5;
13898;48.4545;-2.0447;REF;2004;12.09;2;6.74;19.11;4;
13898;48.4545;-2.0447;REF;2005;11.65;1;4.95;13.68;1;
13899;48.4585;-1.9368;REF;1990;11.72;1;7.71;16.61;3;
13899;48.4585;-1.9368;REF;1991;11.09;3;6.52;18.7;4;
13899;48.4585;-1.9368;REF;1992;10.94;4;7.45;18.96;4;
13899;48.4585;-1.9368;REF;1993;11.34;2;6.14;15.94;3;
13899;48.4585;-1.9368;REF;1994;10.75;3;5.91;16.84;3;
13899;48.4585;-1.9368;REF;1995;11.39;2;6.8;16.64;3;
13899;48.4585;-1.9368;REF;1996;11.57;5;6.45;21.48;5;
13899;48.4585;-1.9368;REF;1997;11.23;2;6.55;15.76;3;
13899;48.4585;-1.9368;REF;1998;11.44;3;6.76;16.01;3;
13899;48.4585;-1.9368;REF;1999;12.14;3;4.56;13.73;3;
13899;48.4585;-1.9368;REF;2000;12.17;6;7.85;22.57;8;
13899;48.4585;-1.9368;REF;2001;11.06;4;6.75;18.27;4;
13899;48.4585;-1.9368;REF;2002;11.36;1;6.12;14.45;2;
13899;48.4585;-1.9368;REF;2003;12.02;4;7.71;20.87;5;
13899;48.4585;-1.9368;REF;2004;12.19;4;6.61;18.35;4;
13899;48.4585;-1.9368;REF;2005;11.67;1;4.55;14.99;2;
13900;48.4623;-1.8288;REF;1990;11.66;1;8.76;17.28;3;
13900;48.4623;-1.8288;REF;1991;11.13;2;7.04;17.71;2;
13900;48.4623;-1.8288;REF;1992;10.93;6;7.49;20.95;6;
13900;48.4623;-1.8288;REF;1993;11.33;2;6.03;12.63;3;
13900;48.4623;-1.8288;REF;1994;10.79;2;6.36;16.96;3;
13900;48.4623;-1.8288;REF;1995;11.37;3;6.24;18.36;5;
13900;48.4623;-1.8288;REF;1996;11.52;4;6.74;19.48;5;
13900;48.4623;-1.8288;REF;1997;11.23;2;6.95;16.23;2;
13900;48.4623;-1.8288;REF;1998;11.42;1;7.25;14.59;1;
13900;48.4623;-1.8288;REF;1999;12.04;2;4.66;17.5;4;
13900;48.4623;-1.8288;REF;2000;12.04;6;7.88;21.82;7;
13900;48.4623;-1.8288;REF;2001;11.11;4;7.54;18.59;4;
13900;48.4623;-1.8288;REF;2002;11.31;0;6.58;14.02;0;
13900;48.4623;-1.8288;REF;2003;11.92;4;8.07;20.76;6;
13900;48.4623;-1.8288;REF;2004;12.09;1;6.41;17.68;3;
13900;48.4623;-1.8288;REF;2005;11.62;3;4.72;16.63;3;
13901;48.4661;-1.7208;REF;1990;11.47;1;8.84;17.44;3;
13901;48.4661;-1.7208;REF;1991;10.95;2;6.5;17.91;2;
13901;48.4661;-1.7208;REF;1992;10.76;6;7.55;21.19;6;
13901;48.4661;-1.7208;REF;1993;11.15;2;6.09;12.78;3;
13901;48.4661;-1.7208;REF;1994;10.61;2;6.42;17.15;3;
13901;48.4661;-1.7208;REF;1995;11.18;3;6.31;18.57;5;
13901;48.4661;-1.7208;REF;1996;11.34;4;6.82;19.68;5;
13901;48.4661;-1.7208;REF;1997;11.05;2;7.38;16.41;2;
13901;48.4661;-1.7208;REF;1998;11.25;1;7.34;14.76;1;
13901;48.4661;-1.7208;REF;1999;11.85;2;4.71;17.7;4;
13901;48.4661;-1.7208;REF;2000;11.86;6;7.99;22.07;7;
13901;48.4661;-1.7208;REF;2001;10.94;4;7.65;18.75;4;
13901;48.4661;-1.7208;REF;2002;11.14;0;6.66;14.17;0;
13901;48.4661;-1.7208;REF;2003;11.74;4;8.16;20.97;6;
13901;48.4661;-1.7208;REF;2004;11.91;1;6.48;17.87;3;
13901;48.4661;-1.7208;REF;2005;11.44;3;4.78;16.79;3;
13902;48.4698;-1.6128;REF;1990;11.4;1;9.22;17.68;2;
13902;48.4698;-1.6128;REF;1991;10.91;3;6.74;17.71;4;
13902;48.4698;-1.6128;REF;1992;10.7;4;7.44;20.19;6;
13902;48.4698;-1.6128;REF;1993;11.1;2;5.65;13.24;3;
13902;48.4698;-1.6128;REF;1994;10.53;2;6.81;16.35;3;
13902;48.4698;-1.6128;REF;1995;11.15;5;6.65;21.39;5;
13902;48.4698;-1.6128;REF;1996;11.29;5;6.34;20.61;6;
13902;48.4698;-1.6128;REF;1997;11.01;3;7.69;17.48;4;
13902;48.4698;-1.6128;REF;1998;11.17;1;7.11;13.35;2;
13902;48.4698;-1.6128;REF;1999;11.8;2;3.88;15.27;3;
13902;48.4698;-1.6128;REF;2000;11.82;8;7.35;21.53;8;
13902;48.4698;-1.6128;REF;2001;10.88;2;7.46;19.11;5;
13902;48.4698;-1.6128;REF;2002;11.08;1;6.69;14.7;1;
13902;48.4698;-1.6128;REF;2003;11.7;4;8.54;20.06;5;
13902;48.4698;-1.6128;REF;2004;11.86;1;6.93;16.92;2;
13902;48.4698;-1.6128;REF;2005;11.39;1;4.85;14.89;1;
13903;48.4733;-1.5048;REF;1990;11.71;0;8.44;18.31;4;
13903;48.4733;-1.5048;REF;1991;11.05;2;6.99;14.74;3;
13903;48.4733;-1.5048;REF;1992;10.96;4;7.56;18.39;4;
13903;48.4733;-1.5048;REF;1993;11.33;1;5.82;13.26;3;
13903;48.4733;-1.5048;REF;1994;10.81;2;7.52;16.72;3;
13903;48.4733;-1.5048;REF;1995;11.42;5;6;21.24;6;
13903;48.4733;-1.5048;REF;1996;11.55;4;6.33;19.07;4;
13903;48.4733;-1.5048;REF;1997;11.25;4;7.14;17.91;4;
13903;48.4733;-1.5048;REF;1998;11.37;2;7.65;16.72;4;
13903;48.4733;-1.5048;REF;1999;12.07;1;3.92;15.4;2;
13903;48.4733;-1.5048;REF;2000;12.06;4;7.6;19.39;5;
13903;48.4733;-1.5048;REF;2001;11.15;1;7.21;17.42;3;
13903;48.4733;-1.5048;REF;2002;11.37;2;7.03;14.63;2;
13903;48.4733;-1.5048;REF;2003;11.96;5;7.86;20.94;6;
13903;48.4733;-1.5048;REF;2004;12.12;1;6.99;16.44;2;
13903;48.4733;-1.5048;REF;2005;11.62;1;5.48;13.33;1;
13905;48.4802;-1.2887;REF;1990;11.32;4;9.01;18.92;4;
13905;48.4802;-1.2887;REF;1991;10.54;2;7.96;17.81;2;
13905;48.4802;-1.2887;REF;1992;10.49;6;8.59;22.97;6;
13905;48.4802;-1.2887;REF;1993;10.89;2;6.78;15.91;2;
13905;48.4802;-1.2887;REF;1994;10.27;2;8.26;17.96;2;
13905;48.4802;-1.2887;REF;1995;11.03;5;7.3;22.34;5;
13905;48.4802;-1.2887;REF;1996;11.16;6;7.67;22.85;5;
13905;48.4802;-1.2887;REF;1997;10.85;5;8.05;23.63;5;
13905;48.4802;-1.2887;REF;1998;10.88;3;8.51;16.44;3;
13905;48.4802;-1.2887;REF;1999;11.77;4;4.36;19.09;4;
13905;48.4802;-1.2887;REF;2000;11.76;5;7.98;21.18;4;
13905;48.4802;-1.2887;REF;2001;10.74;3;9.28;19.49;2;
13905;48.4802;-1.2887;REF;2002;11;3;7.96;15.86;3;
13905;48.4802;-1.2887;REF;2003;11.58;7;8.59;23.51;7;
13905;48.4802;-1.2887;REF;2004;11.88;6;7.22;20.73;5;
13905;48.4802;-1.2887;REF;2005;11.2;0;5.98;14.51;0;
13906;48.4834;-1.1806;REF;1990;11.2;4;9.04;19.1;4;
13906;48.4834;-1.1806;REF;1991;10.41;2;8.03;17.95;2;
13906;48.4834;-1.1806;REF;1992;10.35;6;8.66;23.15;6;
13906;48.4834;-1.1806;REF;1993;10.76;2;6.83;16.05;2;
13906;48.4834;-1.1806;REF;1994;10.14;2;8.24;18.12;2;
13906;48.4834;-1.1806;REF;1995;10.89;6;7.35;22.53;5;
13906;48.4834;-1.1806;REF;1996;11.03;6;7.74;23.03;5;
13906;48.4834;-1.1806;REF;1997;10.71;5;8.11;23.83;5;
13906;48.4834;-1.1806;REF;1998;10.75;3;8.58;16.63;3;
13906;48.4834;-1.1806;REF;1999;11.64;4;4.39;19.31;4;
13906;48.4834;-1.1806;REF;2000;11.63;5;8.05;21.38;4;
13906;48.4834;-1.1806;REF;2001;10.61;3;9.35;19.66;2;
13906;48.4834;-1.1806;REF;2002;10.86;3;8.11;16;3;
13906;48.4834;-1.1806;REF;2003;11.45;7;8.69;23.69;7;
13906;48.4834;-1.1806;REF;2004;11.75;6;7.28;20.91;5;
13906;48.4834;-1.1806;REF;2005;11.09;0;6.04;14.63;0;
13907;48.4866;-1.0725;REF;1990;11.23;4;8.95;19.09;2;
13907;48.4866;-1.0725;REF;1991;10.41;2;7.86;17.07;2;
13907;48.4866;-1.0725;REF;1992;10.39;6;8.97;21.13;6;
13907;48.4866;-1.0725;REF;1993;10.77;2;6.6;17.02;2;
13907;48.4866;-1.0725;REF;1994;10.18;2;8.19;17.94;2;
13907;48.4866;-1.0725;REF;1995;10.95;4;7.45;20.64;4;
13907;48.4866;-1.0725;REF;1996;11.05;4;6.89;20.19;4;
13907;48.4866;-1.0725;REF;1997;10.77;7;7.75;25.53;7;
13907;48.4866;-1.0725;REF;1998;10.76;3;8.31;17.33;3;
13907;48.4866;-1.0725;REF;1999;11.67;4;4.84;19.06;4;
13907;48.4866;-1.0725;REF;2000;11.65;6;7.71;23.68;6;
13907;48.4866;-1.0725;REF;2001;10.65;5;8.74;20.78;4;
13907;48.4866;-1.0725;REF;2002;10.87;3;8.12;14.79;3;
13907;48.4866;-1.0725;REF;2003;11.45;4;8.42;20.58;4;
13907;48.4866;-1.0725;REF;2004;11.78;5;7.61;20.87;5;
13907;48.4866;-1.0725;REF;2005;11.11;0;6.08;14.22;0;
14016;48.3952;-4.7471;REF;1990;11.98;7;9.45;21.01;5;
14016;48.3952;-4.7471;REF;1991;11.35;5;7.96;23.06;5;
14016;48.3952;-4.7471;REF;1992;11.13;6;9.95;24.4;6;
14016;48.3952;-4.7471;REF;1993;11.67;6;8.33;21.3;5;
14016;48.3952;-4.7471;REF;1994;10.9;2;7.48;15.99;2;
14016;48.3952;-4.7471;REF;1995;11.33;5;8.44;21.59;5;
14016;48.3952;-4.7471;REF;1996;11.75;4;8.35;21.68;4;
14016;48.3952;-4.7471;REF;1997;11.46;6;7.78;22.51;6;
14016;48.3952;-4.7471;REF;1998;11.73;1;7.24;15.57;1;
14016;48.3952;-4.7471;REF;1999;12.18;5;6.19;22.77;5;
14016;48.3952;-4.7471;REF;2000;12.34;5;7.62;20.55;4;
14016;48.3952;-4.7471;REF;2001;11.12;4;7.79;19.81;3;
14016;48.3952;-4.7471;REF;2002;11.52;3;7.73;19.13;3;
14016;48.3952;-4.7471;REF;2003;12.13;3;8.8;19.04;3;
14016;48.3952;-4.7471;REF;2004;12.18;5;8.08;24.42;5;
14016;48.3952;-4.7471;REF;2005;11.87;1;5.21;16.96;1;
14017;48.4016;-4.6395;REF;1990;11.92;7;10.31;23.52;5;
14017;48.4016;-4.6395;REF;1991;11.21;6;8.92;25.56;5;
14017;48.4016;-4.6395;REF;1992;10.97;8;11.31;27.17;6;
14017;48.4016;-4.6395;REF;1993;11.54;6;10.1;24.01;5;
14017;48.4016;-4.6395;REF;1994;10.71;2;8.92;17.54;2;
14017;48.4016;-4.6395;REF;1995;11.2;8;10.18;22.96;4;
14017;48.4016;-4.6395;REF;1996;11.65;6;9.95;23.52;4;
14017;48.4016;-4.6395;REF;1997;11.33;10;9.07;25.03;6;
14017;48.4016;-4.6395;REF;1998;11.64;1;8.51;17.69;1;
14017;48.4016;-4.6395;REF;1999;12.11;5;6.86;24.43;5;
14017;48.4016;-4.6395;REF;2000;12.29;6;8.31;23.26;4;
14017;48.4016;-4.6395;REF;2001;10.97;5;8.84;21.12;3;
14017;48.4016;-4.6395;REF;2002;11.42;5;9.48;22.58;4;
14017;48.4016;-4.6395;REF;2003;12.05;6;10.17;21.25;3;
14017;48.4016;-4.6395;REF;2004;12.15;8;9.19;29.44;5;
14017;48.4016;-4.6395;REF;2005;11.77;1;5.92;17.01;1;
14018;48.408;-4.5319;REF;1990;11.99;8;10.5;23.86;5;
14018;48.408;-4.5319;REF;1991;11.27;7;9.35;24.08;5;
14018;48.408;-4.5319;REF;1992;11.09;8;10.7;25.07;5;
14018;48.408;-4.5319;REF;1993;11.61;6;10.09;23.52;5;
14018;48.408;-4.5319;REF;1994;10.85;2;9.08;17.87;0;
14018;48.408;-4.5319;REF;1995;11.3;9;9.82;22.35;3;
14018;48.408;-4.5319;REF;1996;11.71;8;9.51;21.54;4;
14018;48.408;-4.5319;REF;1997;11.4;7;9.93;22.95;4;
14018;48.408;-4.5319;REF;1998;11.7;3;8.32;17.57;1;
14018;48.408;-4.5319;REF;1999;12.18;5;7.74;22.92;4;
14018;48.408;-4.5319;REF;2000;12.35;7;8.94;23.24;4;
14018;48.408;-4.5319;REF;2001;11.06;5;9.48;20.82;2;
14018;48.408;-4.5319;REF;2002;11.51;5;9.24;22.19;4;
14018;48.408;-4.5319;REF;2003;12.13;5;9.93;20.48;2;
14018;48.408;-4.5319;REF;2004;12.2;6;10.09;28.84;6;
14018;48.408;-4.5319;REF;2005;11.82;3;5.76;17.99;2;
14019;48.4142;-4.4243;REF;1990;12;8;10.23;24.8;5;
14019;48.4142;-4.4243;REF;1991;11.23;6;10.46;22.5;4;
14019;48.4142;-4.4243;REF;1992;11.12;7;10.81;23.51;6;
14019;48.4142;-4.4243;REF;1993;11.59;6;9.1;23.65;4;
14019;48.4142;-4.4243;REF;1994;10.9;1;9.46;18.23;0;
14019;48.4142;-4.4243;REF;1995;11.37;7;9.73;22.56;4;
14019;48.4142;-4.4243;REF;1996;11.75;7;8.82;25.44;5;
14019;48.4142;-4.4243;REF;1997;11.39;3;9.19;18.94;3;
14019;48.4142;-4.4243;REF;1998;11.62;3;8.96;17.69;1;
14019;48.4142;-4.4243;REF;1999;12.19;5;7.04;21.59;4;
14019;48.4142;-4.4243;REF;2000;12.32;10;8.52;27.69;5;
14019;48.4142;-4.4243;REF;2001;11.13;5;9.3;22.07;4;
14019;48.4142;-4.4243;REF;2002;11.52;6;8.8;21.06;2;
14019;48.4142;-4.4243;REF;2003;12.16;6;9.95;22.46;3;
14019;48.4142;-4.4243;REF;2004;12.23;8;9.28;29.78;6;
14019;48.4142;-4.4243;REF;2005;11.78;4;5.76;20.08;2;
14020;48.4203;-4.3166;REF;1990;11.83;8;10.31;25.08;5;
14020;48.4203;-4.3166;REF;1991;11.06;6;10.57;22.74;4;
14020;48.4203;-4.3166;REF;1992;10.95;7;10.93;23.74;6;
14020;48.4203;-4.3166;REF;1993;11.43;7;9.2;23.91;5;
14020;48.4203;-4.3166;REF;1994;10.73;1;9.62;18.43;0;
14020;48.4203;-4.3166;REF;1995;11.21;7;9.84;22.76;4;
14020;48.4203;-4.3166;REF;1996;11.58;7;8.84;25.66;5;
14020;48.4203;-4.3166;REF;1997;11.23;3;9.29;19.15;3;
14020;48.4203;-4.3166;REF;1998;11.46;3;9.06;17.89;1;
14020;48.4203;-4.3166;REF;1999;12.01;5;7.12;21.83;4;
14020;48.4203;-4.3166;REF;2000;12.15;10;8.59;27.98;5;
14020;48.4203;-4.3166;REF;2001;10.96;5;9.42;22.31;4;
14020;48.4203;-4.3166;REF;2002;11.35;6;8.9;21.31;2;
14020;48.4203;-4.3166;REF;2003;11.98;6;10.06;22.7;4;
14020;48.4203;-4.3166;REF;2004;12.07;8;9.38;30.1;6;
14020;48.4203;-4.3166;REF;2005;11.61;4;5.82;20.31;2;
14021;48.4263;-4.209;REF;1990;11.58;8;10.3;24.12;4;
14021;48.4263;-4.209;REF;1991;10.85;6;10.01;23.02;4;
14021;48.4263;-4.209;REF;1992;10.75;9;10.99;23.16;4;
14021;48.4263;-4.209;REF;1993;11.17;7;8.88;23.07;4;
14021;48.4263;-4.209;REF;1994;10.52;4;9.32;20.02;0;
14021;48.4263;-4.209;REF;1995;10.99;6;9.89;24.86;5;
14021;48.4263;-4.209;REF;1996;11.33;8;9.58;25.57;6;
14021;48.4263;-4.209;REF;1997;11.02;3;9.24;16.83;2;
14021;48.4263;-4.209;REF;1998;11.21;5;8.78;22.08;3;
14021;48.4263;-4.209;REF;1999;11.82;5;6.72;22.06;4;
14021;48.4263;-4.209;REF;2000;11.93;10;8.76;28.1;7;
14021;48.4263;-4.209;REF;2001;10.79;6;9.81;20.78;2;
14021;48.4263;-4.209;REF;2002;11.11;10;9.77;22.11;2;
14021;48.4263;-4.209;REF;2003;11.76;10;9.91;24.35;5;
14021;48.4263;-4.209;REF;2004;11.81;9;9.77;28.09;6;
14021;48.4263;-4.209;REF;2005;11.37;4;6.3;18.59;2;
14022;48.4323;-4.1012;REF;1990;11.53;8;10.33;24.18;4;
14022;48.4323;-4.1012;REF;1991;10.8;6;10.03;23.09;4;
14022;48.4323;-4.1012;REF;1992;10.7;9;11.07;23.22;4;
14022;48.4323;-4.1012;REF;1993;11.13;7;8.91;23.14;4;
14022;48.4323;-4.1012;REF;1994;10.47;4;9.35;20.07;0;
14022;48.4323;-4.1012;REF;1995;10.95;6;9.92;24.93;5;
14022;48.4323;-4.1012;REF;1996;11.29;8;9.61;25.64;6;
14022;48.4323;-4.1012;REF;1997;10.97;3;9.26;16.87;2;
14022;48.4323;-4.1012;REF;1998;11.17;5;8.8;22.14;3;
14022;48.4323;-4.1012;REF;1999;11.78;5;6.74;22.11;4;
14022;48.4323;-4.1012;REF;2000;11.88;10;9.03;28.72;7;
14022;48.4323;-4.1012;REF;2001;10.75;6;9.83;20.84;2;
14022;48.4323;-4.1012;REF;2002;11.07;10;9.79;22.17;2;
14022;48.4323;-4.1012;REF;2003;11.71;10;9.94;24.42;5;
14022;48.4323;-4.1012;REF;2004;11.76;9;9.8;28.17;6;
14022;48.4323;-4.1012;REF;2005;11.33;4;6.32;18.65;2;
14023;48.4381;-3.9935;REF;1990;11.19;8;11.08;23.71;4;
14023;48.4381;-3.9935;REF;1991;10.5;4;9.69;20.28;3;
14023;48.4381;-3.9935;REF;1992;10.39;10;11.61;25.01;5;
14023;48.4381;-3.9935;REF;1993;10.82;5;10.05;22.58;2;
14023;48.4381;-3.9935;REF;1994;10.17;5;9.18;20.73;1;
14023;48.4381;-3.9935;REF;1995;10.66;8;10.2;25.54;5;
14023;48.4381;-3.9935;REF;1996;10.97;10;9.33;26.88;5;
14023;48.4381;-3.9935;REF;1997;10.68;3;9.29;17.63;2;
14023;48.4381;-3.9935;REF;1998;10.87;4;8.96;21.65;4;
14023;48.4381;-3.9935;REF;1999;11.46;7;6.89;26.25;5;
14023;48.4381;-3.9935;REF;2000;11.59;9;8.94;26.05;5;
14023;48.4381;-3.9935;REF;2001;10.44;4;9.34;19.86;2;
14023;48.4381;-3.9935;REF;2002;10.74;11;10.37;24.26;4;
14023;48.4381;-3.9935;REF;2003;11.4;8;10.17;24.76;5;
14023;48.4381;-3.9935;REF;2004;11.46;12;10.18;28.08;7;
14023;48.4381;-3.9935;REF;2005;11;5;6.42;20.66;3;
14024;48.4439;-3.8858;REF;1990;10.75;14;11.93;26.2;4;
14024;48.4439;-3.8858;REF;1991;10.01;8;10.76;24.09;4;
14024;48.4439;-3.8858;REF;1992;9.89;16;13;26.89;4;
14024;48.4439;-3.8858;REF;1993;10.37;8;11.2;25.16;4;
14024;48.4439;-3.8858;REF;1994;9.67;11;10.34;24.83;2;
14024;48.4439;-3.8858;REF;1995;10.17;11;11.26;26.99;4;
14024;48.4439;-3.8858;REF;1996;10.57;12;10.11;31.56;6;
14024;48.4439;-3.8858;REF;1997;10.21;5;10.1;23.6;3;
14024;48.4439;-3.8858;REF;1998;10.45;7;10.25;25.91;4;
14024;48.4439;-3.8858;REF;1999;11.06;10;7.74;25.47;4;
14024;48.4439;-3.8858;REF;2000;11.22;13;10.67;25.79;3;
14024;48.4439;-3.8858;REF;2001;9.97;9;11.04;24.23;3;
14024;48.4439;-3.8858;REF;2002;10.28;14;11.39;27.01;6;
14024;48.4439;-3.8858;REF;2003;11.03;10;11.96;27.38;4;
14024;48.4439;-3.8858;REF;2004;11.09;13;11.18;32.24;10;
14024;48.4439;-3.8858;REF;2005;10.58;5;7.97;23.43;1;
14025;48.4495;-3.778;REF;1990;10.87;14;11.86;26.01;4;
14025;48.4495;-3.778;REF;1991;10.12;7;10.69;23.91;4;
14025;48.4495;-3.778;REF;1992;10;16;12.91;26.71;4;
14025;48.4495;-3.778;REF;1993;10.47;8;11.13;24.98;4;
14025;48.4495;-3.778;REF;1994;9.78;11;10.26;24.66;2;
14025;48.4495;-3.778;REF;1995;10.28;11;11.15;26.8;4;
14025;48.4495;-3.778;REF;1996;10.67;12;10.04;31.34;6;
14025;48.4495;-3.778;REF;1997;10.32;5;10.03;23.43;3;
14025;48.4495;-3.778;REF;1998;10.56;7;10.18;25.72;4;
14025;48.4495;-3.778;REF;1999;11.16;9;7.72;25.28;4;
14025;48.4495;-3.778;REF;2000;11.34;13;10.2;25.65;3;
14025;48.4495;-3.778;REF;2001;10.08;9;10.96;24.05;3;
14025;48.4495;-3.778;REF;2002;10.39;14;11.31;26.81;6;
14025;48.4495;-3.778;REF;2003;11.14;10;11.87;27.2;4;
14025;48.4495;-3.778;REF;2004;11.2;13;11.11;32.05;10;
14025;48.4495;-3.778;REF;2005;10.69;5;7.92;23.26;1;
14026;48.455;-3.6702;REF;1990;10.88;13;12.57;28.3;5;
14026;48.455;-3.6702;REF;1991;10.14;10;10.46;24.02;2;
14026;48.455;-3.6702;REF;1992;10.04;16;12.44;31.19;6;
14026;48.455;-3.6702;REF;1993;10.5;7;10.96;24.27;2;
14026;48.455;-3.6702;REF;1994;9.83;9;9.73;24.23;3;
14026;48.455;-3.6702;REF;1995;10.35;10;11.08;27.7;4;
14026;48.455;-3.6702;REF;1996;10.68;12;10.22;29.73;6;
14026;48.455;-3.6702;REF;1997;10.34;6;9.78;24.19;3;
14026;48.455;-3.6702;REF;1998;10.58;8;10.09;22.87;3;
14026;48.455;-3.6702;REF;1999;11.21;9;7.54;24.1;4;
14026;48.455;-3.6702;REF;2000;11.39;12;11.02;29.97;4;
14026;48.455;-3.6702;REF;2001;10.13;11;11.79;24.13;3;
14026;48.455;-3.6702;REF;2002;10.43;13;11.92;28.51;7;
14026;48.455;-3.6702;REF;2003;11.15;11;11.86;26.89;5;
14026;48.455;-3.6702;REF;2004;11.24;14;10.61;33.66;9;
14026;48.455;-3.6702;REF;2005;10.75;5;7.98;23.1;0;
14027;48.4605;-3.5624;REF;1990;10.76;16;13.05;28.11;6;
14027;48.4605;-3.5624;REF;1991;9.95;11;9.91;24.86;3;
14027;48.4605;-3.5624;REF;1992;9.83;14;13.02;29.01;5;
14027;48.4605;-3.5624;REF;1993;10.34;8;11.02;25.41;3;
14027;48.4605;-3.5624;REF;1994;9.77;9;10.68;23.64;2;
14027;48.4605;-3.5624;REF;1995;10.2;10;11.36;27.42;4;
14027;48.4605;-3.5624;REF;1996;10.56;13;9.24;27.25;4;
14027;48.4605;-3.5624;REF;1997;10.2;5;10.92;22.87;2;
14027;48.4605;-3.5624;REF;1998;10.41;6;11.42;22.8;3;
14027;48.4605;-3.5624;REF;1999;11.02;9;7.9;25.2;3;
14027;48.4605;-3.5624;REF;2000;11.18;15;10.46;30.23;5;
14027;48.4605;-3.5624;REF;2001;10.05;12;12.03;26.29;4;
14027;48.4605;-3.5624;REF;2002;10.24;13;11.36;28.83;6;
14027;48.4605;-3.5624;REF;2003;10.95;13;11.74;23.87;2;
14027;48.4605;-3.5624;REF;2004;11.11;12;9.79;34.28;9;
14027;48.4605;-3.5624;REF;2005;10.58;7;8.07;23.63;2;
14028;48.4658;-3.4545;REF;1990;10.93;10;11.17;23.91;4;
14028;48.4658;-3.4545;REF;1991;10.14;7;9.13;21.1;3;
14028;48.4658;-3.4545;REF;1992;10.03;10;10.45;24.71;7;
14028;48.4658;-3.4545;REF;1993;10.52;6;8.85;21.81;3;
14028;48.4658;-3.4545;REF;1994;9.96;1;8.34;19.02;0;
14028;48.4658;-3.4545;REF;1995;10.37;5;9.47;23.28;4;
14028;48.4658;-3.4545;REF;1996;10.74;9;8;28.15;7;
14028;48.4658;-3.4545;REF;1997;10.36;4;8.84;18.21;2;
14028;48.4658;-3.4545;REF;1998;10.59;4;9.84;19.93;4;
14028;48.4658;-3.4545;REF;1999;11.22;8;6.67;22.04;3;
14028;48.4658;-3.4545;REF;2000;11.36;9;9.02;24.48;6;
14028;48.4658;-3.4545;REF;2001;10.22;6;9.94;22.25;3;
14028;48.4658;-3.4545;REF;2002;10.43;9;9.47;24.89;6;
14028;48.4658;-3.4545;REF;2003;11.14;5;9.72;20.41;2;
14028;48.4658;-3.4545;REF;2004;11.25;9;9.54;36.23;7;
14028;48.4658;-3.4545;REF;2005;10.81;4;6.82;20.18;0;
14029;48.4711;-3.3467;REF;1990;10.9;10;11.01;24.47;5;
14029;48.4711;-3.3467;REF;1991;10.15;7;8.92;24.01;5;
14029;48.4711;-3.3467;REF;1992;10.06;10;11.01;23.91;4;
14029;48.4711;-3.3467;REF;1993;10.51;7;9.58;21.79;4;
14029;48.4711;-3.3467;REF;1994;9.93;2;8.8;19.1;0;
14029;48.4711;-3.3467;REF;1995;10.37;5;9.6;23.06;4;
14029;48.4711;-3.3467;REF;1996;10.73;8;8.15;29.19;6;
14029;48.4711;-3.3467;REF;1997;10.39;3;8.76;18.41;2;
14029;48.4711;-3.3467;REF;1998;10.61;4;9.68;20.85;4;
14029;48.4711;-3.3467;REF;1999;11.22;7;6.83;23.75;5;
14029;48.4711;-3.3467;REF;2000;11.34;7;9.32;23.06;4;
14029;48.4711;-3.3467;REF;2001;10.2;8;10.57;22.5;3;
14029;48.4711;-3.3467;REF;2002;10.43;8;8.89;22.05;4;
14029;48.4711;-3.3467;REF;2003;11.14;5;8.98;21.02;2;
14029;48.4711;-3.3467;REF;2004;11.21;9;8.7;32.77;7;
14029;48.4711;-3.3467;REF;2005;10.83;2;6.73;17.29;2;
14030;48.4762;-3.2388;REF;1990;10.93;10;10.99;24.41;5;
14030;48.4762;-3.2388;REF;1991;10.18;7;8.9;23.96;5;
14030;48.4762;-3.2388;REF;1992;10.1;10;10.99;23.86;4;
14030;48.4762;-3.2388;REF;1993;10.54;7;9.58;21.74;4;
14030;48.4762;-3.2388;REF;1994;9.96;2;8.78;19.06;0;
14030;48.4762;-3.2388;REF;1995;10.4;5;9.6;23;4;
14030;48.4762;-3.2388;REF;1996;10.76;8;8.13;29.14;6;
14030;48.4762;-3.2388;REF;1997;10.43;3;8.75;18.37;2;
14030;48.4762;-3.2388;REF;1998;10.64;4;9.66;20.8;4;
14030;48.4762;-3.2388;REF;1999;11.25;7;6.81;23.7;5;
14030;48.4762;-3.2388;REF;2000;11.37;6;9.31;23.01;4;
14030;48.4762;-3.2388;REF;2001;10.23;8;10.55;22.45;3;
14030;48.4762;-3.2388;REF;2002;10.46;8;8.87;22;4;
14030;48.4762;-3.2388;REF;2003;11.18;5;8.97;20.98;2;
14030;48.4762;-3.2388;REF;2004;11.24;9;8.68;32.7;7;
14030;48.4762;-3.2388;REF;2005;10.86;2;6.71;17.3;2;
14031;48.4813;-3.1309;REF;1990;11.4;6;10.15;23.52;4;
14031;48.4813;-3.1309;REF;1991;10.67;8;8.61;22.67;4;
14031;48.4813;-3.1309;REF;1992;10.57;9;10.95;22.33;3;
14031;48.4813;-3.1309;REF;1993;10.96;5;9.5;21.27;4;
14031;48.4813;-3.1309;REF;1994;10.42;0;8.58;17.93;0;
14031;48.4813;-3.1309;REF;1995;10.86;6;8.83;23.55;5;
14031;48.4813;-3.1309;REF;1996;11.19;7;8.12;26;7;
14031;48.4813;-3.1309;REF;1997;10.86;3;8.39;19.16;2;
14031;48.4813;-3.1309;REF;1998;11.09;5;8.73;21.1;3;
14031;48.4813;-3.1309;REF;1999;11.7;4;6.35;22.15;4;
14031;48.4813;-3.1309;REF;2000;11.87;7;9.55;31.25;5;
14031;48.4813;-3.1309;REF;2001;10.69;7;10.04;21.46;3;
14031;48.4813;-3.1309;REF;2002;10.91;6;9.34;22.37;4;
14031;48.4813;-3.1309;REF;2003;11.64;4;9.24;20.1;2;
14031;48.4813;-3.1309;REF;2004;11.74;9;9.09;30.14;8;
14031;48.4813;-3.1309;REF;2005;11.32;2;6.27;16.34;2;
14032;48.4862;-3.023;REF;1990;11.08;7;10.51;24;5;
14032;48.4862;-3.023;REF;1991;10.44;10;8.91;27.62;5;
14032;48.4862;-3.023;REF;1992;10.31;10;11;24.25;4;
14032;48.4862;-3.023;REF;1993;10.68;5;9.94;20.35;2;
14032;48.4862;-3.023;REF;1994;10.17;2;8.38;16.32;0;
14032;48.4862;-3.023;REF;1995;10.62;6;9.05;22.38;3;
14032;48.4862;-3.023;REF;1996;10.91;8;7.86;31.24;5;
14032;48.4862;-3.023;REF;1997;10.6;4;8.57;19.05;2;
14032;48.4862;-3.023;REF;1998;10.82;6;8.83;21.96;3;
14032;48.4862;-3.023;REF;1999;11.43;5;5.97;21.74;4;
14032;48.4862;-3.023;REF;2000;11.6;8;9.29;34.67;5;
14032;48.4862;-3.023;REF;2001;10.44;8;10.68;22.23;4;
14032;48.4862;-3.023;REF;2002;10.71;7;9.03;23.05;4;
14032;48.4862;-3.023;REF;2003;11.37;4;9.66;20.77;4;
14032;48.4862;-3.023;REF;2004;11.48;10;8.44;27.17;6;
14032;48.4862;-3.023;REF;2005;11.05;2;6.57;17.22;2;
14033;48.4911;-2.915;REF;1990;11.35;6;10.24;23.63;5;
14033;48.4911;-2.915;REF;1991;10.69;10;8.76;27.21;5;
14033;48.4911;-2.915;REF;1992;10.55;10;10.82;23.95;5;
14033;48.4911;-2.915;REF;1993;10.92;4;9.78;20.02;2;
14033;48.4911;-2.915;REF;1994;10.42;2;8.15;16.05;0;
14033;48.4911;-2.915;REF;1995;10.86;6;8.9;22.24;4;
14033;48.4911;-2.915;REF;1996;11.16;8;7.73;30.95;5;
14033;48.4911;-2.915;REF;1997;10.84;4;8.43;18.76;2;
14033;48.4911;-2.915;REF;1998;11.06;6;9.18;21.63;3;
14033;48.4911;-2.915;REF;1999;11.69;5;5.87;21.43;4;
14033;48.4911;-2.915;REF;2000;11.86;7;9.13;34.09;5;
14033;48.4911;-2.915;REF;2001;10.68;7;10.63;21.87;4;
14033;48.4911;-2.915;REF;2002;10.94;7;8.84;22.66;4;
14033;48.4911;-2.915;REF;2003;11.62;4;9.54;20.45;3;
14033;48.4911;-2.915;REF;2004;11.73;10;8.29;26.72;6;
14033;48.4911;-2.915;REF;2005;11.3;2;6.46;16.93;2;
14034;48.4958;-2.807;REF;1990;11.38;3;7.88;16.81;3;
14034;48.4958;-2.807;REF;1991;10.85;5;6.79;21.19;6;
14034;48.4958;-2.807;REF;1992;10.65;8;8.5;21.54;9;
14034;48.4958;-2.807;REF;1993;11;2;7.08;16.63;3;
14034;48.4958;-2.807;REF;1994;10.52;0;6.16;12.67;0;
14034;48.4958;-2.807;REF;1995;10.96;3;6.02;17.81;3;
14034;48.4958;-2.807;REF;1996;11.21;6;6.64;25.77;7;
14034;48.4958;-2.807;REF;1997;10.97;3;6.05;16.76;3;
14034;48.4958;-2.807;REF;1998;11.12;2;6.28;16.12;2;
14034;48.4958;-2.807;REF;1999;11.79;3;4.79;14.95;3;
14034;48.4958;-2.807;REF;2000;11.89;7;6.36;22.98;8;
14034;48.4958;-2.807;REF;2001;10.79;2;7.62;18.94;4;
14034;48.4958;-2.807;REF;2002;10.96;4;7.23;19.09;4;
14034;48.4958;-2.807;REF;2003;11.69;2;6.92;16.88;3;
14034;48.4958;-2.807;REF;2004;11.67;5;6.76;20.53;5;
14034;48.4958;-2.807;REF;2005;11.37;2;5.12;15.14;2;
14035;48.5005;-2.6991;REF;1990;11.79;2;7.06;16.06;3;
14035;48.5005;-2.6991;REF;1991;11.26;5;6.71;22.31;5;
14035;48.5005;-2.6991;REF;1992;11.04;7;8.12;22.59;8;
14035;48.5005;-2.6991;REF;1993;11.37;1;6.91;16.75;2;
14035;48.5005;-2.6991;REF;1994;10.92;0;5.61;13.08;2;
14035;48.5005;-2.6991;REF;1995;11.36;5;6.1;21.06;5;
14035;48.5005;-2.6991;REF;1996;11.6;6;6.87;23.02;7;
14035;48.5005;-2.6991;REF;1997;11.34;1;6.03;15.59;3;
14035;48.5005;-2.6991;REF;1998;11.52;2;6.16;15.83;2;
14035;48.5005;-2.6991;REF;1999;12.24;3;4.29;14.64;3;
14035;48.5005;-2.6991;REF;2000;12.28;6;7.14;23.6;9;
14035;48.5005;-2.6991;REF;2001;11.21;2;7.1;17.63;3;
14035;48.5005;-2.6991;REF;2002;11.39;1;6.82;16.7;3;
14035;48.5005;-2.6991;REF;2003;12.11;3;7;16.22;3;
14035;48.5005;-2.6991;REF;2004;12.08;2;6.57;17.56;4;
14035;48.5005;-2.6991;REF;2005;11.78;1;5.02;13.84;1;
14036;48.505;-2.5911;REF;1990;11.63;1;6.67;16.02;3;
14036;48.505;-2.5911;REF;1991;11.08;5;6.4;20.59;5;
14036;48.505;-2.5911;REF;1992;10.85;6;7.69;22.28;8;
14036;48.505;-2.5911;REF;1993;11.19;2;5.8;14.98;2;
14036;48.505;-2.5911;REF;1994;10.7;1;5.3;14.43;3;
14036;48.505;-2.5911;REF;1995;11.23;3;5.57;19.42;5;
14036;48.505;-2.5911;REF;1996;11.39;6;6.42;24.1;6;
14036;48.505;-2.5911;REF;1997;11.16;1;5.84;15.85;2;
14036;48.505;-2.5911;REF;1998;11.38;2;6.02;14.73;2;
14036;48.505;-2.5911;REF;1999;12.01;4;4.24;16.5;4;
14036;48.505;-2.5911;REF;2000;12.11;5;6.68;21.93;6;
14036;48.505;-2.5911;REF;2001;10.96;1;6.78;16.59;3;
14036;48.505;-2.5911;REF;2002;11.2;2;6.28;13.76;3;
14036;48.505;-2.5911;REF;2003;11.93;3;6.32;15.52;3;
14036;48.505;-2.5911;REF;2004;11.94;3;5.88;17.52;5;
14036;48.505;-2.5911;REF;2005;11.61;0;4.54;13.7;1;
14037;48.5095;-2.483;REF;1990;11.42;0;6.65;15;2;
14037;48.5095;-2.483;REF;1991;10.91;3;6.72;17.26;4;
14037;48.5095;-2.483;REF;1992;10.64;6;7.5;25.85;7;
14037;48.5095;-2.483;REF;1993;11.04;1;5.87;15.2;2;
14037;48.5095;-2.483;REF;1994;10.54;3;4.6;15.28;3;
14037;48.5095;-2.483;REF;1995;11.09;4;5.86;20.16;6;
14037;48.5095;-2.483;REF;1996;11.22;5;6.57;21.27;6;
14037;48.5095;-2.483;REF;1997;10.98;2;6.22;15.8;3;
14037;48.5095;-2.483;REF;1998;11.23;3;6.05;14.58;3;
14037;48.5095;-2.483;REF;1999;11.81;5;3.67;20.76;5;
14037;48.5095;-2.483;REF;2000;11.92;6;7.28;21.22;7;
14037;48.5095;-2.483;REF;2001;10.79;1;6.47;16.08;3;
14037;48.5095;-2.483;REF;2002;11.05;2;6.24;15.88;2;
14037;48.5095;-2.483;REF;2003;11.74;2;6.7;16.21;4;
14037;48.5095;-2.483;REF;2004;11.74;2;6;17.35;3;
14037;48.5095;-2.483;REF;2005;11.44;0;4.49;13.23;1;
14038;48.5138;-2.375;REF;1990;11.51;0;6.58;14.96;2;
14038;48.5138;-2.375;REF;1991;10.98;3;6.68;17.2;4;
14038;48.5138;-2.375;REF;1992;10.72;6;7.5;25.76;7;
14038;48.5138;-2.375;REF;1993;11.11;1;5.84;15.13;2;
14038;48.5138;-2.375;REF;1994;10.62;3;4.58;15.25;4;
14038;48.5138;-2.375;REF;1995;11.17;4;5.83;20.08;6;
14038;48.5138;-2.375;REF;1996;11.28;5;6.54;21.2;6;
14038;48.5138;-2.375;REF;1997;11.06;2;6.2;15.73;3;
14038;48.5138;-2.375;REF;1998;11.31;3;6.09;14.6;3;
14038;48.5138;-2.375;REF;1999;11.9;5;3.63;20.67;5;
14038;48.5138;-2.375;REF;2000;12;6;7.25;21.13;7;
14038;48.5138;-2.375;REF;2001;10.87;1;6.44;16.04;3;
14038;48.5138;-2.375;REF;2002;11.11;2;6.22;15.8;2;
14038;48.5138;-2.375;REF;2003;11.82;2;6.67;16.16;4;
14038;48.5138;-2.375;REF;2004;11.81;2;5.97;17.27;3;
14038;48.5138;-2.375;REF;2005;11.52;0;4.49;13.22;1;
14039;48.5181;-2.2669;REF;1990;11.78;0;6.88;15.68;1;
14039;48.5181;-2.2669;REF;1991;11.22;2;6.61;17.21;4;
14039;48.5181;-2.2669;REF;1992;10.95;5;6.92;26.62;7;
14039;48.5181;-2.2669;REF;1993;11.35;1;5.55;16.12;3;
14039;48.5181;-2.2669;REF;1994;10.82;3;4.78;16.42;3;
14039;48.5181;-2.2669;REF;1995;11.42;4;6.1;18.75;5;
14039;48.5181;-2.2669;REF;1996;11.57;4;6.05;19.25;6;
14039;48.5181;-2.2669;REF;1997;11.3;1;6.26;15.39;2;
14039;48.5181;-2.2669;REF;1998;11.54;2;6.46;15.34;4;
14039;48.5181;-2.2669;REF;1999;12.18;4;3.92;19.84;5;
14039;48.5181;-2.2669;REF;2000;12.26;6;6.8;25.45;7;
14039;48.5181;-2.2669;REF;2001;11.1;2;6.57;16.9;4;
14039;48.5181;-2.2669;REF;2002;11.34;2;5.92;16.24;4;
14039;48.5181;-2.2669;REF;2003;12.07;3;6.14;14.71;3;
14039;48.5181;-2.2669;REF;2004;12.09;2;6.22;16.78;2;
14039;48.5181;-2.2669;REF;2005;11.77;1;4.39;13.15;2;
14040;48.5223;-2.1589;REF;1990;11.65;0;6.87;16.26;3;
14040;48.5223;-2.1589;REF;1991;11.09;0;6.4;16.38;3;
14040;48.5223;-2.1589;REF;1992;10.81;5;6.74;25.84;7;
14040;48.5223;-2.1589;REF;1993;11.24;2;5.5;15.93;3;
14040;48.5223;-2.1589;REF;1994;10.68;3;4.9;17.76;4;
14040;48.5223;-2.1589;REF;1995;11.27;3;6.09;18.56;5;
14040;48.5223;-2.1589;REF;1996;11.47;5;6.39;23.06;6;
14040;48.5223;-2.1589;REF;1997;11.15;0;6.38;15.56;1;
14040;48.5223;-2.1589;REF;1998;11.42;1;6.4;16.19;3;
14040;48.5223;-2.1589;REF;1999;12.04;4;4.15;18.79;5;
14040;48.5223;-2.1589;REF;2000;12.09;6;6.85;23.1;6;
14040;48.5223;-2.1589;REF;2001;10.98;2;6.97;16.25;3;
14040;48.5223;-2.1589;REF;2002;11.27;4;5.67;16.21;4;
14040;48.5223;-2.1589;REF;2003;11.93;3;6.24;15.96;3;
14040;48.5223;-2.1589;REF;2004;11.97;2;6.23;16.27;3;
14040;48.5223;-2.1589;REF;2005;11.62;0;4.36;11.99;1;
14041;48.5263;-2.0508;REF;1990;11.64;0;6.78;15.65;0;
14041;48.5263;-2.0508;REF;1991;11.04;1;6.44;16.08;2;
14041;48.5263;-2.0508;REF;1992;10.85;4;6.96;20.8;5;
14041;48.5263;-2.0508;REF;1993;11.24;4;5.79;17.71;4;
14041;48.5263;-2.0508;REF;1994;10.75;3;5.18;16.32;4;
14041;48.5263;-2.0508;REF;1995;11.33;3;5.72;18.68;5;
14041;48.5263;-2.0508;REF;1996;11.47;5;5.82;21.46;5;
14041;48.5263;-2.0508;REF;1997;11.17;1;5.82;15.49;2;
14041;48.5263;-2.0508;REF;1998;11.36;1;6.48;15.81;3;
14041;48.5263;-2.0508;REF;1999;12;2;4.62;17.92;4;
14041;48.5263;-2.0508;REF;2000;12.07;5;7.55;21.44;9;
14041;48.5263;-2.0508;REF;2001;11.03;3;6.29;16.13;4;
14041;48.5263;-2.0508;REF;2002;11.28;2;5.85;15.45;4;
14041;48.5263;-2.0508;REF;2003;11.92;3;6.44;19.11;5;
14041;48.5263;-2.0508;REF;2004;12;2;6.27;17.92;5;
14041;48.5263;-2.0508;REF;2005;11.62;1;4.3;12.99;1;
14042;48.5303;-1.9426;REF;1990;11.89;0;7;16.36;2;
14042;48.5303;-1.9426;REF;1991;11.35;1;6.06;15.6;3;
14042;48.5303;-1.9426;REF;1992;11.15;4;6.85;18.38;6;
14042;48.5303;-1.9426;REF;1993;11.54;2;5.34;15.34;3;
14042;48.5303;-1.9426;REF;1994;11.02;3;5.28;16.98;4;
14042;48.5303;-1.9426;REF;1995;11.61;2;6.14;16.37;4;
14042;48.5303;-1.9426;REF;1996;11.78;4;5.87;20.57;5;
14042;48.5303;-1.9426;REF;1997;11.47;1;6.18;16.49;4;
14042;48.5303;-1.9426;REF;1998;11.65;0;6.2;14.39;2;
14042;48.5303;-1.9426;REF;1999;12.31;2;4.11;13.85;3;
14042;48.5303;-1.9426;REF;2000;12.36;5;7.42;22;8;
14042;48.5303;-1.9426;REF;2001;11.33;4;6.22;16.23;4;
14042;48.5303;-1.9426;REF;2002;11.58;1;5.49;13.61;3;
14042;48.5303;-1.9426;REF;2003;12.22;4;6.98;20;6;
14042;48.5303;-1.9426;REF;2004;12.35;2;5.85;17.64;5;
14042;48.5303;-1.9426;REF;2005;11.89;1;4.28;14.54;1;
14043;48.5342;-1.8345;REF;1990;11.98;0;8.6;17;3;
14043;48.5342;-1.8345;REF;1991;11.44;2;6.9;17.34;3;
14043;48.5342;-1.8345;REF;1992;11.25;6;7.36;20.52;6;
14043;48.5342;-1.8345;REF;1993;11.64;2;5.91;12.35;3;
14043;48.5342;-1.8345;REF;1994;11.11;2;6.18;16.63;2;
14043;48.5342;-1.8345;REF;1995;11.68;3;6.09;17.98;4;
14043;48.5342;-1.8345;REF;1996;11.84;4;6.6;19.13;5;
14043;48.5342;-1.8345;REF;1997;11.53;2;7.1;15.91;2;
14043;48.5342;-1.8345;REF;1998;11.73;1;7.1;14.3;2;
14043;48.5342;-1.8345;REF;1999;12.38;2;4.58;17.15;4;
14043;48.5342;-1.8345;REF;2000;12.36;5;7.73;21.36;7;
14043;48.5342;-1.8345;REF;2001;11.42;3;7.39;18.23;4;
14043;48.5342;-1.8345;REF;2002;11.63;0;6.44;13.73;0;
14043;48.5342;-1.8345;REF;2003;12.25;4;7.91;20.37;6;
14043;48.5342;-1.8345;REF;2004;12.41;1;6.34;17.34;3;
14043;48.5342;-1.8345;REF;2005;11.93;2;4.62;16.28;3;
14044;48.5379;-1.7264;REF;1990;11.91;0;8.63;17.05;3;
14044;48.5379;-1.7264;REF;1991;11.37;2;6.93;17.42;3;
14044;48.5379;-1.7264;REF;1992;11.19;6;7.5;20.6;6;
14044;48.5379;-1.7264;REF;1993;11.58;2;5.94;12.4;3;
14044;48.5379;-1.7264;REF;1994;11.03;2;6.2;16.69;2;
14044;48.5379;-1.7264;REF;1995;11.62;3;6.11;18.05;4;
14044;48.5379;-1.7264;REF;1996;11.78;4;6.63;19.19;5;
14044;48.5379;-1.7264;REF;1997;11.47;2;7.15;15.96;2;
14044;48.5379;-1.7264;REF;1998;11.67;1;7.13;14.35;2;
14044;48.5379;-1.7264;REF;1999;12.3;2;4.59;17.21;4;
14044;48.5379;-1.7264;REF;2000;12.29;6;7.77;21.46;7;
14044;48.5379;-1.7264;REF;2001;11.36;4;7.42;18.28;4;
14044;48.5379;-1.7264;REF;2002;11.58;0;6.47;13.79;0;
14044;48.5379;-1.7264;REF;2003;12.18;4;7.95;20.43;6;
14044;48.5379;-1.7264;REF;2004;12.34;1;6.34;17.4;3;
14044;48.5379;-1.7264;REF;2005;11.86;2;4.64;16.35;3;
14045;48.5416;-1.6182;REF;1990;11.71;1;9.04;17.37;2;
14045;48.5416;-1.6182;REF;1991;11.21;2;6.61;17.34;4;
14045;48.5416;-1.6182;REF;1992;11;4;7.29;19.82;6;
14045;48.5416;-1.6182;REF;1993;11.4;2;5.51;12.97;3;
14045;48.5416;-1.6182;REF;1994;10.84;2;6.68;16.02;3;
14045;48.5416;-1.6182;REF;1995;11.46;5;6.52;20.98;5;
14045;48.5416;-1.6182;REF;1996;11.61;4;6.22;20.25;6;
14045;48.5416;-1.6182;REF;1997;11.31;3;7.67;17.12;4;
14045;48.5416;-1.6182;REF;1998;11.47;1;6.99;13.1;2;
14045;48.5416;-1.6182;REF;1999;12.11;2;3.83;14.96;3;
14045;48.5416;-1.6182;REF;2000;12.14;7;7.05;21.1;8;
14045;48.5416;-1.6182;REF;2001;11.17;2;7.34;18.73;5;
14045;48.5416;-1.6182;REF;2002;11.39;1;6.54;14.39;1;
14045;48.5416;-1.6182;REF;2003;12.01;4;8.39;19.67;5;
14045;48.5416;-1.6182;REF;2004;12.17;1;6.8;16.63;2;
14045;48.5416;-1.6182;REF;2005;11.69;1;4.76;14.59;1;
14160;48.4733;-4.6491;REF;1990;11.81;7;9.54;21.21;5;
14160;48.4733;-4.6491;REF;1991;11.19;5;8.04;23.27;5;
14160;48.4733;-4.6491;REF;1992;10.97;6;10.05;24.75;6;
14160;48.4733;-4.6491;REF;1993;11.51;6;8.4;21.51;5;
14160;48.4733;-4.6491;REF;1994;10.74;2;7.55;16.15;2;
14160;48.4733;-4.6491;REF;1995;11.17;5;8.52;21.81;5;
14160;48.4733;-4.6491;REF;1996;11.58;4;8.4;21.9;4;
14160;48.4733;-4.6491;REF;1997;11.3;6;7.87;22.74;6;
14160;48.4733;-4.6491;REF;1998;11.57;1;7.3;15.73;0;
14160;48.4733;-4.6491;REF;1999;12.01;5;6.25;23;5;
14160;48.4733;-4.6491;REF;2000;12.17;5;7.7;20.76;4;
14160;48.4733;-4.6491;REF;2001;10.95;4;7.87;20.01;3;
14160;48.4733;-4.6491;REF;2002;11.35;3;7.76;19.15;3;
14160;48.4733;-4.6491;REF;2003;11.96;3;8.89;19.25;3;
14160;48.4733;-4.6491;REF;2004;12.01;6;8.16;24.66;5;
14160;48.4733;-4.6491;REF;2005;11.7;1;5.24;17.14;1;
14161;48.4796;-4.5414;REF;1990;11.87;8;10.51;24.05;5;
14161;48.4796;-4.5414;REF;1991;11.15;7;9.43;24.25;5;
14161;48.4796;-4.5414;REF;1992;10.97;9;10.78;25.27;5;
14161;48.4796;-4.5414;REF;1993;11.5;6;10.06;23.7;5;
14161;48.4796;-4.5414;REF;1994;10.73;2;9.15;18.01;0;
14161;48.4796;-4.5414;REF;1995;11.19;10;9.9;22.5;3;
14161;48.4796;-4.5414;REF;1996;11.59;9;9.58;21.71;4;
14161;48.4796;-4.5414;REF;1997;11.28;7;9.7;23.13;4;
14161;48.4796;-4.5414;REF;1998;11.59;3;8.38;17.68;1;
14161;48.4796;-4.5414;REF;1999;12.06;6;7.79;23.1;4;
14161;48.4796;-4.5414;REF;2000;12.23;7;9.01;23.41;4;
14161;48.4796;-4.5414;REF;2001;10.95;5;9.6;20.98;2;
14161;48.4796;-4.5414;REF;2002;11.39;5;9.31;22.37;4;
14161;48.4796;-4.5414;REF;2003;12;6;10;20.65;2;
14161;48.4796;-4.5414;REF;2004;12.08;6;10.17;29.06;6;
14161;48.4796;-4.5414;REF;2005;11.7;3;5.8;18.13;2;
14162;48.4858;-4.4336;REF;1990;11.83;7;10.33;23.81;5;
14162;48.4858;-4.4336;REF;1991;11.11;7;10.03;23.03;4;
14162;48.4858;-4.4336;REF;1992;10.96;9;10.79;27.86;6;
14162;48.4858;-4.4336;REF;1993;11.45;7;9.2;22.3;3;
14162;48.4858;-4.4336;REF;1994;10.72;2;9.05;18.17;0;
14162;48.4858;-4.4336;REF;1995;11.19;9;9.79;23.93;6;
14162;48.4858;-4.4336;REF;1996;11.58;7;8.64;21.41;3;
14162;48.4858;-4.4336;REF;1997;11.25;5;9.67;21.38;4;
14162;48.4858;-4.4336;REF;1998;11.51;3;8.94;17.12;1;
14162;48.4858;-4.4336;REF;1999;12.05;6;7.47;23.19;4;
14162;48.4858;-4.4336;REF;2000;12.18;7;8.72;28.17;5;
14162;48.4858;-4.4336;REF;2001;10.96;5;9.7;20.71;3;
14162;48.4858;-4.4336;REF;2002;11.36;6;9.56;22.3;4;
14162;48.4858;-4.4336;REF;2003;11.99;4;9.72;20.95;3;
14162;48.4858;-4.4336;REF;2004;12.05;8;10.68;29.4;6;
14162;48.4858;-4.4336;REF;2005;11.66;3;6.12;18.54;2;
14163;48.492;-4.3258;REF;1990;11.78;7;10.36;23.88;5;
14163;48.492;-4.3258;REF;1991;11.07;7;10;23.09;4;
14163;48.492;-4.3258;REF;1992;10.92;9;10.81;27.94;6;
14163;48.492;-4.3258;REF;1993;11.4;7;9.26;22.36;3;
14163;48.492;-4.3258;REF;1994;10.68;2;9.08;18.22;0;
14163;48.492;-4.3258;REF;1995;11.15;9;9.82;23.99;6;
14163;48.492;-4.3258;REF;1996;11.53;7;8.95;21.48;3;
14163;48.492;-4.3258;REF;1997;11.21;5;9.69;21.44;4;
14163;48.492;-4.3258;REF;1998;11.47;3;8.96;17.16;1;
14163;48.492;-4.3258;REF;1999;12.01;6;7.49;23.24;4;
14163;48.492;-4.3258;REF;2000;12.14;7;8.74;28.23;5;
14163;48.492;-4.3258;REF;2001;10.92;5;9.73;20.77;3;
14163;48.492;-4.3258;REF;2002;11.32;6;9.59;22.36;4;
14163;48.492;-4.3258;REF;2003;11.95;4;9.75;21.01;3;
14163;48.492;-4.3258;REF;2004;12.01;8;10.71;29.49;6;
14163;48.492;-4.3258;REF;2005;11.61;3;6.14;18.59;2;
14164;48.498;-4.218;REF;1990;11.75;5;10.75;22.42;4;
14164;48.498;-4.218;REF;1991;11.09;6;9.8;22.96;4;
14164;48.498;-4.218;REF;1992;10.96;9;10.77;26.48;7;
14164;48.498;-4.218;REF;1993;11.4;7;8.89;23.03;3;
14164;48.498;-4.218;REF;1994;10.69;3;8.44;19.28;0;
14164;48.498;-4.218;REF;1995;11.17;7;9.74;24.84;5;
14164;48.498;-4.218;REF;1996;11.53;8;8.91;24.57;5;
14164;48.498;-4.218;REF;1997;11.23;3;9.44;17.85;2;
14164;48.498;-4.218;REF;1998;11.46;5;8.59;20.63;2;
14164;48.498;-4.218;REF;1999;12.04;5;6.83;23.86;5;
14164;48.498;-4.218;REF;2000;12.14;8;9.21;30.75;8;
14164;48.498;-4.218;REF;2001;10.95;5;9.79;20.66;2;
14164;48.498;-4.218;REF;2002;11.31;8;10.34;21.91;2;
14164;48.498;-4.218;REF;2003;11.98;6;9.8;22.34;3;
14164;48.498;-4.218;REF;2004;11.98;10;9.96;27.06;6;
14164;48.498;-4.218;REF;2005;11.59;3;6.56;19.29;2;
14165;48.504;-4.1101;REF;1990;11.73;8;10.2;23.89;4;
14165;48.504;-4.1101;REF;1991;10.99;7;9.92;22.81;4;
14165;48.504;-4.1101;REF;1992;10.9;8;10.89;22.96;4;
14165;48.504;-4.1101;REF;1993;11.32;6;8.8;22.86;4;
14165;48.504;-4.1101;REF;1994;10.66;4;9.28;19.83;0;
14165;48.504;-4.1101;REF;1995;11.13;6;9.8;24.63;5;
14165;48.504;-4.1101;REF;1996;11.48;7;9.5;25.33;6;
14165;48.504;-4.1101;REF;1997;11.16;3;9.14;16.68;2;
14165;48.504;-4.1101;REF;1998;11.35;5;8.7;21.87;3;
14165;48.504;-4.1101;REF;1999;11.97;5;6.66;21.89;4;
14165;48.504;-4.1101;REF;2000;12.07;10;8.91;27.83;7;
14165;48.504;-4.1101;REF;2001;10.93;6;9.72;20.59;2;
14165;48.504;-4.1101;REF;2002;11.26;9;9.68;21.94;2;
14165;48.504;-4.1101;REF;2003;11.91;8;9.82;24.12;5;
14165;48.504;-4.1101;REF;2004;11.95;9;9.66;27.83;6;
14165;48.504;-4.1101;REF;2005;11.52;4;6.25;18.42;2;
14166;48.5098;-4.0022;REF;1990;11.58;8;10.7;23.13;4;
14166;48.5098;-4.0022;REF;1991;10.89;4;9.44;19.84;3;
14166;48.5098;-4.0022;REF;1992;10.78;9;11.27;24.41;5;
14166;48.5098;-4.0022;REF;1993;11.2;5;9.8;22.04;3;
14166;48.5098;-4.0022;REF;1994;10.55;4;8.94;20.23;1;
14166;48.5098;-4.0022;REF;1995;11.04;7;9.98;24.92;5;
14166;48.5098;-4.0022;REF;1996;11.35;9;9.11;26.22;5;
14166;48.5098;-4.0022;REF;1997;11.06;3;9.14;17.2;2;
14166;48.5098;-4.0022;REF;1998;11.25;4;8.74;21.12;4;
14166;48.5098;-4.0022;REF;1999;11.85;6;6.73;25.74;5;
14166;48.5098;-4.0022;REF;2000;11.97;9;8.75;25.5;5;
14166;48.5098;-4.0022;REF;2001;10.83;4;9.09;19.38;2;
14166;48.5098;-4.0022;REF;2002;11.13;11;10.12;23.71;5;
14166;48.5098;-4.0022;REF;2003;11.79;7;9.94;24.17;5;
14166;48.5098;-4.0022;REF;2004;11.83;12;9.95;27.4;6;
14166;48.5098;-4.0022;REF;2005;11.39;4;6.26;20.16;3;
14167;48.5155;-3.8943;REF;1990;11.47;6;10.35;22.57;3;
14167;48.5155;-3.8943;REF;1991;10.81;5;9.39;21.02;3;
14167;48.5155;-3.8943;REF;1992;10.68;11;11.07;25.09;6;
14167;48.5155;-3.8943;REF;1993;11.11;5;9.45;20.94;3;
14167;48.5155;-3.8943;REF;1994;10.49;4;8.7;19.81;1;
14167;48.5155;-3.8943;REF;1995;10.93;7;9.6;23.81;4;
14167;48.5155;-3.8943;REF;1996;11.28;10;9.2;27.37;5;
14167;48.5155;-3.8943;REF;1997;10.99;3;8.87;19.41;2;
14167;48.5155;-3.8943;REF;1998;11.18;5;8.86;23.13;4;
14167;48.5155;-3.8943;REF;1999;11.77;7;6.99;22.26;4;
14167;48.5155;-3.8943;REF;2000;11.89;8;8.94;26.77;5;
14167;48.5155;-3.8943;REF;2001;10.76;3;9.4;19.29;2;
14167;48.5155;-3.8943;REF;2002;11.02;11;10.09;23.53;5;
14167;48.5155;-3.8943;REF;2003;11.69;8;10.14;22.87;4;
14167;48.5155;-3.8943;REF;2004;11.74;11;9.71;28.33;9;
14167;48.5155;-3.8943;REF;2005;11.31;4;6.49;19.35;2;
14168;48.5212;-3.7864;REF;1990;11.4;6;10.42;22.66;3;
14168;48.5212;-3.7864;REF;1991;10.74;5;9.43;21.11;3;
14168;48.5212;-3.7864;REF;1992;10.62;11;11.11;25.19;6;
14168;48.5212;-3.7864;REF;1993;11.05;5;9.49;21.03;3;
14168;48.5212;-3.7864;REF;1994;10.43;4;8.73;19.89;1;
14168;48.5212;-3.7864;REF;1995;10.87;7;9.64;23.92;4;
14168;48.5212;-3.7864;REF;1996;11.21;10;9.24;27.49;5;
14168;48.5212;-3.7864;REF;1997;10.93;3;8.91;19.5;2;
14168;48.5212;-3.7864;REF;1998;11.12;5;8.89;23.23;4;
14168;48.5212;-3.7864;REF;1999;11.7;7;7.02;22.35;4;
14168;48.5212;-3.7864;REF;2000;11.82;8;8.98;26.85;5;
14168;48.5212;-3.7864;REF;2001;10.69;3;9.44;19.4;2;
14168;48.5212;-3.7864;REF;2002;10.96;12;10.26;23.62;5;
14168;48.5212;-3.7864;REF;2003;11.63;8;10.17;22.96;4;
14168;48.5212;-3.7864;REF;2004;11.67;11;9.75;28.44;9;
14168;48.5212;-3.7864;REF;2005;11.24;4;6.52;19.43;2;
14169;48.5267;-3.6785;REF;1990;11.14;8;11.06;24.64;5;
14169;48.5267;-3.6785;REF;1991;10.49;7;9.43;22.81;2;
14169;48.5267;-3.6785;REF;1992;10.38;11;11.08;28.5;8;
14169;48.5267;-3.6785;REF;1993;10.8;5;9.7;20.63;3;
14169;48.5267;-3.6785;REF;1994;10.2;6;8.52;20.88;1;
14169;48.5267;-3.6785;REF;1995;10.67;8;9.79;27.24;5;
14169;48.5267;-3.6785;REF;1996;10.95;10;8.95;27.21;6;
14169;48.5267;-3.6785;REF;1997;10.67;5;9.32;21.88;2;
14169;48.5267;-3.6785;REF;1998;10.86;6;9.19;21.24;3;
14169;48.5267;-3.6785;REF;1999;11.45;6;6.42;21.84;2;
14169;48.5267;-3.6785;REF;2000;11.59;10;9.88;29.65;5;
14169;48.5267;-3.6785;REF;2001;10.48;4;10.42;20.38;2;
14169;48.5267;-3.6785;REF;2002;10.72;12;11.15;26.32;7;
14169;48.5267;-3.6785;REF;2003;11.37;8;10.51;24.05;4;
14169;48.5267;-3.6785;REF;2004;11.44;12;9.58;29.61;8;
14169;48.5267;-3.6785;REF;2005;11.02;4;7.12;20.16;2;
14170;48.5322;-3.5705;REF;1990;10.78;12;11.93;27.24;6;
14170;48.5322;-3.5705;REF;1991;10.16;10;9.53;29.96;5;
14170;48.5322;-3.5705;REF;1992;10.02;9;11.53;28.22;5;
14170;48.5322;-3.5705;REF;1993;10.49;6;9.69;21.9;3;
14170;48.5322;-3.5705;REF;1994;9.91;6;10.14;21.25;0;
14170;48.5322;-3.5705;REF;1995;10.36;8;9.89;29.07;6;
14170;48.5322;-3.5705;REF;1996;10.64;13;9.42;29.56;5;
14170;48.5322;-3.5705;REF;1997;10.38;5;8.85;20.9;3;
14170;48.5322;-3.5705;REF;1998;10.53;5;9.73;21.19;3;
14170;48.5322;-3.5705;REF;1999;11.1;5;6.95;22.27;3;
14170;48.5322;-3.5705;REF;2000;11.27;9;9.29;25.71;4;
14170;48.5322;-3.5705;REF;2001;10.18;8;10.75;22.68;3;
14170;48.5322;-3.5705;REF;2002;10.41;13;11.01;27.24;5;
14170;48.5322;-3.5705;REF;2003;11.03;8;10.5;23.21;3;
14170;48.5322;-3.5705;REF;2004;11.16;12;10.25;31.92;8;
14170;48.5322;-3.5705;REF;2005;10.69;3;7.57;17.69;1;
14171;48.5375;-3.4625;REF;1990;10.98;7;10.13;22.88;5;
14171;48.5375;-3.4625;REF;1991;10.3;6;8.07;26.17;5;
14171;48.5375;-3.4625;REF;1992;10.15;6;9.88;25.4;6;
14171;48.5375;-3.4625;REF;1993;10.66;4;7.36;19.6;3;
14171;48.5375;-3.4625;REF;1994;10.03;1;7.02;17.68;1;
14171;48.5375;-3.4625;REF;1995;10.51;6;7.91;23.1;5;
14171;48.5375;-3.4625;REF;1996;10.84;7;7.75;26.27;6;
14171;48.5375;-3.4625;REF;1997;10.55;3;7.68;17.44;3;
14171;48.5375;-3.4625;REF;1998;10.7;3;7.99;18.64;2;
14171;48.5375;-3.4625;REF;1999;11.35;6;5.91;23.25;4;
14171;48.5375;-3.4625;REF;2000;11.53;5;8.43;22.25;4;
14171;48.5375;-3.4625;REF;2001;10.31;3;8.84;18.63;3;
14171;48.5375;-3.4625;REF;2002;10.58;6;8.66;23.09;5;
14171;48.5375;-3.4625;REF;2003;11.28;4;8.22;19.73;3;
14171;48.5375;-3.4625;REF;2004;11.34;8;8.65;26.2;7;
14171;48.5375;-3.4625;REF;2005;10.9;0;6.21;16.11;0;
14172;48.5428;-3.3545;REF;1990;10.92;8;9.93;22.99;7;
14172;48.5428;-3.3545;REF;1991;10.26;5;7.72;23.24;4;
14172;48.5428;-3.3545;REF;1992;10.08;5;10.48;24.85;5;
14172;48.5428;-3.3545;REF;1993;10.54;4;8.59;19.52;3;
14172;48.5428;-3.3545;REF;1994;9.94;1;7.12;16.39;1;
14172;48.5428;-3.3545;REF;1995;10.44;7;8.35;26.02;5;
14172;48.5428;-3.3545;REF;1996;10.74;10;7.31;26;6;
14172;48.5428;-3.3545;REF;1997;10.46;3;7.8;17.4;3;
14172;48.5428;-3.3545;REF;1998;10.64;3;8.34;19.56;2;
14172;48.5428;-3.3545;REF;1999;11.27;8;5.89;24.83;8;
14172;48.5428;-3.3545;REF;2000;11.44;4;8.13;21.84;4;
14172;48.5428;-3.3545;REF;2001;10.24;3;9.66;18.86;2;
14172;48.5428;-3.3545;REF;2002;10.51;6;8.42;23.94;5;
14172;48.5428;-3.3545;REF;2003;11.2;4;9.08;18.41;2;
14172;48.5428;-3.3545;REF;2004;11.27;8;8.05;26.43;8;
14172;48.5428;-3.3545;REF;2005;10.84;1;6.75;15.89;1;
14173;48.5479;-3.2465;REF;1990;10.85;8;9.76;23.08;7;
14173;48.5479;-3.2465;REF;1991;10.2;5;7.74;23.34;4;
14173;48.5479;-3.2465;REF;1992;10.02;6;10.52;24.93;5;
14173;48.5479;-3.2465;REF;1993;10.48;4;8.62;19.6;3;
14173;48.5479;-3.2465;REF;1994;9.88;1;7.15;16.46;1;
14173;48.5479;-3.2465;REF;1995;10.38;7;8.39;26.13;5;
14173;48.5479;-3.2465;REF;1996;10.67;10;7.25;26.02;6;
14173;48.5479;-3.2465;REF;1997;10.39;3;7.83;17.47;3;
14173;48.5479;-3.2465;REF;1998;10.57;3;8.32;19.6;2;
14173;48.5479;-3.2465;REF;1999;11.21;8;5.96;24.93;8;
14173;48.5479;-3.2465;REF;2000;11.38;4;8.17;21.93;4;
14173;48.5479;-3.2465;REF;2001;10.17;3;9.7;18.91;2;
14173;48.5479;-3.2465;REF;2002;10.45;6;8.45;24.01;5;
14173;48.5479;-3.2465;REF;2003;11.13;4;9.12;18.48;2;
14173;48.5479;-3.2465;REF;2004;11.21;8;8.05;26.53;8;
14173;48.5479;-3.2465;REF;2005;10.78;1;6.78;15.95;1;
14174;48.553;-3.1384;REF;1990;11.4;6;9.4;24.29;6;
14174;48.553;-3.1384;REF;1991;10.73;5;7.83;23.57;5;
14174;48.553;-3.1384;REF;1992;10.54;6;10.21;22.27;5;
14174;48.553;-3.1384;REF;1993;10.95;3;8.2;17.97;2;
14174;48.553;-3.1384;REF;1994;10.41;1;7.67;14.62;1;
14174;48.553;-3.1384;REF;1995;10.9;5;7.72;22.41;5;
14174;48.553;-3.1384;REF;1996;11.14;9;7.27;24.36;6;
14174;48.553;-3.1384;REF;1997;10.9;3;7.59;17.91;2;
14174;48.553;-3.1384;REF;1998;11.08;5;8.11;20.22;2;
14174;48.553;-3.1384;REF;1999;11.75;6;5.48;24.51;6;
14174;48.553;-3.1384;REF;2000;11.89;4;7.74;20.15;4;
14174;48.553;-3.1384;REF;2001;10.69;3;9.61;19.73;3;
14174;48.553;-3.1384;REF;2002;10.97;5;8.57;25.06;5;
14174;48.553;-3.1384;REF;2003;11.64;2;8.59;18.16;2;
14174;48.553;-3.1384;REF;2004;11.74;7;7.56;25.67;7;
14174;48.553;-3.1384;REF;2005;11.3;1;6.3;13.97;1;
14175;48.558;-3.0303;REF;1990;11.31;7;9.28;26.25;6;
14175;48.558;-3.0303;REF;1991;10.7;6;8.37;24.58;5;
14175;48.558;-3.0303;REF;1992;10.49;6;10.2;21.67;5;
14175;48.558;-3.0303;REF;1993;10.85;3;8.73;18.65;3;
14175;48.558;-3.0303;REF;1994;10.36;0;8.18;13.51;0;
14175;48.558;-3.0303;REF;1995;10.87;4;7.51;21.21;4;
14175;48.558;-3.0303;REF;1996;11.07;9;7.9;30.55;7;
14175;48.558;-3.0303;REF;1997;10.83;2;7.83;18.99;2;
14175;48.558;-3.0303;REF;1998;10.99;4;8;19.95;3;
14175;48.558;-3.0303;REF;1999;11.74;6;5.43;21.38;4;
14175;48.558;-3.0303;REF;2000;11.84;5;8.33;25.68;5;
14175;48.558;-3.0303;REF;2001;10.63;7;9.29;23.54;5;
14175;48.558;-3.0303;REF;2002;10.96;5;9.36;23.06;5;
14175;48.558;-3.0303;REF;2003;11.56;2;8.63;18.64;1;
14175;48.558;-3.0303;REF;2004;11.7;6;8.05;23.85;5;
14175;48.558;-3.0303;REF;2005;11.23;1;6.53;15.08;1;
14176;48.5628;-2.9222;REF;1990;11.46;5;7.63;21.73;5;
14176;48.5628;-2.9222;REF;1991;10.9;6;6.87;22.31;6;
14176;48.5628;-2.9222;REF;1992;10.71;5;8.72;21.82;5;
14176;48.5628;-2.9222;REF;1993;11.03;1;6.9;15.27;1;
14176;48.5628;-2.9222;REF;1994;10.61;0;5.97;11.78;0;
14176;48.5628;-2.9222;REF;1995;11.07;4;6.16;18.43;4;
14176;48.5628;-2.9222;REF;1996;11.25;7;6.23;24.61;7;
14176;48.5628;-2.9222;REF;1997;11;2;6.01;16.9;3;
14176;48.5628;-2.9222;REF;1998;11.15;2;6.74;15.9;3;
14176;48.5628;-2.9222;REF;1999;11.87;2;4.81;18.74;4;
14176;48.5628;-2.9222;REF;2000;11.95;6;6.32;23.43;7;
14176;48.5628;-2.9222;REF;2001;10.83;4;7.88;19.59;6;
14176;48.5628;-2.9222;REF;2002;11.09;3;7.39;18.87;5;
14176;48.5628;-2.9222;REF;2003;11.75;2;6.75;16.81;2;
14176;48.5628;-2.9222;REF;2004;11.79;4;6.21;19.95;6;
14176;48.5628;-2.9222;REF;2005;11.38;1;5.33;14.6;1;
14177;48.5676;-2.8141;REF;1990;11.65;3;7.74;16.66;3;
14177;48.5676;-2.8141;REF;1991;11.11;5;6.67;21.24;6;
14177;48.5676;-2.8141;REF;1992;10.92;8;8.35;21.3;9;
14177;48.5676;-2.8141;REF;1993;11.26;2;6.91;16.34;3;
14177;48.5676;-2.8141;REF;1994;10.78;0;6.05;12.44;0;
14177;48.5676;-2.8141;REF;1995;11.24;3;5.92;17.49;3;
14177;48.5676;-2.8141;REF;1996;11.48;6;6.55;25.38;7;
14177;48.5676;-2.8141;REF;1997;11.24;2;5.95;16.46;3;
14177;48.5676;-2.8141;REF;1998;11.39;2;6.18;15.99;2;
14177;48.5676;-2.8141;REF;1999;12.08;3;4.72;14.67;3;
14177;48.5676;-2.8141;REF;2000;12.16;7;6.25;23.02;8;
14177;48.5676;-2.8141;REF;2001;11.06;2;7.54;18.6;4;
14177;48.5676;-2.8141;REF;2002;11.24;4;6.93;18.98;4;
14177;48.5676;-2.8141;REF;2003;11.97;2;6.81;16.57;3;
14177;48.5676;-2.8141;REF;2004;11.94;5;6.64;20.18;5;
14177;48.5676;-2.8141;REF;2005;11.64;2;4.94;14.87;2;
14180;48.5813;-2.4897;REF;1990;11.49;0;6.58;14.94;2;
14180;48.5813;-2.4897;REF;1991;10.97;3;6.69;17.2;4;
14180;48.5813;-2.4897;REF;1992;10.7;6;7.5;25.77;7;
14180;48.5813;-2.4897;REF;1993;11.1;1;5.85;15.14;2;
14180;48.5813;-2.4897;REF;1994;10.6;3;4.59;15.22;3;
14180;48.5813;-2.4897;REF;1995;11.15;4;5.83;20.09;6;
14180;48.5813;-2.4897;REF;1996;11.28;5;6.55;21.19;6;
14180;48.5813;-2.4897;REF;1997;11.04;2;6.2;15.74;3;
14180;48.5813;-2.4897;REF;1998;11.29;3;6.09;14.57;3;
14180;48.5813;-2.4897;REF;1999;11.87;5;3.66;20.68;5;
14180;48.5813;-2.4897;REF;2000;11.98;6;7.25;21.14;7;
14180;48.5813;-2.4897;REF;2001;10.85;1;6.45;16.03;3;
14180;48.5813;-2.4897;REF;2002;11.11;2;6.23;15.82;2;
14180;48.5813;-2.4897;REF;2003;11.81;2;6.67;16.15;4;
14180;48.5813;-2.4897;REF;2004;11.8;2;5.98;17.29;3;
14180;48.5813;-2.4897;REF;2005;11.5;0;4.49;13.2;1;
14181;48.5856;-2.3815;REF;1990;11.69;0;6.91;15.77;1;
14181;48.5856;-2.3815;REF;1991;11.14;2;6.67;17.3;3;
14181;48.5856;-2.3815;REF;1992;10.86;5;6.95;26.73;7;
14181;48.5856;-2.3815;REF;1993;11.27;1;5.58;16.2;3;
14181;48.5856;-2.3815;REF;1994;10.74;3;4.8;16.49;3;
14181;48.5856;-2.3815;REF;1995;11.34;4;6.14;18.82;5;
14181;48.5856;-2.3815;REF;1996;11.5;4;6.09;19.32;6;
14181;48.5856;-2.3815;REF;1997;11.21;1;6.29;15.47;2;
14181;48.5856;-2.3815;REF;1998;11.46;2;6.49;15.38;4;
14181;48.5856;-2.3815;REF;1999;12.09;4;3.94;19.92;5;
14181;48.5856;-2.3815;REF;2000;12.17;6;6.98;25.57;7;
14181;48.5856;-2.3815;REF;2001;11.02;2;6.6;16.98;4;
14181;48.5856;-2.3815;REF;2002;11.28;2;5.93;16.2;4;
14181;48.5856;-2.3815;REF;2003;11.98;3;6.17;14.79;3;
14181;48.5856;-2.3815;REF;2004;12.01;2;6.25;16.86;2;
14181;48.5856;-2.3815;REF;2005;11.68;0;4.41;13.19;2;
14182;48.5899;-2.2733;REF;1990;11.75;0;6.89;15.71;1;
14182;48.5899;-2.2733;REF;1991;11.2;2;6.64;17.23;3;
14182;48.5899;-2.2733;REF;1992;10.92;5;6.93;26.65;7;
14182;48.5899;-2.2733;REF;1993;11.33;1;5.56;16.14;3;
14182;48.5899;-2.2733;REF;1994;10.8;3;4.79;16.43;3;
14182;48.5899;-2.2733;REF;1995;11.4;4;6.11;18.75;5;
14182;48.5899;-2.2733;REF;1996;11.56;4;6.09;19.25;6;
14182;48.5899;-2.2733;REF;1997;11.27;1;6.27;15.41;2;
14182;48.5899;-2.2733;REF;1998;11.52;2;6.47;15.32;4;
14182;48.5899;-2.2733;REF;1999;12.15;4;3.93;19.84;5;
14182;48.5899;-2.2733;REF;2000;12.23;6;6.81;25.47;7;
14182;48.5899;-2.2733;REF;2001;11.08;2;6.58;16.91;4;
14182;48.5899;-2.2733;REF;2002;11.34;2;5.93;16.22;4;
14182;48.5899;-2.2733;REF;2003;12.05;3;6.15;14.73;3;
14182;48.5899;-2.2733;REF;2004;12.07;2;6.23;16.8;2;
14182;48.5899;-2.2733;REF;2005;11.74;1;4.39;13.13;2;
14183;48.5941;-2.1651;REF;1990;11.98;0;6.72;15.93;3;
14183;48.5941;-2.1651;REF;1991;11.41;0;6.27;16.05;3;
14183;48.5941;-2.1651;REF;1992;11.13;5;6.61;25.39;7;
14183;48.5941;-2.1651;REF;1993;11.55;3;5.4;15.61;3;
14183;48.5941;-2.1651;REF;1994;11;3;4.64;17.4;4;
14183;48.5941;-2.1651;REF;1995;11.6;3;5.93;18.2;5;
14183;48.5941;-2.1651;REF;1996;11.8;5;6.29;22.66;5;
14183;48.5941;-2.1651;REF;1997;11.47;0;6.26;15.24;1;
14183;48.5941;-2.1651;REF;1998;11.73;1;6.27;15.87;3;
14183;48.5941;-2.1651;REF;1999;12.38;4;4.07;18.4;5;
14183;48.5941;-2.1651;REF;2000;12.44;6;6.71;22.63;6;
14183;48.5941;-2.1651;REF;2001;11.3;2;6.87;15.93;3;
14183;48.5941;-2.1651;REF;2002;11.6;4;5.55;15.69;4;
14183;48.5941;-2.1651;REF;2003;12.27;3;6.19;15.64;3;
14183;48.5941;-2.1651;REF;2004;12.29;2;6.12;15.95;3;
14183;48.5941;-2.1651;REF;2005;11.94;0;4.27;11.78;1;
14184;48.5981;-2.0568;REF;1990;11.86;1;7.77;16.17;3;
14184;48.5981;-2.0568;REF;1991;11.31;2;6.85;15.79;3;
14184;48.5981;-2.0568;REF;1992;11.04;5;7.95;22.75;8;
14184;48.5981;-2.0568;REF;1993;11.46;3;6.23;15.18;3;
14184;48.5981;-2.0568;REF;1994;10.89;0;5.58;17.3;4;
14184;48.5981;-2.0568;REF;1995;11.48;3;6.39;18.18;4;
14184;48.5981;-2.0568;REF;1996;11.68;5;6.76;22.17;5;
14184;48.5981;-2.0568;REF;1997;11.34;3;7.46;17.26;4;
14184;48.5981;-2.0568;REF;1998;11.63;2;7.03;16.84;2;
14184;48.5981;-2.0568;REF;1999;12.24;4;4.22;17.33;4;
14184;48.5981;-2.0568;REF;2000;12.27;4;7.57;21.24;6;
14184;48.5981;-2.0568;REF;2001;11.18;4;7.39;18.93;5;
14184;48.5981;-2.0568;REF;2002;11.46;3;6.38;15.92;3;
14184;48.5981;-2.0568;REF;2003;12.12;3;6.82;17.99;4;
14184;48.5981;-2.0568;REF;2004;12.19;1;7.04;17.94;3;
14184;48.5981;-2.0568;REF;2005;11.82;1;4.7;13.06;2;
14185;48.6021;-1.9486;REF;1990;11.94;2;7.68;18.42;4;
14185;48.6021;-1.9486;REF;1991;11.39;0;6.41;15.82;3;
14185;48.6021;-1.9486;REF;1992;11.14;5;7.71;21.63;8;
14185;48.6021;-1.9486;REF;1993;11.53;2;6.26;15.04;2;
14185;48.6021;-1.9486;REF;1994;10.97;1;6.06;16.63;3;
14185;48.6021;-1.9486;REF;1995;11.59;3;6.49;17.1;3;
14185;48.6021;-1.9486;REF;1996;11.79;5;6.85;24.83;5;
14185;48.6021;-1.9486;REF;1997;11.46;2;7.49;16.81;2;
14185;48.6021;-1.9486;REF;1998;11.7;2;6.93;14.34;2;
14185;48.6021;-1.9486;REF;1999;12.37;3;4.43;16.11;3;
14185;48.6021;-1.9486;REF;2000;12.36;4;8.27;19.01;5;
14185;48.6021;-1.9486;REF;2001;11.27;4;7.25;18.72;4;
14185;48.6021;-1.9486;REF;2002;11.54;2;6.2;13.51;3;
14185;48.6021;-1.9486;REF;2003;12.19;3;7.11;18.45;4;
14185;48.6021;-1.9486;REF;2004;12.29;1;6.97;17.71;4;
14185;48.6021;-1.9486;REF;2005;11.88;2;4.72;14.55;3;
14186;48.606;-1.8403;REF;1990;12.12;2;8.38;17.65;4;
14186;48.606;-1.8403;REF;1991;11.57;1;6.26;15.9;2;
14186;48.606;-1.8403;REF;1992;11.33;5;7.14;20.88;7;
14186;48.606;-1.8403;REF;1993;11.73;2;6.05;13.94;2;
14186;48.606;-1.8403;REF;1994;11.17;2;6.3;14.44;2;
14186;48.606;-1.8403;REF;1995;11.79;1;6.91;16.62;2;
14186;48.606;-1.8403;REF;1996;12.01;5;6.81;21.28;5;
14186;48.606;-1.8403;REF;1997;11.65;2;7.52;19.43;5;
14186;48.606;-1.8403;REF;1998;11.87;1;6.56;13.44;2;
14186;48.606;-1.8403;REF;1999;12.59;2;4.22;16.35;2;
14186;48.606;-1.8403;REF;2000;12.52;4;7.27;20.01;6;
14186;48.606;-1.8403;REF;2001;11.48;3;7.4;18.25;5;
14186;48.606;-1.8403;REF;2002;11.77;0;5.93;13.4;0;
14186;48.606;-1.8403;REF;2003;12.37;2;7.82;19.17;6;
14186;48.606;-1.8403;REF;2004;12.5;1;6.88;17.23;3;
14186;48.606;-1.8403;REF;2005;12.06;1;4.62;15.7;1;
14188;48.6134;-1.6237;REF;1990;11.98;1;8.89;17.11;2;
14188;48.6134;-1.6237;REF;1991;11.47;2;6.5;17.11;4;
14188;48.6134;-1.6237;REF;1992;11.26;4;7.09;19.39;6;
14188;48.6134;-1.6237;REF;1993;11.66;2;5.42;12.75;3;
14188;48.6134;-1.6237;REF;1994;11.1;2;6.56;15.75;3;
14188;48.6134;-1.6237;REF;1995;11.72;5;6.41;20.62;5;
14188;48.6134;-1.6237;REF;1996;11.87;4;6.11;19.94;6;
14188;48.6134;-1.6237;REF;1997;11.57;3;7.54;16.82;4;
14188;48.6134;-1.6237;REF;1998;11.73;1;6.91;12.88;3;
14188;48.6134;-1.6237;REF;1999;12.39;2;3.74;14.71;2;
14188;48.6134;-1.6237;REF;2000;12.4;5;6.93;20.73;8;
14188;48.6134;-1.6237;REF;2001;11.44;2;7.31;18.4;5;
14188;48.6134;-1.6237;REF;2002;11.66;1;6.45;14.14;1;
14188;48.6134;-1.6237;REF;2003;12.29;4;8.23;19.38;5;
14188;48.6134;-1.6237;REF;2004;12.42;1;6.7;16.34;2;
14188;48.6134;-1.6237;REF;2005;11.95;1;4.68;14.34;1;
14303;48.5449;-4.6587;REF;1990;12.02;7;9.43;20.96;5;
14303;48.5449;-4.6587;REF;1991;11.39;5;7.94;23.01;5;
14303;48.5449;-4.6587;REF;1992;11.17;6;9.93;24.32;6;
14303;48.5449;-4.6587;REF;1993;11.7;6;8.31;21.25;5;
14303;48.5449;-4.6587;REF;1994;10.94;2;7.46;15.95;2;
14303;48.5449;-4.6587;REF;1995;11.37;5;8.43;21.54;5;
14303;48.5449;-4.6587;REF;1996;11.79;4;8.33;21.63;4;
14303;48.5449;-4.6587;REF;1997;11.5;6;7.76;22.46;6;
14303;48.5449;-4.6587;REF;1998;11.76;1;7.56;15.54;1;
14303;48.5449;-4.6587;REF;1999;12.22;5;6.18;22.71;5;
14303;48.5449;-4.6587;REF;2000;12.38;5;7.61;20.5;4;
14303;48.5449;-4.6587;REF;2001;11.16;4;7.77;19.76;3;
14303;48.5449;-4.6587;REF;2002;11.56;3;7.72;18.91;3;
14303;48.5449;-4.6587;REF;2003;12.17;3;8.78;18.99;3;
14303;48.5449;-4.6587;REF;2004;12.21;5;8.06;24.37;5;
14303;48.5449;-4.6587;REF;2005;11.9;1;5.2;16.92;1;
14304;48.5512;-4.5508;REF;1990;12.04;5;8.94;21.18;5;
14304;48.5512;-4.5508;REF;1991;11.41;5;8.34;21.54;4;
14304;48.5512;-4.5508;REF;1992;11.24;5;8.97;22.2;5;
14304;48.5512;-4.5508;REF;1993;11.73;5;8.3;21.02;5;
14304;48.5512;-4.5508;REF;1994;11.03;1;7.75;15.6;1;
14304;48.5512;-4.5508;REF;1995;11.44;5;8.53;20.76;4;
14304;48.5512;-4.5508;REF;1996;11.8;4;7.97;19.79;4;
14304;48.5512;-4.5508;REF;1997;11.54;4;8.23;20.61;4;
14304;48.5512;-4.5508;REF;1998;11.79;2;7.34;15.96;1;
14304;48.5512;-4.5508;REF;1999;12.24;5;6.34;21.21;4;
14304;48.5512;-4.5508;REF;2000;12.4;5;7.28;22.13;5;
14304;48.5512;-4.5508;REF;2001;11.22;3;8.27;19.47;2;
14304;48.5512;-4.5508;REF;2002;11.61;5;8.01;20.35;4;
14304;48.5512;-4.5508;REF;2003;12.21;3;8.09;18.78;2;
14304;48.5512;-4.5508;REF;2004;12.23;6;8.41;24.26;6;
14304;48.5512;-4.5508;REF;2005;11.92;2;5.11;16.75;2;
14305;48.5575;-4.4429;REF;1990;11.92;5;9.53;21.11;4;
14305;48.5575;-4.4429;REF;1991;11.29;4;8.53;20.12;4;
14305;48.5575;-4.4429;REF;1992;11.15;7;9.35;24.24;6;
14305;48.5575;-4.4429;REF;1993;11.61;3;7.59;19.94;3;
14305;48.5575;-4.4429;REF;1994;10.93;1;7.43;15.88;1;
14305;48.5575;-4.4429;REF;1995;11.35;5;8.25;21.44;5;
14305;48.5575;-4.4429;REF;1996;11.71;3;7.88;18.62;3;
14305;48.5575;-4.4429;REF;1997;11.43;4;8.1;19.78;4;
14305;48.5575;-4.4429;REF;1998;11.64;2;8.08;14.89;2;
14305;48.5575;-4.4429;REF;1999;12.16;4;6.42;20.63;4;
14305;48.5575;-4.4429;REF;2000;12.27;6;7.43;24.83;5;
14305;48.5575;-4.4429;REF;2001;11.15;4;8.07;19.18;4;
14305;48.5575;-4.4429;REF;2002;11.49;4;8.29;19.67;3;
14305;48.5575;-4.4429;REF;2003;12.11;4;8.23;18.9;3;
14305;48.5575;-4.4429;REF;2004;12.11;6;9.39;24.49;6;
14305;48.5575;-4.4429;REF;2005;11.79;2;5.29;16.89;2;
14306;48.5636;-4.335;REF;1990;11.88;5;9.55;21.16;4;
14306;48.5636;-4.335;REF;1991;11.26;4;8.55;20.16;4;
14306;48.5636;-4.335;REF;1992;11.11;7;9.38;24.3;6;
14306;48.5636;-4.335;REF;1993;11.57;4;7.6;19.98;3;
14306;48.5636;-4.335;REF;1994;10.89;1;7.44;15.91;1;
14306;48.5636;-4.335;REF;1995;11.31;5;8.27;21.48;5;
14306;48.5636;-4.335;REF;1996;11.67;3;7.9;18.66;3;
14306;48.5636;-4.335;REF;1997;11.39;4;8.12;19.84;4;
14306;48.5636;-4.335;REF;1998;11.6;2;8.1;14.92;2;
14306;48.5636;-4.335;REF;1999;12.12;4;6.43;20.68;4;
14306;48.5636;-4.335;REF;2000;12.23;6;7.51;24.89;5;
14306;48.5636;-4.335;REF;2001;11.11;4;8.09;19.24;3;
14306;48.5636;-4.335;REF;2002;11.45;4;8.3;19.72;3;
14306;48.5636;-4.335;REF;2003;12.07;4;8.25;18.94;3;
14306;48.5636;-4.335;REF;2004;12.07;6;9.41;24.55;6;
14306;48.5636;-4.335;REF;2005;11.75;2;5.3;16.93;2;
14307;48.5697;-4.227;REF;1990;11.72;4;9.34;20.06;4;
14307;48.5697;-4.227;REF;1991;11.14;5;8.65;21.6;4;
14307;48.5697;-4.227;REF;1992;11.01;7;9.13;24.39;6;
14307;48.5697;-4.227;REF;1993;11.44;5;7.47;20.71;3;
14307;48.5697;-4.227;REF;1994;10.78;2;7.48;16.86;1;
14307;48.5697;-4.227;REF;1995;11.21;5;8.44;21.65;4;
14307;48.5697;-4.227;REF;1996;11.54;6;7.79;21.24;4;
14307;48.5697;-4.227;REF;1997;11.28;3;7.97;15.62;3;
14307;48.5697;-4.227;REF;1998;11.47;2;7.58;18.76;2;
14307;48.5697;-4.227;REF;1999;12.02;5;5.89;21.25;5;
14307;48.5697;-4.227;REF;2000;12.1;8;7.74;25.85;7;
14307;48.5697;-4.227;REF;2001;11;3;8.38;19.1;2;
14307;48.5697;-4.227;REF;2002;11.31;3;8.8;19.07;3;
14307;48.5697;-4.227;REF;2003;11.96;4;8.1;20;3;
14307;48.5697;-4.227;REF;2004;11.92;6;8.34;23.41;6;
14307;48.5697;-4.227;REF;2005;11.59;2;5.82;18.02;2;
14308;48.5756;-4.119;REF;1990;11.58;5;8.99;21.5;4;
14308;48.5756;-4.119;REF;1991;11.03;3;8.1;17.73;3;
14308;48.5756;-4.119;REF;1992;10.91;8;9.91;23.55;7;
14308;48.5756;-4.119;REF;1993;11.33;3;8.02;19.56;3;
14308;48.5756;-4.119;REF;1994;10.68;1;7.8;17.66;0;
14308;48.5756;-4.119;REF;1995;11.11;7;7.88;22.75;5;
14308;48.5756;-4.119;REF;1996;11.43;5;8.73;20.97;4;
14308;48.5756;-4.119;REF;1997;11.15;3;7.91;13.85;3;
14308;48.5756;-4.119;REF;1998;11.36;3;6.97;18.1;3;
14308;48.5756;-4.119;REF;1999;11.92;5;6.14;20.97;4;
14308;48.5756;-4.119;REF;2000;12;7;8.41;26.32;7;
14308;48.5756;-4.119;REF;2001;10.92;3;8.56;17.18;2;
14308;48.5756;-4.119;REF;2002;11.18;4;8.62;20;2;
14308;48.5756;-4.119;REF;2003;11.85;4;8.66;19.93;2;
14308;48.5756;-4.119;REF;2004;11.83;9;8.52;24.01;8;
14308;48.5756;-4.119;REF;2005;11.46;3;5.76;18.21;3;
14309;48.5815;-4.011;REF;1990;11.65;5;8.96;21.42;4;
14309;48.5815;-4.011;REF;1991;11.1;3;8.17;17.66;3;
14309;48.5815;-4.011;REF;1992;10.98;8;9.88;23.47;7;
14309;48.5815;-4.011;REF;1993;11.39;3;7.99;19.49;3;
14309;48.5815;-4.011;REF;1994;10.74;1;7.77;17.59;0;
14309;48.5815;-4.011;REF;1995;11.17;7;7.92;22.67;6;
14309;48.5815;-4.011;REF;1996;11.49;5;8.7;20.89;4;
14309;48.5815;-4.011;REF;1997;11.21;3;7.89;13.8;3;
14309;48.5815;-4.011;REF;1998;11.43;3;6.94;18.03;3;
14309;48.5815;-4.011;REF;1999;11.99;4;6.12;20.89;4;
14309;48.5815;-4.011;REF;2000;12.06;7;8.38;26.26;7;
14309;48.5815;-4.011;REF;2001;10.98;3;8.6;17.12;2;
14309;48.5815;-4.011;REF;2002;11.25;4;8.59;19.93;2;
14309;48.5815;-4.011;REF;2003;11.91;4;8.63;19.87;2;
14309;48.5815;-4.011;REF;2004;11.89;9;8.48;23.89;8;
14309;48.5815;-4.011;REF;2005;11.52;3;5.73;18.14;3;
14310;48.5872;-3.9029;REF;1990;11.72;6;9.56;21.28;5;
14310;48.5872;-3.9029;REF;1991;11.23;3;7.95;18.34;2;
14310;48.5872;-3.9029;REF;1992;11.09;8;10.23;22.97;7;
14310;48.5872;-3.9029;REF;1993;11.48;3;7.59;18.89;3;
14310;48.5872;-3.9029;REF;1994;10.85;2;7.12;18.27;2;
14310;48.5872;-3.9029;REF;1995;11.27;7;7.6;24.23;7;
14310;48.5872;-3.9029;REF;1996;11.58;6;8.11;21.93;5;
14310;48.5872;-3.9029;REF;1997;11.32;2;7.59;15.1;2;
14310;48.5872;-3.9029;REF;1998;11.52;3;7.15;17.98;3;
14310;48.5872;-3.9029;REF;1999;12.08;5;6.5;20.77;4;
14310;48.5872;-3.9029;REF;2000;12.19;6;8.33;25.5;5;
14310;48.5872;-3.9029;REF;2001;11.12;3;8.08;16.64;2;
14310;48.5872;-3.9029;REF;2002;11.35;6;9.17;20.54;4;
14310;48.5872;-3.9029;REF;2003;12.02;4;8.51;19.68;3;
14310;48.5872;-3.9029;REF;2004;12;10;8.47;25.84;8;
14310;48.5872;-3.9029;REF;2005;11.65;2;5.78;16.34;2;
14311;48.5929;-3.7949;REF;1990;11.77;7;10.92;23.27;4;
14311;48.5929;-3.7949;REF;1991;11.19;5;8.98;20.5;3;
14311;48.5929;-3.7949;REF;1992;11.05;10;11.09;26.14;7;
14311;48.5929;-3.7949;REF;1993;11.44;5;8.89;20.19;3;
14311;48.5929;-3.7949;REF;1994;10.78;4;8.53;19.98;1;
14311;48.5929;-3.7949;REF;1995;11.24;8;8.78;26.81;7;
14311;48.5929;-3.7949;REF;1996;11.59;9;9.59;25.86;5;
14311;48.5929;-3.7949;REF;1997;11.29;2;8.88;17.4;2;
14311;48.5929;-3.7949;REF;1998;11.52;5;8.46;20.84;3;
14311;48.5929;-3.7949;REF;1999;12.12;8;7.33;21.28;2;
14311;48.5929;-3.7949;REF;2000;12.23;7;9.69;26.39;6;
14311;48.5929;-3.7949;REF;2001;11.06;4;9.01;19.21;2;
14311;48.5929;-3.7949;REF;2002;11.36;8;10.79;22.88;3;
14311;48.5929;-3.7949;REF;2003;12.04;6;10.06;22.2;3;
14311;48.5929;-3.7949;REF;2004;12.07;11;9.75;28.75;9;
14311;48.5929;-3.7949;REF;2005;11.66;3;6.55;18.2;2;
14312;48.5984;-3.6868;REF;1990;11.54;8;10.81;23.72;5;
14312;48.5984;-3.6868;REF;1991;10.98;6;9.76;21.03;1;
14312;48.5984;-3.6868;REF;1992;10.82;9;10.84;27.69;6;
14312;48.5984;-3.6868;REF;1993;11.21;4;9.24;20.87;3;
14312;48.5984;-3.6868;REF;1994;10.59;4;8.88;19.74;1;
14312;48.5984;-3.6868;REF;1995;11.04;7;9.44;26.81;5;
14312;48.5984;-3.6868;REF;1996;11.35;10;8.93;27.12;8;
14312;48.5984;-3.6868;REF;1997;11.06;4;8.99;19.1;3;
14312;48.5984;-3.6868;REF;1998;11.32;5;8.7;20.68;2;
14312;48.5984;-3.6868;REF;1999;11.88;4;7.09;19.53;2;
14312;48.5984;-3.6868;REF;2000;12.02;7;9.54;27.33;5;
14312;48.5984;-3.6868;REF;2001;10.85;3;10.04;19.69;2;
14312;48.5984;-3.6868;REF;2002;11.15;11;11.13;28;5;
14312;48.5984;-3.6868;REF;2003;11.8;6;10.34;22.36;3;
14312;48.5984;-3.6868;REF;2004;11.85;13;9.34;28.61;9;
14312;48.5984;-3.6868;REF;2005;11.45;3;7.27;18.18;2;
14313;48.6039;-3.5786;REF;1990;11.29;7;9.61;21.29;4;
14313;48.6039;-3.5786;REF;1991;10.66;5;8.2;20.34;3;
14313;48.6039;-3.5786;REF;1992;10.5;6;10.44;23.06;6;
14313;48.6039;-3.5786;REF;1993;10.91;3;7.85;18.41;3;
14313;48.6039;-3.5786;REF;1994;10.28;1;7.17;17.11;1;
14313;48.6039;-3.5786;REF;1995;10.79;5;8.06;23.56;5;
14313;48.6039;-3.5786;REF;1996;11.14;8;7.53;26.75;7;
14313;48.6039;-3.5786;REF;1997;10.8;3;7.32;17.12;3;
14313;48.6039;-3.5786;REF;1998;11.05;2;7.09;17.5;2;
14313;48.6039;-3.5786;REF;1999;11.65;5;5.49;22.33;5;
14313;48.6039;-3.5786;REF;2000;11.83;6;7.89;23.77;5;
14313;48.6039;-3.5786;REF;2001;10.55;2;8.76;17.39;2;
14313;48.6039;-3.5786;REF;2002;10.89;5;9.44;22.2;5;
14313;48.6039;-3.5786;REF;2003;11.62;3;8.36;18.15;3;
14313;48.6039;-3.5786;REF;2004;11.63;9;7.86;24.81;8;
14313;48.6039;-3.5786;REF;2005;11.22;2;5.91;17.79;2;
14314;48.6093;-3.4705;REF;1990;11.3;7;9.61;21.28;4;
14314;48.6093;-3.4705;REF;1991;10.67;5;8.19;20.34;3;
14314;48.6093;-3.4705;REF;1992;10.5;6;10.44;23.05;6;
14314;48.6093;-3.4705;REF;1993;10.92;3;7.85;18.4;3;
14314;48.6093;-3.4705;REF;1994;10.28;1;7.16;17.11;1;
14314;48.6093;-3.4705;REF;1995;10.79;5;8.1;23.55;5;
14314;48.6093;-3.4705;REF;1996;11.14;8;7.53;26.74;7;
14314;48.6093;-3.4705;REF;1997;10.81;3;7.31;17.11;3;
14314;48.6093;-3.4705;REF;1998;11.06;2;7.09;17.49;2;
14314;48.6093;-3.4705;REF;1999;11.66;5;5.48;22.32;5;
14314;48.6093;-3.4705;REF;2000;11.84;6;7.89;23.76;5;
14314;48.6093;-3.4705;REF;2001;10.56;2;8.75;17.4;2;
14314;48.6093;-3.4705;REF;2002;10.9;5;9.44;22.22;5;
14314;48.6093;-3.4705;REF;2003;11.63;3;8.35;18.14;3;
14314;48.6093;-3.4705;REF;2004;11.64;9;7.85;24.8;8;
14314;48.6093;-3.4705;REF;2005;11.23;2;5.91;17.78;2;
14315;48.6145;-3.3624;REF;1990;11.31;7;10.11;22.82;5;
14315;48.6145;-3.3624;REF;1991;10.71;5;7.89;21.05;4;
14315;48.6145;-3.3624;REF;1992;10.52;5;10.13;22.84;5;
14315;48.6145;-3.3624;REF;1993;10.9;3;7.92;16.91;3;
14315;48.6145;-3.3624;REF;1994;10.31;1;7.8;15.21;1;
14315;48.6145;-3.3624;REF;1995;10.85;6;8.06;23.96;5;
14315;48.6145;-3.3624;REF;1996;11.15;9;7.5;24.76;9;
14315;48.6145;-3.3624;REF;1997;10.83;4;7.03;19.63;4;
14315;48.6145;-3.3624;REF;1998;11.06;2;7.43;18.34;0;
14315;48.6145;-3.3624;REF;1999;11.68;7;5.6;26.62;5;
14315;48.6145;-3.3624;REF;2000;11.87;5;7.73;21.74;4;
14315;48.6145;-3.3624;REF;2001;10.61;3;8.82;19.29;3;
14315;48.6145;-3.3624;REF;2002;10.95;5;8.54;21.46;5;
14315;48.6145;-3.3624;REF;2003;11.64;2;8.38;17.71;2;
14315;48.6145;-3.3624;REF;2004;11.71;8;8.08;27.72;8;
14315;48.6145;-3.3624;REF;2005;11.26;0;5.91;16.44;0;
14316;48.6197;-3.2542;REF;1990;11.37;7;9.78;24.71;5;
14316;48.6197;-3.2542;REF;1991;10.77;4;7.73;20.01;4;
14316;48.6197;-3.2542;REF;1992;10.54;5;10.13;21.39;4;
14316;48.6197;-3.2542;REF;1993;10.92;2;8.38;17.03;2;
14316;48.6197;-3.2542;REF;1994;10.37;1;8.23;14.48;1;
14316;48.6197;-3.2542;REF;1995;10.93;6;8.15;22.62;6;
14316;48.6197;-3.2542;REF;1996;11.17;8;7.29;24.15;6;
14316;48.6197;-3.2542;REF;1997;10.89;3;7.43;19.02;3;
14316;48.6197;-3.2542;REF;1998;11.07;1;7.58;17.88;0;
14316;48.6197;-3.2542;REF;1999;11.76;6;5.55;22.26;6;
14316;48.6197;-3.2542;REF;2000;11.93;4;7.7;20.36;4;
14316;48.6197;-3.2542;REF;2001;10.66;5;8.98;20.48;3;
14316;48.6197;-3.2542;REF;2002;11.02;8;9.09;23.91;7;
14316;48.6197;-3.2542;REF;2003;11.67;2;8.36;17.25;1;
14316;48.6197;-3.2542;REF;2004;11.81;8;7.9;27.74;8;
14316;48.6197;-3.2542;REF;2005;11.31;2;6.48;14.8;2;
14317;48.6247;-3.146;REF;1990;11.56;6;9.31;24.16;6;
14317;48.6247;-3.146;REF;1991;10.88;5;7.78;23.4;5;
14317;48.6247;-3.146;REF;1992;10.69;5;10.11;22.05;5;
14317;48.6247;-3.146;REF;1993;11.1;3;8.12;17.79;2;
14317;48.6247;-3.146;REF;1994;10.56;1;7.6;14.48;1;
14317;48.6247;-3.146;REF;1995;11.04;5;7.64;22.2;5;
14317;48.6247;-3.146;REF;1996;11.3;9;7.21;24.12;6;
14317;48.6247;-3.146;REF;1997;11.05;3;7.51;17.73;2;
14317;48.6247;-3.146;REF;1998;11.23;4;8.04;20.04;2;
14317;48.6247;-3.146;REF;1999;11.9;6;5.43;24.29;6;
14317;48.6247;-3.146;REF;2000;12.04;4;7.66;19.95;4;
14317;48.6247;-3.146;REF;2001;10.83;3;9.52;19.54;3;
14317;48.6247;-3.146;REF;2002;11.12;5;8.49;24.81;5;
14317;48.6247;-3.146;REF;2003;11.79;2;8.5;17.99;2;
14317;48.6247;-3.146;REF;2004;11.89;7;7.54;25.42;7;
14317;48.6247;-3.146;REF;2005;11.46;1;6.27;13.84;1;
14318;48.6297;-3.0377;REF;1990;11.67;6;9;25.66;6;
14318;48.6297;-3.0377;REF;1991;11.04;6;8.04;24.04;5;
14318;48.6297;-3.0377;REF;1992;10.83;6;9.94;21.23;5;
14318;48.6297;-3.0377;REF;1993;11.18;3;8.53;18.25;3;
14318;48.6297;-3.0377;REF;1994;10.7;0;7.97;13.21;0;
14318;48.6297;-3.0377;REF;1995;11.2;4;7.34;20.75;4;
14318;48.6297;-3.0377;REF;1996;11.42;9;7.73;30.14;7;
14318;48.6297;-3.0377;REF;1997;11.17;2;7.65;18.56;2;
14318;48.6297;-3.0377;REF;1998;11.33;4;7.82;19.55;3;
14318;48.6297;-3.0377;REF;1999;12.1;6;5.31;20.92;4;
14318;48.6297;-3.0377;REF;2000;12.2;5;8.15;25.24;5;
14318;48.6297;-3.0377;REF;2001;10.96;5;9.1;23.02;5;
14318;48.6297;-3.0377;REF;2002;11.31;5;9.04;22.54;5;
14318;48.6297;-3.0377;REF;2003;11.92;1;8.41;18.22;1;
14318;48.6297;-3.0377;REF;2004;12.04;5;7.88;23.32;5;
14318;48.6297;-3.0377;REF;2005;11.58;1;6.34;14.75;1;
14319;48.6346;-2.9295;REF;1990;11.63;5;7.47;21.5;5;
14319;48.6346;-2.9295;REF;1991;11.06;6;6.77;22.09;6;
14319;48.6346;-2.9295;REF;1992;10.88;5;8.61;21.63;5;
14319;48.6346;-2.9295;REF;1993;11.19;1;6.82;15.07;1;
14319;48.6346;-2.9295;REF;1994;10.77;0;5.9;11.67;0;
14319;48.6346;-2.9295;REF;1995;11.23;3;6.09;18.2;4;
14319;48.6346;-2.9295;REF;1996;11.42;7;6.26;24.41;7;
14319;48.6346;-2.9295;REF;1997;11.17;2;5.95;16.69;3;
14319;48.6346;-2.9295;REF;1998;11.32;2;6.66;15.81;3;
14319;48.6346;-2.9295;REF;1999;12.06;2;4.76;18.55;4;
14319;48.6346;-2.9295;REF;2000;12.12;6;6.25;23.19;8;
14319;48.6346;-2.9295;REF;2001;10.99;4;7.79;19.36;6;
14319;48.6346;-2.9295;REF;2002;11.28;3;7.26;18.8;5;
14319;48.6346;-2.9295;REF;2003;11.92;2;6.68;16.62;2;
14319;48.6346;-2.9295;REF;2004;11.96;4;6.14;19.71;6;
14319;48.6346;-2.9295;REF;2005;11.56;1;5.28;14.42;1;
14328;48.6739;-1.9545;REF;1990;12.02;2;7.64;18.33;4;
14328;48.6739;-1.9545;REF;1991;11.46;0;6.4;15.74;3;
14328;48.6739;-1.9545;REF;1992;11.21;5;7.24;21.53;8;
14328;48.6739;-1.9545;REF;1993;11.61;2;6.27;14.97;2;
14328;48.6739;-1.9545;REF;1994;11.05;1;6.04;16.55;3;
14328;48.6739;-1.9545;REF;1995;11.67;3;6.46;17.02;3;
14328;48.6739;-1.9545;REF;1996;11.86;5;6.81;24.74;5;
14328;48.6739;-1.9545;REF;1997;11.53;2;7.45;16.73;2;
14328;48.6739;-1.9545;REF;1998;11.78;2;6.9;14.24;2;
14328;48.6739;-1.9545;REF;1999;12.45;3;4.4;16.03;3;
14328;48.6739;-1.9545;REF;2000;12.43;4;8.23;18.92;5;
14328;48.6739;-1.9545;REF;2001;11.34;3;7.22;18.63;4;
14328;48.6739;-1.9545;REF;2002;11.61;2;6.18;13.44;3;
14328;48.6739;-1.9545;REF;2003;12.26;3;7.08;18.36;4;
14328;48.6739;-1.9545;REF;2004;12.36;1;6.94;17.63;4;
14328;48.6739;-1.9545;REF;2005;11.95;2;4.69;14.48;3;
14329;48.6778;-1.846;REF;1990;12.03;2;8.44;17.76;4;
14329;48.6778;-1.846;REF;1991;11.49;1;6.29;15.99;2;
14329;48.6778;-1.846;REF;1992;11.24;5;7.19;21.09;7;
14329;48.6778;-1.846;REF;1993;11.64;2;6.08;14.03;2;
14329;48.6778;-1.846;REF;1994;11.09;2;6.33;14.53;2;
14329;48.6778;-1.846;REF;1995;11.7;1;6.96;16.71;2;
14329;48.6778;-1.846;REF;1996;11.92;5;6.9;21.37;5;
14329;48.6778;-1.846;REF;1997;11.56;3;7.57;19.54;5;
14329;48.6778;-1.846;REF;1998;11.78;1;6.61;13.49;2;
14329;48.6778;-1.846;REF;1999;12.5;2;4.19;16.44;2;
14329;48.6778;-1.846;REF;2000;12.43;4;7.28;20.13;6;
14329;48.6778;-1.846;REF;2001;11.39;3;7.44;18.35;5;
14329;48.6778;-1.846;REF;2002;11.68;0;5.98;13.48;0;
14329;48.6778;-1.846;REF;2003;12.28;2;7.86;19.28;6;
14329;48.6778;-1.846;REF;2004;12.41;1;6.91;17.32;3;
14329;48.6778;-1.846;REF;2005;11.98;1;4.65;15.79;1;
14447;48.6229;-4.5603;REF;1990;12.25;5;8.84;20.92;5;
14447;48.6229;-4.5603;REF;1991;11.61;5;8.23;21.28;4;
14447;48.6229;-4.5603;REF;1992;11.44;5;8.86;21.9;5;
14447;48.6229;-4.5603;REF;1993;11.93;5;8.33;20.76;5;
14447;48.6229;-4.5603;REF;1994;11.23;1;7.65;15.41;1;
14447;48.6229;-4.5603;REF;1995;11.64;5;8.43;20.51;4;
14447;48.6229;-4.5603;REF;1996;12.01;4;7.88;19.54;4;
14447;48.6229;-4.5603;REF;1997;11.74;4;8.13;20.36;4;
14447;48.6229;-4.5603;REF;1998;11.99;1;7.36;15.77;1;
14447;48.6229;-4.5603;REF;1999;12.46;5;6.27;20.95;4;
14447;48.6229;-4.5603;REF;2000;12.61;5;7.21;21.9;5;
14447;48.6229;-4.5603;REF;2001;11.42;3;8.08;19.22;2;
14447;48.6229;-4.5603;REF;2002;11.82;4;7.91;19.78;4;
14447;48.6229;-4.5603;REF;2003;12.42;3;8.03;18.57;2;
14447;48.6229;-4.5603;REF;2004;12.43;6;8.43;23.96;6;
14447;48.6229;-4.5603;REF;2005;12.12;2;5.06;16.54;2;
14448;48.6291;-4.4522;REF;1990;12.11;5;9.42;20.87;5;
14448;48.6291;-4.4522;REF;1991;11.49;4;8.44;19.89;4;
14448;48.6291;-4.4522;REF;1992;11.35;7;9.27;23.94;6;
14448;48.6291;-4.4522;REF;1993;11.8;3;7.57;19.7;3;
14448;48.6291;-4.4522;REF;1994;11.12;1;7.34;15.69;1;
14448;48.6291;-4.4522;REF;1995;11.54;5;8.11;21.22;5;
14448;48.6291;-4.4522;REF;1996;11.91;3;7.79;18.4;3;
14448;48.6291;-4.4522;REF;1997;11.62;4;8;19.48;4;
14448;48.6291;-4.4522;REF;1998;11.84;2;7.88;14.71;2;
14448;48.6291;-4.4522;REF;1999;12.36;4;6.36;20.39;4;
14448;48.6291;-4.4522;REF;2000;12.47;6;7.37;24.54;5;
14448;48.6291;-4.4522;REF;2001;11.35;4;7.97;18.87;4;
14448;48.6291;-4.4522;REF;2002;11.7;4;8.27;19.42;3;
14448;48.6291;-4.4522;REF;2003;12.31;4;8.19;18.68;3;
14448;48.6291;-4.4522;REF;2004;12.31;6;9.28;24.21;6;
14448;48.6291;-4.4522;REF;2005;11.99;2;5.22;16.68;2;
14449;48.6353;-4.3442;REF;1990;12.17;5;9.39;20.8;4;
14449;48.6353;-4.3442;REF;1991;11.54;4;8.41;19.83;4;
14449;48.6353;-4.3442;REF;1992;11.4;7;9.24;23.86;6;
14449;48.6353;-4.3442;REF;1993;11.85;3;7.53;19.64;3;
14449;48.6353;-4.3442;REF;1994;11.18;1;7.32;15.63;1;
14449;48.6353;-4.3442;REF;1995;11.59;5;8.08;21.16;5;
14449;48.6353;-4.3442;REF;1996;11.97;3;7.76;18.33;3;
14449;48.6353;-4.3442;REF;1997;11.67;4;7.97;19.41;4;
14449;48.6353;-4.3442;REF;1998;11.89;2;7.85;14.66;2;
14449;48.6353;-4.3442;REF;1999;12.41;4;6.34;20.32;4;
14449;48.6353;-4.3442;REF;2000;12.52;6;7.35;24.45;5;
14449;48.6353;-4.3442;REF;2001;11.4;4;7.94;18.8;4;
14449;48.6353;-4.3442;REF;2002;11.75;4;8.24;19.36;3;
14449;48.6353;-4.3442;REF;2003;12.37;4;8.16;18.61;3;
14449;48.6353;-4.3442;REF;2004;12.36;6;9.25;24.13;6;
14449;48.6353;-4.3442;REF;2005;12.04;2;5.2;16.62;2;
14450;48.6413;-4.236;REF;1990;12.09;4;9.08;19.53;4;
14450;48.6413;-4.236;REF;1991;11.5;4;8.44;20.41;4;
14450;48.6413;-4.236;REF;1992;11.38;7;8.81;23.95;6;
14450;48.6413;-4.236;REF;1993;11.79;5;7.29;20.26;3;
14450;48.6413;-4.236;REF;1994;11.14;1;7.31;16.49;1;
14450;48.6413;-4.236;REF;1995;11.57;4;8.27;20.95;4;
14450;48.6413;-4.236;REF;1996;11.91;5;7.74;20.77;4;
14450;48.6413;-4.236;REF;1997;11.64;3;7.82;15.43;3;
14450;48.6413;-4.236;REF;1998;11.83;2;7.51;18.35;2;
14450;48.6413;-4.236;REF;1999;12.4;5;5.76;20.78;5;
14450;48.6413;-4.236;REF;2000;12.47;7;7.54;25.28;7;
14450;48.6413;-4.236;REF;2001;11.37;3;8.19;18.55;2;
14450;48.6413;-4.236;REF;2002;11.69;3;8.62;18.66;3;
14450;48.6413;-4.236;REF;2003;12.34;4;8.41;19.58;3;
14450;48.6413;-4.236;REF;2004;12.28;6;8.11;22.91;6;
14450;48.6413;-4.236;REF;2005;11.96;2;5.69;17.58;2;
14451;48.6473;-4.1279;REF;1990;11.92;5;8.93;21.05;4;
14451;48.6473;-4.1279;REF;1991;11.37;3;7.98;17.46;3;
14451;48.6473;-4.1279;REF;1992;11.26;8;9.71;23.09;7;
14451;48.6473;-4.1279;REF;1993;11.66;3;7.94;19.17;3;
14451;48.6473;-4.1279;REF;1994;11.01;1;7.66;17.26;0;
14451;48.6473;-4.1279;REF;1995;11.43;6;7.79;22.31;5;
14451;48.6473;-4.1279;REF;1996;11.77;5;8.56;20.5;4;
14451;48.6473;-4.1279;REF;1997;11.49;3;7.76;13.57;3;
14451;48.6473;-4.1279;REF;1998;11.71;3;6.82;17.74;3;
14451;48.6473;-4.1279;REF;1999;12.27;4;6.02;20.52;4;
14451;48.6473;-4.1279;REF;2000;12.34;7;8.27;26.04;7;
14451;48.6473;-4.1279;REF;2001;11.26;3;8.47;16.84;2;
14451;48.6473;-4.1279;REF;2002;11.53;3;8.48;19.61;2;
14451;48.6473;-4.1279;REF;2003;12.2;4;8.49;19.56;2;
14451;48.6473;-4.1279;REF;2004;12.16;8;8.35;23.44;8;
14451;48.6473;-4.1279;REF;2005;11.8;3;5.66;17.82;3;
14452;48.6532;-4.0197;REF;1990;11.97;5;8.91;20.99;4;
14452;48.6532;-4.0197;REF;1991;11.41;3;7.99;17.41;3;
14452;48.6532;-4.0197;REF;1992;11.31;8;9.68;23.03;7;
14452;48.6532;-4.0197;REF;1993;11.7;3;7.92;19.12;3;
14452;48.6532;-4.0197;REF;1994;11.06;1;7.63;17.2;0;
14452;48.6532;-4.0197;REF;1995;11.48;6;7.76;22.26;5;
14452;48.6532;-4.0197;REF;1996;11.82;4;8.54;20.44;4;
14452;48.6532;-4.0197;REF;1997;11.54;3;7.73;13.53;3;
14452;48.6532;-4.0197;REF;1998;11.75;3;6.8;17.69;3;
14452;48.6532;-4.0197;REF;1999;12.32;4;6;20.47;4;
14452;48.6532;-4.0197;REF;2000;12.38;7;8.24;26;7;
14452;48.6532;-4.0197;REF;2001;11.31;3;8.44;16.79;2;
14452;48.6532;-4.0197;REF;2002;11.58;3;8.45;19.56;2;
14452;48.6532;-4.0197;REF;2003;12.25;4;8.47;19.51;2;
14452;48.6532;-4.0197;REF;2004;12.2;8;8.33;23.38;8;
14452;48.6532;-4.0197;REF;2005;11.85;3;5.65;17.76;3;
14453;48.6589;-3.9115;REF;1990;12.03;6;9.29;20.9;5;
14453;48.6589;-3.9115;REF;1991;11.52;3;7.82;18.07;2;
14453;48.6589;-3.9115;REF;1992;11.39;8;9.48;22.58;7;
14453;48.6589;-3.9115;REF;1993;11.76;3;7.41;18.43;3;
14453;48.6589;-3.9115;REF;1994;11.14;2;6.97;17.81;2;
14453;48.6589;-3.9115;REF;1995;11.56;7;7.47;23.81;7;
14453;48.6589;-3.9115;REF;1996;11.88;5;7.95;21.57;5;
14453;48.6589;-3.9115;REF;1997;11.62;2;7.46;14.82;2;
14453;48.6589;-3.9115;REF;1998;11.82;3;7.01;17.65;3;
14453;48.6589;-3.9115;REF;1999;12.39;4;6.38;20.38;4;
14453;48.6589;-3.9115;REF;2000;12.48;6;8.22;25.11;5;
14453;48.6589;-3.9115;REF;2001;11.41;3;7.93;16.34;2;
14453;48.6589;-3.9115;REF;2002;11.66;5;9;20.21;4;
14453;48.6589;-3.9115;REF;2003;12.33;3;8.56;19.36;3;
14453;48.6589;-3.9115;REF;2004;12.29;9;8.32;25.36;8;
14453;48.6589;-3.9115;REF;2005;11.95;2;5.71;16.04;2;
14454;48.6646;-3.8033;REF;1990;11.7;6;9.48;21.3;5;
14454;48.6646;-3.8033;REF;1991;11.2;3;7.96;18.35;2;
14454;48.6646;-3.8033;REF;1992;11.07;8;10.24;22.97;7;
14454;48.6646;-3.8033;REF;1993;11.45;3;7.6;18.91;3;
14454;48.6646;-3.8033;REF;1994;10.83;2;7.16;18.28;2;
14454;48.6646;-3.8033;REF;1995;11.25;7;7.6;24.22;7;
14454;48.6646;-3.8033;REF;1996;11.56;6;8.12;21.96;5;
14454;48.6646;-3.8033;REF;1997;11.3;2;7.59;15.11;2;
14454;48.6646;-3.8033;REF;1998;11.5;3;7.16;17.99;3;
14454;48.6646;-3.8033;REF;1999;12.06;5;6.51;20.78;4;
14454;48.6646;-3.8033;REF;2000;12.16;6;8.35;25.54;5;
14454;48.6646;-3.8033;REF;2001;11.09;3;8.1;16.66;2;
14454;48.6646;-3.8033;REF;2002;11.33;6;9.18;20.56;4;
14454;48.6646;-3.8033;REF;2003;12;4;8.52;19.7;3;
14454;48.6646;-3.8033;REF;2004;11.97;10;8.48;25.86;8;
14454;48.6646;-3.8033;REF;2005;11.62;2;5.79;16.35;2;
14455;48.6701;-3.6951;REF;1990;11.71;6;9.39;21.09;4;
14455;48.6701;-3.6951;REF;1991;11.22;3;8.13;17.42;2;
14455;48.6701;-3.6951;REF;1992;11.08;6;9.36;24.27;5;
14455;48.6701;-3.6951;REF;1993;11.45;4;7.61;18.8;4;
14455;48.6701;-3.6951;REF;1994;10.87;2;7.37;18.41;2;
14455;48.6701;-3.6951;REF;1995;11.28;6;7.73;23.42;6;
14455;48.6701;-3.6951;REF;1996;11.56;8;7.7;23.04;8;
14455;48.6701;-3.6951;REF;1997;11.31;4;7.47;17.23;3;
14455;48.6701;-3.6951;REF;1998;11.53;2;7.59;18.08;2;
14455;48.6701;-3.6951;REF;1999;12.06;3;6.36;19.55;2;
14455;48.6701;-3.6951;REF;2000;12.19;6;8.5;24.36;6;
14455;48.6701;-3.6951;REF;2001;11.1;2;8.39;17.25;2;
14455;48.6701;-3.6951;REF;2002;11.36;6;9.18;23.37;5;
14455;48.6701;-3.6951;REF;2003;12;4;8.91;20.03;3;
14455;48.6701;-3.6951;REF;2004;11.99;12;8.29;25.48;8;
14455;48.6701;-3.6951;REF;2005;11.66;2;5.88;17.2;2;
14457;48.681;-3.4785;REF;1990;11.48;3;8.84;19.54;5;
14457;48.681;-3.4785;REF;1991;10.89;5;7.6;21.24;5;
14457;48.681;-3.4785;REF;1992;10.74;6;9.97;23.24;6;
14457;48.681;-3.4785;REF;1993;11.13;2;7.64;17.49;3;
14457;48.681;-3.4785;REF;1994;10.53;0;6.81;15.81;1;
14457;48.681;-3.4785;REF;1995;11.01;4;7.43;20;6;
14457;48.681;-3.4785;REF;1996;11.34;7;6.8;24.94;8;
14457;48.681;-3.4785;REF;1997;11.04;3;6.71;17.28;3;
14457;48.681;-3.4785;REF;1998;11.25;1;6.8;18.26;2;
14457;48.681;-3.4785;REF;1999;11.82;4;5.26;19.82;5;
14457;48.681;-3.4785;REF;2000;11.97;4;7.68;23.25;5;
14457;48.681;-3.4785;REF;2001;10.8;3;8.07;15.96;3;
14457;48.681;-3.4785;REF;2002;11.1;3;8.51;19.29;3;
14457;48.681;-3.4785;REF;2003;11.79;1;7.84;17.89;2;
14457;48.681;-3.4785;REF;2004;11.77;6;7.47;22.51;7;
14457;48.681;-3.4785;REF;2005;11.44;0;5.6;16.79;0;
14458;48.6862;-3.3702;REF;1990;11.54;3;8.89;19.44;4;
14458;48.6862;-3.3702;REF;1991;10.99;4;7.3;19.86;5;
14458;48.6862;-3.3702;REF;1992;10.8;5;9.69;22.17;5;
14458;48.6862;-3.3702;REF;1993;11.16;2;7.58;16.28;2;
14458;48.6862;-3.3702;REF;1994;10.6;2;7.47;14.9;2;
14458;48.6862;-3.3702;REF;1995;11.11;4;7.36;19.88;5;
14458;48.6862;-3.3702;REF;1996;11.4;8;6.82;23.99;8;
14458;48.6862;-3.3702;REF;1997;11.1;4;6.63;19.61;4;
14458;48.6862;-3.3702;REF;1998;11.3;2;6.85;17.76;2;
14458;48.6862;-3.3702;REF;1999;11.88;5;5.39;21.45;6;
14458;48.6862;-3.3702;REF;2000;12.06;4;7.15;23.1;4;
14458;48.6862;-3.3702;REF;2001;10.9;4;7.96;18.56;4;
14458;48.6862;-3.3702;REF;2002;11.19;5;8.11;20.69;5;
14458;48.6862;-3.3702;REF;2003;11.85;1;7.68;17.42;1;
14458;48.6862;-3.3702;REF;2004;11.88;6;7.26;24.56;7;
14458;48.6862;-3.3702;REF;2005;11.51;0;5.82;16;0;
14459;48.6914;-3.2619;REF;1990;11.59;6;9.06;22.42;6;
14459;48.6914;-3.2619;REF;1991;11.04;3;7.18;19.18;3;
14459;48.6914;-3.2619;REF;1992;10.83;3;9.22;19.31;3;
14459;48.6914;-3.2619;REF;1993;11.19;2;7.58;17.45;2;
14459;48.6914;-3.2619;REF;1994;10.66;1;7.58;13.66;1;
14459;48.6914;-3.2619;REF;1995;11.18;4;7.34;19.93;6;
14459;48.6914;-3.2619;REF;1996;11.43;7;7.04;25.32;7;
14459;48.6914;-3.2619;REF;1997;11.15;3;6.83;19.27;4;
14459;48.6914;-3.2619;REF;1998;11.3;2;6.97;17.33;2;
14459;48.6914;-3.2619;REF;1999;11.95;5;5.56;20.93;6;
14459;48.6914;-3.2619;REF;2000;12.1;5;7.03;22.71;5;
14459;48.6914;-3.2619;REF;2001;10.94;4;8.34;19.54;4;
14459;48.6914;-3.2619;REF;2002;11.26;5;8.41;21.49;5;
14459;48.6914;-3.2619;REF;2003;11.87;1;7.73;16.3;1;
14459;48.6914;-3.2619;REF;2004;11.98;6;7.56;24.29;8;
14459;48.6914;-3.2619;REF;2005;11.56;0;6.13;15.89;0;
14460;48.6965;-3.1535;REF;1990;11.64;6;8.83;22.35;6;
14460;48.6965;-3.1535;REF;1991;11.08;3;7.18;18.87;3;
14460;48.6965;-3.1535;REF;1992;10.87;3;9.19;19.27;3;
14460;48.6965;-3.1535;REF;1993;11.23;2;7.55;17.39;2;
14460;48.6965;-3.1535;REF;1994;10.71;1;7.56;13.61;1;
14460;48.6965;-3.1535;REF;1995;11.22;4;7.37;19.87;6;
14460;48.6965;-3.1535;REF;1996;11.47;7;7.02;25.27;7;
14460;48.6965;-3.1535;REF;1997;11.2;3;6.81;19.22;4;
14460;48.6965;-3.1535;REF;1998;11.35;2;6.95;17.4;2;
14460;48.6965;-3.1535;REF;1999;12;5;5.54;20.83;6;
14460;48.6965;-3.1535;REF;2000;12.15;5;7.01;22.65;5;
14460;48.6965;-3.1535;REF;2001;10.99;4;8.32;19.48;4;
14460;48.6965;-3.1535;REF;2002;11.3;5;8.4;21.42;5;
14460;48.6965;-3.1535;REF;2003;11.92;1;7.71;16.26;1;
14460;48.6965;-3.1535;REF;2004;12.02;6;7.54;24.22;8;
14460;48.6965;-3.1535;REF;2005;11.6;0;6.11;15.85;1;
14461;48.7014;-3.0452;REF;1990;11.7;5;7.68;20.83;5;
14461;48.7014;-3.0452;REF;1991;11.2;3;6.77;19.24;5;
14461;48.7014;-3.0452;REF;1992;10.97;4;8.14;20.36;5;
14461;48.7014;-3.0452;REF;1993;11.24;1;6.63;13.99;2;
14461;48.7014;-3.0452;REF;1994;10.78;1;6.58;11.57;1;
14461;48.7014;-3.0452;REF;1995;11.33;3;6.65;17.94;4;
14461;48.7014;-3.0452;REF;1996;11.54;6;6.24;25.92;8;
14461;48.7014;-3.0452;REF;1997;11.23;3;5.72;17.48;4;
14461;48.7014;-3.0452;REF;1998;11.41;1;6.43;15.58;1;
14461;48.7014;-3.0452;REF;1999;12.18;4;5.31;20.44;5;
14461;48.7014;-3.0452;REF;2000;12.24;7;5.9;22.72;7;
14461;48.7014;-3.0452;REF;2001;11.07;5;7.66;20.79;5;
14461;48.7014;-3.0452;REF;2002;11.4;3;7.32;18.84;6;
14461;48.7014;-3.0452;REF;2003;12.03;1;6.72;15.63;1;
14461;48.7014;-3.0452;REF;2004;12.11;6;6.71;23.31;6;
14461;48.7014;-3.0452;REF;2005;11.68;1;5.2;14.7;1;
14462;48.7063;-2.9368;REF;1990;11.79;5;7.65;20.72;5;
14462;48.7063;-2.9368;REF;1991;11.28;3;6.75;19.13;5;
14462;48.7063;-2.9368;REF;1992;11.05;4;8.07;20.27;5;
14462;48.7063;-2.9368;REF;1993;11.33;1;6.59;13.91;2;
14462;48.7063;-2.9368;REF;1994;10.86;1;6.54;11.51;1;
14462;48.7063;-2.9368;REF;1995;11.42;3;6.61;17.84;4;
14462;48.7063;-2.9368;REF;1996;11.63;6;6.37;25.82;8;
14462;48.7063;-2.9368;REF;1997;11.32;3;5.69;17.38;4;
14462;48.7063;-2.9368;REF;1998;11.49;1;6.4;15.49;1;
14462;48.7063;-2.9368;REF;1999;12.27;4;5.42;20.4;5;
14462;48.7063;-2.9368;REF;2000;12.33;7;5.89;22.61;7;
14462;48.7063;-2.9368;REF;2001;11.15;5;7.63;20.68;5;
14462;48.7063;-2.9368;REF;2002;11.49;3;7.28;18.73;6;
14462;48.7063;-2.9368;REF;2003;12.12;1;6.69;15.54;1;
14462;48.7063;-2.9368;REF;2004;12.19;6;6.68;23.28;6;
14462;48.7063;-2.9368;REF;2005;11.77;1;5.17;14.62;1;
14600;48.7527;-3.4866;REF;1990;11.62;5;8.37;20.32;5;
14600;48.7527;-3.4866;REF;1991;11.11;5;7.55;20.89;5;
14600;48.7527;-3.4866;REF;1992;10.86;7;9.21;26.95;7;
14600;48.7527;-3.4866;REF;1993;11.22;2;6.85;15.07;2;
14600;48.7527;-3.4866;REF;1994;10.6;0;7.66;14.75;0;
14600;48.7527;-3.4866;REF;1995;11.14;4;7.73;19.66;4;
14600;48.7527;-3.4866;REF;1996;11.49;7;7.08;26;8;
14600;48.7527;-3.4866;REF;1997;11.17;3;7.15;19.09;3;
14600;48.7527;-3.4866;REF;1998;11.42;0;6.9;18.55;1;
14600;48.7527;-3.4866;REF;1999;12.04;3;5.65;19.84;6;
14600;48.7527;-3.4866;REF;2000;12.13;4;7.57;22.37;4;
14600;48.7527;-3.4866;REF;2001;10.96;4;8.13;17.65;4;
14600;48.7527;-3.4866;REF;2002;11.27;4;8.15;19.63;4;
14600;48.7527;-3.4866;REF;2003;11.92;1;8.27;16.17;1;
14600;48.7527;-3.4866;REF;2004;11.98;6;7.09;25.27;6;
14600;48.7527;-3.4866;REF;2005;11.63;2;6.01;16.36;3;
14601;48.758;-3.3781;REF;1990;11.6;5;8.38;20.35;5;
14601;48.758;-3.3781;REF;1991;11.08;5;7.57;20.92;5;
14601;48.758;-3.3781;REF;1992;10.84;7;9.3;26.98;7;
14601;48.758;-3.3781;REF;1993;11.2;2;6.86;15.1;2;
14601;48.758;-3.3781;REF;1994;10.57;0;7.68;14.77;0;
14601;48.758;-3.3781;REF;1995;11.12;4;7.78;19.69;4;
14601;48.758;-3.3781;REF;1996;11.47;7;7.09;26.02;8;
14601;48.758;-3.3781;REF;1997;11.15;3;7.16;19.11;3;
14601;48.758;-3.3781;REF;1998;11.4;0;6.91;18.45;1;
14601;48.758;-3.3781;REF;1999;12.01;3;5.66;19.86;6;
14601;48.758;-3.3781;REF;2000;12.11;4;7.58;22.4;4;
14601;48.758;-3.3781;REF;2001;10.93;4;8.15;18.14;4;
14601;48.758;-3.3781;REF;2002;11.25;4;8.16;19.66;4;
14601;48.758;-3.3781;REF;2003;11.9;1;8.28;16.19;1;
14601;48.758;-3.3781;REF;2004;11.96;6;7.09;25.31;6;
14601;48.758;-3.3781;REF;2005;11.6;2;6.02;16.38;3;
14602;48.7631;-3.2696;REF;1990;11.84;6;8.38;21.4;6;
14602;48.7631;-3.2696;REF;1991;11.3;3;7.12;18.91;3;
14602;48.7631;-3.2696;REF;1992;11.04;5;8.5;22.3;6;
14602;48.7631;-3.2696;REF;1993;11.41;2;6.95;16.34;2;
14602;48.7631;-3.2696;REF;1994;10.8;1;8.11;15.62;1;
14602;48.7631;-3.2696;REF;1995;11.38;3;7.41;19.34;4;
14602;48.7631;-3.2696;REF;1996;11.68;6;6.78;24.13;6;
14602;48.7631;-3.2696;REF;1997;11.35;3;7.38;18.82;4;
14602;48.7631;-3.2696;REF;1998;11.59;0;7.09;16.51;2;
14602;48.7631;-3.2696;REF;1999;12.25;4;6.04;20.09;6;
14602;48.7631;-3.2696;REF;2000;12.36;5;7.31;21.44;5;
14602;48.7631;-3.2696;REF;2001;11.17;4;7.31;18.79;4;
14602;48.7631;-3.2696;REF;2002;11.49;4;8.11;19.56;4;
14602;48.7631;-3.2696;REF;2003;12.12;1;7.87;15.77;1;
14602;48.7631;-3.2696;REF;2004;12.22;6;7.14;24.86;7;
14602;48.7631;-3.2696;REF;2005;11.84;2;5.93;14.88;2;
14603;48.7682;-3.1611;REF;1990;11.78;6;8.41;21.38;6;
14603;48.7682;-3.1611;REF;1991;11.24;3;7.15;18.99;3;
14603;48.7682;-3.1611;REF;1992;10.98;5;8.53;22.17;6;
14603;48.7682;-3.1611;REF;1993;11.35;2;6.98;16.41;2;
14603;48.7682;-3.1611;REF;1994;10.74;1;8.14;15.65;1;
14603;48.7682;-3.1611;REF;1995;11.32;3;7.44;19.41;4;
14603;48.7682;-3.1611;REF;1996;11.62;6;6.8;24.18;6;
14603;48.7682;-3.1611;REF;1997;11.28;3;7.41;18.87;4;
14603;48.7682;-3.1611;REF;1998;11.53;0;7.12;16.57;2;
14603;48.7682;-3.1611;REF;1999;12.19;4;6.07;20.17;6;
14603;48.7682;-3.1611;REF;2000;12.29;5;7.34;21.52;5;
14603;48.7682;-3.1611;REF;2001;11.11;4;7.34;18.87;4;
14603;48.7682;-3.1611;REF;2002;11.43;4;8.14;19.62;4;
14603;48.7682;-3.1611;REF;2003;12.05;1;7.91;15.83;1;
14603;48.7682;-3.1611;REF;2004;12.16;6;7.16;24.95;7;
14603;48.7682;-3.1611;REF;2005;11.78;2;5.95;14.94;2;
14604;48.7732;-3.0526;REF;1990;11.87;5;7.62;20.6;5;
14604;48.7732;-3.0526;REF;1991;11.36;3;6.72;19.03;5;
14604;48.7732;-3.0526;REF;1992;11.14;4;8.02;20.18;5;
14604;48.7732;-3.0526;REF;1993;11.41;0;6.55;13.83;2;
14604;48.7732;-3.0526;REF;1994;10.94;1;6.51;11.44;1;
14604;48.7732;-3.0526;REF;1995;11.5;3;6.57;17.74;4;
14604;48.7732;-3.0526;REF;1996;11.71;6;6.36;25.72;8;
14604;48.7732;-3.0526;REF;1997;11.4;3;5.66;17.29;4;
14604;48.7732;-3.0526;REF;1998;11.57;1;6.37;15.4;1;
14604;48.7732;-3.0526;REF;1999;12.36;4;5.52;20.26;5;
14604;48.7732;-3.0526;REF;2000;12.42;7;5.86;22.49;7;
14604;48.7732;-3.0526;REF;2001;11.23;5;7.59;20.58;5;
14604;48.7732;-3.0526;REF;2002;11.57;3;7.24;18.63;6;
14604;48.7732;-3.0526;REF;2003;12.21;1;6.65;15.45;1;
14604;48.7732;-3.0526;REF;2004;12.28;6;6.64;23.16;6;
14604;48.7732;-3.0526;REF;2005;11.85;1;5.15;14.54;1;
14743;48.8244;-3.4946;REF;1990;11.98;4;8.23;19.87;6;
14743;48.8244;-3.4946;REF;1991;11.46;4;7.39;20.46;5;
14743;48.8244;-3.4946;REF;1992;11.21;6;8.73;26.39;7;
14743;48.8244;-3.4946;REF;1993;11.56;2;6.7;14.75;2;
14743;48.8244;-3.4946;REF;1994;10.94;0;7.5;14.43;0;
14743;48.8244;-3.4946;REF;1995;11.48;3;7.63;19.23;4;
14743;48.8244;-3.4946;REF;1996;11.84;7;6.93;25.63;8;
14743;48.8244;-3.4946;REF;1997;11.51;3;7;18.66;3;
14743;48.8244;-3.4946;REF;1998;11.78;0;6.75;18.04;1;
14743;48.8244;-3.4946;REF;1999;12.41;3;5.53;19.47;6;
14743;48.8244;-3.4946;REF;2000;12.5;4;7.41;21.93;4;
14743;48.8244;-3.4946;REF;2001;11.3;4;7.97;17.25;4;
14743;48.8244;-3.4946;REF;2002;11.63;4;8.09;19.71;4;
14743;48.8244;-3.4946;REF;2003;12.29;1;8.12;15.81;1;
14743;48.8244;-3.4946;REF;2004;12.33;6;6.92;24.73;6;
14743;48.8244;-3.4946;REF;2005;11.98;2;5.88;16.03;2;
14745;48.8349;-3.2774;REF;1990;11.89;6;8.36;21.69;6;
14745;48.8349;-3.2774;REF;1991;11.35;3;7.09;18.85;3;
14745;48.8349;-3.2774;REF;1992;11.09;5;8.47;22.47;6;
14745;48.8349;-3.2774;REF;1993;11.46;2;6.93;16.29;2;
14745;48.8349;-3.2774;REF;1994;10.85;1;8.08;15.59;1;
14745;48.8349;-3.2774;REF;1995;11.43;3;7.39;19.27;4;
14745;48.8349;-3.2774;REF;1996;11.74;6;6.76;24.06;6;
14745;48.8349;-3.2774;REF;1997;11.4;3;7.35;18.77;4;
14745;48.8349;-3.2774;REF;1998;11.64;0;7.07;16.45;2;
14745;48.8349;-3.2774;REF;1999;12.31;4;6.02;20.03;6;
14745;48.8349;-3.2774;REF;2000;12.41;5;7.28;21.36;5;
14745;48.8349;-3.2774;REF;2001;11.23;4;7.29;18.73;4;
14745;48.8349;-3.2774;REF;2002;11.55;4;8.09;19.5;4;
14745;48.8349;-3.2774;REF;2003;12.17;1;7.85;15.72;1;
14745;48.8349;-3.2774;REF;2004;12.27;6;7.12;24.78;7;
14745;48.8349;-3.2774;REF;2005;11.9;2;5.93;14.83;2;
14746;48.8399;-3.1687;REF;1990;11.9;6;8.35;21.66;6;
14746;48.8399;-3.1687;REF;1991;11.36;3;7.09;18.84;3;
14746;48.8399;-3.1687;REF;1992;11.1;5;8.46;22.5;6;
14746;48.8399;-3.1687;REF;1993;11.47;2;6.93;16.28;2;
14746;48.8399;-3.1687;REF;1994;10.86;1;8.1;15.59;1;
14746;48.8399;-3.1687;REF;1995;11.44;3;7.38;19.26;4;
14746;48.8399;-3.1687;REF;1996;11.75;6;6.75;24.05;6;
14746;48.8399;-3.1687;REF;1997;11.41;3;7.35;18.76;4;
14746;48.8399;-3.1687;REF;1998;11.65;0;7.07;16.44;2;
14746;48.8399;-3.1687;REF;1999;12.32;4;6.02;20.02;6;
14746;48.8399;-3.1687;REF;2000;12.42;5;7.28;21.35;5;
14746;48.8399;-3.1687;REF;2001;11.23;4;7.29;18.72;4;
14746;48.8399;-3.1687;REF;2002;11.55;4;8.09;19.5;4;
14746;48.8399;-3.1687;REF;2003;12.18;1;7.84;15.71;1;
14746;48.8399;-3.1687;REF;2004;12.28;6;7.11;24.76;7;
14746;48.8399;-3.1687;REF;2005;11.9;2;5.91;14.82;2;
