#-----------------------------------------------------------------------------
# Date d'extraction : 24/04/2025 - 12h17 loc.
#-----------------------------------------------------------------------------
# Producteur : MF-DCSC
# Experience : EUROCORDEX2020
# Modele     : ALADIN63_CNRM-CM5
# Scenario :
#     RCP2.6 : Emissions maîtrisées
#-----------------------------------------------------------------------------
# Période extraite : de 2006 à 2020
#-----------------------------------------------------------------------------
# Type d'indice : annuel
#-----------------------------------------------------------------------------
# Indices : 
#     TAV : Température moyenne journalière (°C)
#     PN20MM : Nombre de jours de fortes précipitations (jour(s))
#     PQ90 : précipitations intenses (Q90) (mm)
#     PQ99 : précipitations extrêmes (Q99) (mm)
#     RR99 : nombre de jours de précipitations intenses (nombre de jours où on dépasse le Q99) (jour(s))
#-----------------------------------------------------------------------------
# Format des enregistrements 
# Point;Latitude;Longitude;Contexte;Annee;TAV;PN20MM;PQ90;PQ99;RR99;
#-----------------------------------------------------------------------------
Point;Latitude;Longitude;Contexte;Annee;TAV;PN20MM;PQ90;PQ99;RR99;
11741;47.3229;-3.2243;RCP2.6;2006;12.24;5;4.73;22.18;5;
11741;47.3229;-3.2243;RCP2.6;2007;12.88;4;5.41;22.34;4;
11741;47.3229;-3.2243;RCP2.6;2008;12.45;1;7.93;17.93;2;
11741;47.3229;-3.2243;RCP2.6;2009;13.17;4;6.36;19.83;4;
11741;47.3229;-3.2243;RCP2.6;2010;12.79;5;7.28;21.9;5;
11741;47.3229;-3.2243;RCP2.6;2011;12.88;3;6.42;18.35;3;
11741;47.3229;-3.2243;RCP2.6;2012;13.27;3;6.35;18.51;3;
11741;47.3229;-3.2243;RCP2.6;2013;13.15;0;5.87;15.65;0;
11741;47.3229;-3.2243;RCP2.6;2014;13.03;5;5.21;21.67;5;
11741;47.3229;-3.2243;RCP2.6;2015;13.17;0;5;17.68;0;
11741;47.3229;-3.2243;RCP2.6;2016;13.42;6;6.25;22.45;6;
11741;47.3229;-3.2243;RCP2.6;2017;13.64;4;6.31;19.17;4;
11741;47.3229;-3.2243;RCP2.6;2018;12.69;7;8.36;22.17;7;
11741;47.3229;-3.2243;RCP2.6;2019;12.41;5;7.44;23.41;5;
11741;47.3229;-3.2243;RCP2.6;2020;12.36;8;5.22;27.53;8;
12037;47.5126;-2.1799;RCP2.6;2006;11.42;4;7.21;19.38;3;
12037;47.5126;-2.1799;RCP2.6;2007;12.17;8;6.88;23.99;3;
12037;47.5126;-2.1799;RCP2.6;2008;11.68;8;9.18;21.5;3;
12037;47.5126;-2.1799;RCP2.6;2009;12.74;6;7.03;22.14;1;
12037;47.5126;-2.1799;RCP2.6;2010;12.14;6;8.49;26.91;5;
12037;47.5126;-2.1799;RCP2.6;2011;12.25;5;6.92;20.56;2;
12037;47.5126;-2.1799;RCP2.6;2012;12.59;8;7.15;23.79;4;
12037;47.5126;-2.1799;RCP2.6;2013;12.57;3;6.51;17.74;3;
12037;47.5126;-2.1799;RCP2.6;2014;12.44;6;6.22;28.51;5;
12037;47.5126;-2.1799;RCP2.6;2015;12.75;5;7.27;20.79;2;
12037;47.5126;-2.1799;RCP2.6;2016;12.85;9;7.91;24.16;4;
12037;47.5126;-2.1799;RCP2.6;2017;12.97;15;7.73;27.35;7;
12037;47.5126;-2.1799;RCP2.6;2018;11.96;7;9.69;26.43;6;
12037;47.5126;-2.1799;RCP2.6;2019;11.55;9;9.15;33.37;7;
12037;47.5126;-2.1799;RCP2.6;2020;11.67;8;7.5;26.76;5;
12175;47.5626;-2.7167;RCP2.6;2006;11.92;4;5.02;18;3;
12175;47.5626;-2.7167;RCP2.6;2007;12.63;10;6.2;25.36;6;
12175;47.5626;-2.7167;RCP2.6;2008;12.12;6;8.82;21.39;1;
12175;47.5626;-2.7167;RCP2.6;2009;13.07;7;7.04;21.36;3;
12175;47.5626;-2.7167;RCP2.6;2010;12.52;8;7.52;26.54;5;
12175;47.5626;-2.7167;RCP2.6;2011;12.66;3;7.09;18.99;1;
12175;47.5626;-2.7167;RCP2.6;2012;13.13;7;6.22;20.5;3;
12175;47.5626;-2.7167;RCP2.6;2013;13.04;5;6.59;20.76;1;
12175;47.5626;-2.7167;RCP2.6;2014;12.94;7;6.13;25;5;
12175;47.5626;-2.7167;RCP2.6;2015;13.06;5;5.53;22.2;2;
12175;47.5626;-2.7167;RCP2.6;2016;13.29;8;7.92;26.25;7;
12175;47.5626;-2.7167;RCP2.6;2017;13.49;9;8.05;27.11;6;
12175;47.5626;-2.7167;RCP2.6;2018;12.44;9;8.88;23.93;6;
12175;47.5626;-2.7167;RCP2.6;2019;12.06;10;8.61;28.16;5;
12175;47.5626;-2.7167;RCP2.6;2020;12.07;11;6.54;25.54;6;
12176;47.5671;-2.6106;RCP2.6;2006;11.73;3;5.59;16.73;3;
12176;47.5671;-2.6106;RCP2.6;2007;12.5;7;6.36;22.52;4;
12176;47.5671;-2.6106;RCP2.6;2008;11.92;6;8.71;21.67;3;
12176;47.5671;-2.6106;RCP2.6;2009;12.96;4;7;19.69;1;
12176;47.5671;-2.6106;RCP2.6;2010;12.39;6;8.06;24.88;5;
12176;47.5671;-2.6106;RCP2.6;2011;12.5;1;6.82;17.49;1;
12176;47.5671;-2.6106;RCP2.6;2012;12.97;5;5.94;21.4;4;
12176;47.5671;-2.6106;RCP2.6;2013;12.86;3;6.24;16.77;1;
12176;47.5671;-2.6106;RCP2.6;2014;12.77;6;5.45;23.74;5;
12176;47.5671;-2.6106;RCP2.6;2015;12.97;2;5.96;19.29;1;
12176;47.5671;-2.6106;RCP2.6;2016;13.12;9;7.67;24.19;7;
12176;47.5671;-2.6106;RCP2.6;2017;13.3;9;7.6;24.79;8;
12176;47.5671;-2.6106;RCP2.6;2018;12.26;7;8.4;25.26;5;
12176;47.5671;-2.6106;RCP2.6;2019;11.86;9;8.09;26.92;8;
12176;47.5671;-2.6106;RCP2.6;2020;11.92;10;6.99;26.61;8;
12177;47.5716;-2.5044;RCP2.6;2006;11.64;3;5.66;16.82;3;
12177;47.5716;-2.5044;RCP2.6;2007;12.41;7;6.4;22.66;4;
12177;47.5716;-2.5044;RCP2.6;2008;11.83;6;8.76;21.8;3;
12177;47.5716;-2.5044;RCP2.6;2009;12.87;4;7.05;19.81;1;
12177;47.5716;-2.5044;RCP2.6;2010;12.3;6;8.11;25.02;5;
12177;47.5716;-2.5044;RCP2.6;2011;12.41;1;6.85;17.59;1;
12177;47.5716;-2.5044;RCP2.6;2012;12.87;5;5.97;21.52;4;
12177;47.5716;-2.5044;RCP2.6;2013;12.77;3;6.28;16.86;1;
12177;47.5716;-2.5044;RCP2.6;2014;12.67;6;5.48;23.88;5;
12177;47.5716;-2.5044;RCP2.6;2015;12.87;2;6;19.4;1;
12177;47.5716;-2.5044;RCP2.6;2016;13.02;9;7.72;24.32;7;
12177;47.5716;-2.5044;RCP2.6;2017;13.2;9;7.65;24.94;8;
12177;47.5716;-2.5044;RCP2.6;2018;12.16;7;8.44;25.41;5;
12177;47.5716;-2.5044;RCP2.6;2019;11.76;9;8.15;27.07;8;
12177;47.5716;-2.5044;RCP2.6;2020;11.83;10;7.04;26.76;8;
12178;47.576;-2.3983;RCP2.6;2006;11.39;3;6.44;16.97;3;
12178;47.576;-2.3983;RCP2.6;2007;12.17;6;6.67;23.09;5;
12178;47.576;-2.3983;RCP2.6;2008;11.6;5;8.65;21.32;2;
12178;47.576;-2.3983;RCP2.6;2009;12.66;2;6.79;18.78;0;
12178;47.576;-2.3983;RCP2.6;2010;12.09;6;8.23;24.55;6;
12178;47.576;-2.3983;RCP2.6;2011;12.19;2;7.14;17.86;1;
12178;47.576;-2.3983;RCP2.6;2012;12.58;5;6.76;23.39;5;
12178;47.576;-2.3983;RCP2.6;2013;12.51;2;6.61;16.28;2;
12178;47.576;-2.3983;RCP2.6;2014;12.38;5;5.39;26.87;5;
12178;47.576;-2.3983;RCP2.6;2015;12.62;3;6.13;18.51;1;
12178;47.576;-2.3983;RCP2.6;2016;12.76;9;8.12;23.58;4;
12178;47.576;-2.3983;RCP2.6;2017;12.92;8;7.88;25.76;6;
12178;47.576;-2.3983;RCP2.6;2018;11.89;7;8.47;23.92;6;
12178;47.576;-2.3983;RCP2.6;2019;11.49;8;8.55;28.96;8;
12178;47.576;-2.3983;RCP2.6;2020;11.61;9;7.15;26.52;7;
12179;47.5803;-2.2922;RCP2.6;2006;11.42;4;7.21;19.38;3;
12179;47.5803;-2.2922;RCP2.6;2007;12.17;8;6.88;23.99;3;
12179;47.5803;-2.2922;RCP2.6;2008;11.68;8;9.18;21.5;3;
12179;47.5803;-2.2922;RCP2.6;2009;12.74;6;7.03;22.14;1;
12179;47.5803;-2.2922;RCP2.6;2010;12.14;6;8.49;26.91;5;
12179;47.5803;-2.2922;RCP2.6;2011;12.25;5;6.92;20.56;2;
12179;47.5803;-2.2922;RCP2.6;2012;12.59;8;7.15;23.79;4;
12179;47.5803;-2.2922;RCP2.6;2013;12.57;3;6.51;17.74;3;
12179;47.5803;-2.2922;RCP2.6;2014;12.44;6;6.22;28.51;5;
12179;47.5803;-2.2922;RCP2.6;2015;12.75;5;7.27;20.79;2;
12179;47.5803;-2.2922;RCP2.6;2016;12.85;9;7.91;24.16;4;
12179;47.5803;-2.2922;RCP2.6;2017;12.97;15;7.73;27.35;7;
12179;47.5803;-2.2922;RCP2.6;2018;11.96;7;9.69;26.43;6;
12179;47.5803;-2.2922;RCP2.6;2019;11.55;9;9.15;33.37;7;
12179;47.5803;-2.2922;RCP2.6;2020;11.67;8;7.5;26.76;5;
12180;47.5845;-2.186;RCP2.6;2006;11.51;4;7.17;19.28;3;
12180;47.5845;-2.186;RCP2.6;2007;12.26;8;6.84;23.85;3;
12180;47.5845;-2.186;RCP2.6;2008;11.77;8;9.13;21.38;3;
12180;47.5845;-2.186;RCP2.6;2009;12.83;6;7;22.01;1;
12180;47.5845;-2.186;RCP2.6;2010;12.23;6;8.43;26.75;5;
12180;47.5845;-2.186;RCP2.6;2011;12.35;5;6.88;20.44;2;
12180;47.5845;-2.186;RCP2.6;2012;12.69;8;7.11;23.66;4;
12180;47.5845;-2.186;RCP2.6;2013;12.66;3;6.39;17.64;3;
12180;47.5845;-2.186;RCP2.6;2014;12.54;6;6.17;28.35;5;
12180;47.5845;-2.186;RCP2.6;2015;12.84;5;7.23;20.66;2;
12180;47.5845;-2.186;RCP2.6;2016;12.93;9;7.87;24.04;4;
12180;47.5845;-2.186;RCP2.6;2017;13.06;15;7.69;27.19;7;
12180;47.5845;-2.186;RCP2.6;2018;12.06;7;9.63;26.31;6;
12180;47.5845;-2.186;RCP2.6;2019;11.64;9;9.09;33.19;7;
12180;47.5845;-2.186;RCP2.6;2020;11.76;8;7.46;26.62;5;
12314;47.6151;-3.1483;RCP2.6;2006;11.91;5;4.64;23.97;5;
12314;47.6151;-3.1483;RCP2.6;2007;12.61;6;6.17;23.03;4;
12314;47.6151;-3.1483;RCP2.6;2008;12.12;3;9.24;19.49;1;
12314;47.6151;-3.1483;RCP2.6;2009;12.94;5;7.6;20.17;3;
12314;47.6151;-3.1483;RCP2.6;2010;12.46;6;7.99;22.67;5;
12314;47.6151;-3.1483;RCP2.6;2011;12.57;4;7.19;19.3;2;
12314;47.6151;-3.1483;RCP2.6;2012;12.99;3;6.89;18.44;3;
12314;47.6151;-3.1483;RCP2.6;2013;12.95;1;6.89;17.79;0;
12314;47.6151;-3.1483;RCP2.6;2014;12.78;5;5.45;22.89;5;
12314;47.6151;-3.1483;RCP2.6;2015;12.95;3;5.72;18.45;1;
12314;47.6151;-3.1483;RCP2.6;2016;13.16;7;7.65;24.3;6;
12314;47.6151;-3.1483;RCP2.6;2017;13.4;4;7.07;19.94;4;
12314;47.6151;-3.1483;RCP2.6;2018;12.36;8;9.21;22.52;7;
12314;47.6151;-3.1483;RCP2.6;2019;12.06;5;8.18;24.93;5;
12314;47.6151;-3.1483;RCP2.6;2020;12.12;8;5.86;29.38;7;
12315;47.6201;-3.0421;RCP2.6;2006;11.69;6;4.9;23.85;5;
12315;47.6201;-3.0421;RCP2.6;2007;12.42;8;6.25;24.89;5;
12315;47.6201;-3.0421;RCP2.6;2008;11.92;5;9.06;20.83;2;
12315;47.6201;-3.0421;RCP2.6;2009;12.82;5;7.37;20.47;2;
12315;47.6201;-3.0421;RCP2.6;2010;12.3;6;8.54;22.43;4;
12315;47.6201;-3.0421;RCP2.6;2011;12.43;4;7.59;19.77;2;
12315;47.6201;-3.0421;RCP2.6;2012;12.88;3;7.04;18.28;3;
12315;47.6201;-3.0421;RCP2.6;2013;12.83;1;7.08;18.55;0;
12315;47.6201;-3.0421;RCP2.6;2014;12.66;5;5.79;24.18;5;
12315;47.6201;-3.0421;RCP2.6;2015;12.88;5;6.13;20.65;0;
12315;47.6201;-3.0421;RCP2.6;2016;13.1;7;7.55;24.91;6;
12315;47.6201;-3.0421;RCP2.6;2017;13.31;4;7.34;20.46;4;
12315;47.6201;-3.0421;RCP2.6;2018;12.22;9;9.27;23.67;7;
12315;47.6201;-3.0421;RCP2.6;2019;11.88;8;8.89;25.39;5;
12315;47.6201;-3.0421;RCP2.6;2020;11.93;10;6.36;29.78;6;
12316;47.6249;-2.9359;RCP2.6;2006;11.73;4;4.42;18.68;3;
12316;47.6249;-2.9359;RCP2.6;2007;12.47;8;6.3;24.22;4;
12316;47.6249;-2.9359;RCP2.6;2008;11.9;4;9.52;19.51;1;
12316;47.6249;-2.9359;RCP2.6;2009;12.89;3;7.31;18.8;2;
12316;47.6249;-2.9359;RCP2.6;2010;12.31;7;8.1;24.61;5;
12316;47.6249;-2.9359;RCP2.6;2011;12.46;3;7.49;19.25;2;
12316;47.6249;-2.9359;RCP2.6;2012;12.93;4;7.2;21.15;4;
12316;47.6249;-2.9359;RCP2.6;2013;12.81;2;6.81;17.45;1;
12316;47.6249;-2.9359;RCP2.6;2014;12.71;6;5.59;23.94;6;
12316;47.6249;-2.9359;RCP2.6;2015;12.92;5;5.97;20.52;2;
12316;47.6249;-2.9359;RCP2.6;2016;13.1;8;8.13;25.24;7;
12316;47.6249;-2.9359;RCP2.6;2017;13.28;6;7.23;23.76;5;
12316;47.6249;-2.9359;RCP2.6;2018;12.23;10;8.77;24.64;7;
12316;47.6249;-2.9359;RCP2.6;2019;11.85;7;8.34;26.29;5;
12316;47.6249;-2.9359;RCP2.6;2020;11.94;11;6.17;29.94;7;
12317;47.6297;-2.8297;RCP2.6;2006;11.69;3;5.21;17.17;3;
12317;47.6297;-2.8297;RCP2.6;2007;12.4;7;6.17;23.03;4;
12317;47.6297;-2.8297;RCP2.6;2008;11.87;5;8.64;20.67;1;
12317;47.6297;-2.8297;RCP2.6;2009;12.87;4;7.03;20.68;2;
12317;47.6297;-2.8297;RCP2.6;2010;12.3;6;7.53;23.49;5;
12317;47.6297;-2.8297;RCP2.6;2011;12.44;1;7.03;18.61;1;
12317;47.6297;-2.8297;RCP2.6;2012;12.92;3;6.3;19.32;3;
12317;47.6297;-2.8297;RCP2.6;2013;12.83;4;6.56;20.49;2;
12317;47.6297;-2.8297;RCP2.6;2014;12.73;6;6.03;22.97;5;
12317;47.6297;-2.8297;RCP2.6;2015;12.87;5;5.57;20.64;1;
12317;47.6297;-2.8297;RCP2.6;2016;13.11;8;7.89;24.58;7;
12317;47.6297;-2.8297;RCP2.6;2017;13.27;9;8.05;25.3;7;
12317;47.6297;-2.8297;RCP2.6;2018;12.24;8;9.13;22.91;5;
12317;47.6297;-2.8297;RCP2.6;2019;11.82;10;8.77;25.48;5;
12317;47.6297;-2.8297;RCP2.6;2020;11.84;10;6.46;23.49;7;
12318;47.6344;-2.7235;RCP2.6;2006;11.79;3;5.17;17.06;3;
12318;47.6344;-2.7235;RCP2.6;2007;12.5;7;6.13;22.88;4;
12318;47.6344;-2.7235;RCP2.6;2008;11.98;5;8.58;20.54;1;
12318;47.6344;-2.7235;RCP2.6;2009;12.97;4;6.98;20.55;2;
12318;47.6344;-2.7235;RCP2.6;2010;12.4;6;7.48;23.37;5;
12318;47.6344;-2.7235;RCP2.6;2011;12.54;1;6.99;18.49;1;
12318;47.6344;-2.7235;RCP2.6;2012;13.02;3;6.26;19.21;3;
12318;47.6344;-2.7235;RCP2.6;2013;12.93;4;6.52;20.37;2;
12318;47.6344;-2.7235;RCP2.6;2014;12.84;6;6;22.82;5;
12318;47.6344;-2.7235;RCP2.6;2015;12.99;5;5.54;20.55;1;
12318;47.6344;-2.7235;RCP2.6;2016;13.22;8;7.84;24.42;7;
12318;47.6344;-2.7235;RCP2.6;2017;13.38;9;7.99;25.14;7;
12318;47.6344;-2.7235;RCP2.6;2018;12.33;8;9.07;22.78;5;
12318;47.6344;-2.7235;RCP2.6;2019;11.93;9;8.71;25.32;5;
12318;47.6344;-2.7235;RCP2.6;2020;11.94;10;6.42;23.34;7;
12319;47.639;-2.6173;RCP2.6;2006;11.55;3;5.7;16.93;3;
12319;47.639;-2.6173;RCP2.6;2007;12.32;7;6.44;22.8;4;
12319;47.639;-2.6173;RCP2.6;2008;11.74;6;8.81;21.94;3;
12319;47.639;-2.6173;RCP2.6;2009;12.76;4;7.09;19.93;2;
12319;47.639;-2.6173;RCP2.6;2010;12.2;6;8.16;25.18;5;
12319;47.639;-2.6173;RCP2.6;2011;12.31;1;6.89;17.71;1;
12319;47.639;-2.6173;RCP2.6;2012;12.76;5;6.01;21.7;4;
12319;47.639;-2.6173;RCP2.6;2013;12.67;3;6.32;16.97;1;
12319;47.639;-2.6173;RCP2.6;2014;12.56;6;5.64;24.03;5;
12319;47.639;-2.6173;RCP2.6;2015;12.78;2;6.04;19.55;1;
12319;47.639;-2.6173;RCP2.6;2016;12.93;9;7.63;24.47;7;
12319;47.639;-2.6173;RCP2.6;2017;13.09;9;7.7;25.1;8;
12319;47.639;-2.6173;RCP2.6;2018;12.05;7;8.49;25.57;5;
12319;47.639;-2.6173;RCP2.6;2019;11.67;9;8.21;27.23;8;
12319;47.639;-2.6173;RCP2.6;2020;11.72;10;7.08;26.92;8;
12320;47.6434;-2.511;RCP2.6;2006;11.15;3;6.21;18.43;3;
12320;47.6434;-2.511;RCP2.6;2007;11.91;10;6.92;28.46;6;
12320;47.6434;-2.511;RCP2.6;2008;11.36;8;9.49;26.74;4;
12320;47.6434;-2.511;RCP2.6;2009;12.38;5;8.13;22.57;3;
12320;47.6434;-2.511;RCP2.6;2010;11.8;7;9.56;32.86;5;
12320;47.6434;-2.511;RCP2.6;2011;11.89;5;7.98;20.42;1;
12320;47.6434;-2.511;RCP2.6;2012;12.33;8;6.85;26.4;4;
12320;47.6434;-2.511;RCP2.6;2013;12.26;4;7.56;19.52;1;
12320;47.6434;-2.511;RCP2.6;2014;12.18;7;6.28;27.2;5;
12320;47.6434;-2.511;RCP2.6;2015;12.35;8;6.68;23.08;1;
12320;47.6434;-2.511;RCP2.6;2016;12.52;10;8.88;31.34;7;
12320;47.6434;-2.511;RCP2.6;2017;12.68;9;8.82;30.06;7;
12320;47.6434;-2.511;RCP2.6;2018;11.62;9;9.34;28.86;6;
12320;47.6434;-2.511;RCP2.6;2019;11.26;12;9.64;34.63;8;
12320;47.6434;-2.511;RCP2.6;2020;11.33;11;7.51;27.44;5;
12321;47.6478;-2.4047;RCP2.6;2006;11.15;3;6.6;17.33;3;
12321;47.6478;-2.4047;RCP2.6;2007;11.92;8;6.76;26.95;6;
12321;47.6478;-2.4047;RCP2.6;2008;11.38;9;9.03;24.29;3;
12321;47.6478;-2.4047;RCP2.6;2009;12.44;4;7.65;19.98;0;
12321;47.6478;-2.4047;RCP2.6;2010;11.86;7;8.58;28.7;5;
12321;47.6478;-2.4047;RCP2.6;2011;11.96;4;7.22;19.37;1;
12321;47.6478;-2.4047;RCP2.6;2012;12.33;8;7;22.93;3;
12321;47.6478;-2.4047;RCP2.6;2013;12.26;2;7.02;17.33;2;
12321;47.6478;-2.4047;RCP2.6;2014;12.12;5;5.47;27.35;4;
12321;47.6478;-2.4047;RCP2.6;2015;12.4;5;6.23;20.66;1;
12321;47.6478;-2.4047;RCP2.6;2016;12.52;9;8;27.74;6;
12321;47.6478;-2.4047;RCP2.6;2017;12.7;11;7.93;29.73;7;
12321;47.6478;-2.4047;RCP2.6;2018;11.61;8;9.08;27.01;5;
12321;47.6478;-2.4047;RCP2.6;2019;11.23;12;8.98;34.07;8;
12321;47.6478;-2.4047;RCP2.6;2020;11.37;9;7.26;29.29;5;
12322;47.6521;-2.2984;RCP2.6;2006;11.23;4;6.2;20.32;3;
12322;47.6521;-2.2984;RCP2.6;2007;11.98;8;7.37;24.68;5;
12322;47.6521;-2.2984;RCP2.6;2008;11.46;8;8.74;22.77;2;
12322;47.6521;-2.2984;RCP2.6;2009;12.55;6;7.49;21.42;0;
12322;47.6521;-2.2984;RCP2.6;2010;11.93;7;7.85;27.79;5;
12322;47.6521;-2.2984;RCP2.6;2011;12.05;5;7.08;20.41;3;
12322;47.6521;-2.2984;RCP2.6;2012;12.39;7;7.63;25;4;
12322;47.6521;-2.2984;RCP2.6;2013;12.34;2;7.16;17.34;2;
12322;47.6521;-2.2984;RCP2.6;2014;12.18;5;5.77;26.27;4;
12322;47.6521;-2.2984;RCP2.6;2015;12.5;4;6.1;19.79;1;
12322;47.6521;-2.2984;RCP2.6;2016;12.6;8;8.38;25.51;7;
12322;47.6521;-2.2984;RCP2.6;2017;12.76;14;8.1;27.99;5;
12322;47.6521;-2.2984;RCP2.6;2018;11.7;8;9.8;24.89;4;
12322;47.6521;-2.2984;RCP2.6;2019;11.3;13;9.03;31.75;6;
12322;47.6521;-2.2984;RCP2.6;2020;11.5;9;7.27;28.9;5;
12323;47.6563;-2.1921;RCP2.6;2006;11.34;4;6.15;20.2;3;
12323;47.6563;-2.1921;RCP2.6;2007;12.08;7;7.26;24.52;5;
12323;47.6563;-2.1921;RCP2.6;2008;11.57;8;8.71;22.62;2;
12323;47.6563;-2.1921;RCP2.6;2009;12.65;6;7.45;21.28;0;
12323;47.6563;-2.1921;RCP2.6;2010;12.03;7;7.86;27.61;5;
12323;47.6563;-2.1921;RCP2.6;2011;12.16;5;7.03;20.28;3;
12323;47.6563;-2.1921;RCP2.6;2012;12.5;6;7.58;24.83;4;
12323;47.6563;-2.1921;RCP2.6;2013;12.45;2;7.04;17.22;2;
12323;47.6563;-2.1921;RCP2.6;2014;12.29;5;5.72;26.1;4;
12323;47.6563;-2.1921;RCP2.6;2015;12.61;3;6.06;19.66;1;
12323;47.6563;-2.1921;RCP2.6;2016;12.7;8;8.33;25.37;7;
12323;47.6563;-2.1921;RCP2.6;2017;12.87;13;8.14;27.81;5;
12323;47.6563;-2.1921;RCP2.6;2018;11.81;8;9.73;24.76;4;
12323;47.6563;-2.1921;RCP2.6;2019;11.4;13;8.97;31.53;6;
12323;47.6563;-2.1921;RCP2.6;2020;11.61;8;7.22;28.74;5;
12324;47.6604;-2.0858;RCP2.6;2006;11.54;3;5.76;18.66;3;
12324;47.6604;-2.0858;RCP2.6;2007;12.3;7;7.44;25.65;5;
12324;47.6604;-2.0858;RCP2.6;2008;11.84;8;9.55;20.82;2;
12324;47.6604;-2.0858;RCP2.6;2009;12.91;6;7.46;21.38;2;
12324;47.6604;-2.0858;RCP2.6;2010;12.26;5;7.6;27.58;5;
12324;47.6604;-2.0858;RCP2.6;2011;12.38;4;6.9;21.24;3;
12324;47.6604;-2.0858;RCP2.6;2012;12.71;5;7.89;23.98;4;
12324;47.6604;-2.0858;RCP2.6;2013;12.69;2;7.27;17.3;1;
12324;47.6604;-2.0858;RCP2.6;2014;12.53;5;6.36;30.4;5;
12324;47.6604;-2.0858;RCP2.6;2015;12.82;4;6.36;19.92;1;
12324;47.6604;-2.0858;RCP2.6;2016;12.94;8;8.31;24.15;4;
12324;47.6604;-2.0858;RCP2.6;2017;13.12;13;8.01;26.94;4;
12324;47.6604;-2.0858;RCP2.6;2018;12.08;10;9.4;23.94;4;
12324;47.6604;-2.0858;RCP2.6;2019;11.65;10;9.42;31.42;6;
12324;47.6604;-2.0858;RCP2.6;2020;11.84;8;7.37;24.2;4;
12456;47.6818;-3.262;RCP2.6;2006;11.93;5;5.04;23.68;5;
12456;47.6818;-3.262;RCP2.6;2007;12.62;7;6.43;24.22;7;
12456;47.6818;-3.262;RCP2.6;2008;12.14;3;9.09;19.12;3;
12456;47.6818;-3.262;RCP2.6;2009;12.96;4;5.93;18.83;3;
12456;47.6818;-3.262;RCP2.6;2010;12.52;9;7.31;23.94;8;
12456;47.6818;-3.262;RCP2.6;2011;12.62;1;6.57;18.21;0;
12456;47.6818;-3.262;RCP2.6;2012;13;3;6.93;17.6;3;
12456;47.6818;-3.262;RCP2.6;2013;12.97;3;7.27;16.72;2;
12456;47.6818;-3.262;RCP2.6;2014;12.81;5;5.91;22.55;5;
12456;47.6818;-3.262;RCP2.6;2015;12.95;3;5.75;19.33;1;
12456;47.6818;-3.262;RCP2.6;2016;13.16;8;7.61;23.48;6;
12456;47.6818;-3.262;RCP2.6;2017;13.43;5;6.59;22.73;5;
12456;47.6818;-3.262;RCP2.6;2018;12.36;9;8.22;25.22;9;
12456;47.6818;-3.262;RCP2.6;2019;12.08;7;7.67;25.43;6;
12456;47.6818;-3.262;RCP2.6;2020;12.16;7;6.11;25.93;7;
12458;47.6918;-3.0494;RCP2.6;2006;11.62;6;4.92;23.93;5;
12458;47.6918;-3.0494;RCP2.6;2007;12.35;8;6.28;25.01;5;
12458;47.6918;-3.0494;RCP2.6;2008;11.84;5;9.1;20.94;2;
12458;47.6918;-3.0494;RCP2.6;2009;12.75;5;7.46;20.57;2;
12458;47.6918;-3.0494;RCP2.6;2010;12.22;6;8.58;22.54;4;
12458;47.6918;-3.0494;RCP2.6;2011;12.35;4;7.63;19.87;2;
12458;47.6918;-3.0494;RCP2.6;2012;12.8;3;7.15;18.37;3;
12458;47.6918;-3.0494;RCP2.6;2013;12.75;1;7.11;18.64;0;
12458;47.6918;-3.0494;RCP2.6;2014;12.58;5;5.92;24.29;5;
12458;47.6918;-3.0494;RCP2.6;2015;12.81;5;6.16;20.75;0;
12458;47.6918;-3.0494;RCP2.6;2016;13.03;7;7.58;25.02;6;
12458;47.6918;-3.0494;RCP2.6;2017;13.23;4;7.34;20.56;4;
12458;47.6918;-3.0494;RCP2.6;2018;12.14;10;9.32;23.79;7;
12458;47.6918;-3.0494;RCP2.6;2019;11.8;8;8.93;25.51;5;
12458;47.6918;-3.0494;RCP2.6;2020;11.85;10;6.42;29.88;6;
12459;47.6967;-2.9431;RCP2.6;2006;11.47;4;5.2;20.36;3;
12459;47.6967;-2.9431;RCP2.6;2007;12.2;9;6.72;30.22;5;
12459;47.6967;-2.9431;RCP2.6;2008;11.67;8;10.66;22.41;2;
12459;47.6967;-2.9431;RCP2.6;2009;12.64;6;8.29;23.24;2;
12459;47.6967;-2.9431;RCP2.6;2010;12.04;10;9.17;30.79;6;
12459;47.6967;-2.9431;RCP2.6;2011;12.17;5;8.26;22.38;1;
12459;47.6967;-2.9431;RCP2.6;2012;12.63;6;8.09;24.97;4;
12459;47.6967;-2.9431;RCP2.6;2013;12.53;4;7.74;19.96;1;
12459;47.6967;-2.9431;RCP2.6;2014;12.46;6;5.94;28.29;5;
12459;47.6967;-2.9431;RCP2.6;2015;12.63;7;6.52;23.57;3;
12459;47.6967;-2.9431;RCP2.6;2016;12.83;8;8.73;31.94;7;
12459;47.6967;-2.9431;RCP2.6;2017;13;7;7.92;26.69;5;
12459;47.6967;-2.9431;RCP2.6;2018;11.93;10;9.98;29.14;6;
12459;47.6967;-2.9431;RCP2.6;2019;11.58;9;9.89;31.1;6;
12459;47.6967;-2.9431;RCP2.6;2020;11.67;11;6.74;32.47;6;
12460;47.7015;-2.8367;RCP2.6;2006;11.4;4;5.79;19.24;3;
12460;47.7015;-2.8367;RCP2.6;2007;12.16;9;7.09;26.84;5;
12460;47.7015;-2.8367;RCP2.6;2008;11.62;8;10.03;23.09;2;
12460;47.7015;-2.8367;RCP2.6;2009;12.64;7;8.2;23.31;3;
12460;47.7015;-2.8367;RCP2.6;2010;12.03;10;9.08;33.36;7;
12460;47.7015;-2.8367;RCP2.6;2011;12.13;6;7.31;20.23;0;
12460;47.7015;-2.8367;RCP2.6;2012;12.59;9;7.22;24.7;4;
12460;47.7015;-2.8367;RCP2.6;2013;12.48;4;8.25;20.13;1;
12460;47.7015;-2.8367;RCP2.6;2014;12.39;6;6.36;27.68;5;
12460;47.7015;-2.8367;RCP2.6;2015;12.57;8;6.46;23.57;3;
12460;47.7015;-2.8367;RCP2.6;2016;12.77;10;9.5;31.74;7;
12460;47.7015;-2.8367;RCP2.6;2017;12.94;8;7.37;26.49;5;
12460;47.7015;-2.8367;RCP2.6;2018;11.86;10;9.42;27.43;4;
12460;47.7015;-2.8367;RCP2.6;2019;11.5;11;9.86;34.69;7;
12460;47.7015;-2.8367;RCP2.6;2020;11.61;12;6.8;30.25;4;
12461;47.7062;-2.7304;RCP2.6;2006;11.13;4;5.88;19.57;3;
12461;47.7062;-2.7304;RCP2.6;2007;11.89;9;7.26;27.33;5;
12461;47.7062;-2.7304;RCP2.6;2008;11.33;8;10.2;23.51;2;
12461;47.7062;-2.7304;RCP2.6;2009;12.35;7;8.34;23.68;3;
12461;47.7062;-2.7304;RCP2.6;2010;11.76;10;9.24;33.97;7;
12461;47.7062;-2.7304;RCP2.6;2011;11.86;8;7.45;20.61;0;
12461;47.7062;-2.7304;RCP2.6;2012;12.31;9;7.35;25.13;4;
12461;47.7062;-2.7304;RCP2.6;2013;12.2;4;8.52;20.48;1;
12461;47.7062;-2.7304;RCP2.6;2014;12.1;6;6.44;28.18;5;
12461;47.7062;-2.7304;RCP2.6;2015;12.29;10;6.55;23.99;3;
12461;47.7062;-2.7304;RCP2.6;2016;12.49;12;9.09;32.21;7;
12461;47.7062;-2.7304;RCP2.6;2017;12.66;8;7.51;26.91;5;
12461;47.7062;-2.7304;RCP2.6;2018;11.57;11;9.86;27.84;4;
12461;47.7062;-2.7304;RCP2.6;2019;11.22;11;10.03;35.31;7;
12461;47.7062;-2.7304;RCP2.6;2020;11.33;12;6.87;30.73;4;
12462;47.7108;-2.624;RCP2.6;2006;10.92;4;6.2;19.8;3;
12462;47.7108;-2.624;RCP2.6;2007;11.66;9;7.32;28.65;5;
12462;47.7108;-2.624;RCP2.6;2008;11.08;10;10.11;24.77;3;
12462;47.7108;-2.624;RCP2.6;2009;12.14;4;8.56;20.75;2;
12462;47.7108;-2.624;RCP2.6;2010;11.56;10;9.88;36.48;7;
12462;47.7108;-2.624;RCP2.6;2011;11.65;6;7.76;21.01;0;
12462;47.7108;-2.624;RCP2.6;2012;12.06;8;7.18;24.93;4;
12462;47.7108;-2.624;RCP2.6;2013;11.95;3;7.11;19.5;2;
12462;47.7108;-2.624;RCP2.6;2014;11.85;6;6.37;29.56;5;
12462;47.7108;-2.624;RCP2.6;2015;12.05;10;6.43;23.52;2;
12462;47.7108;-2.624;RCP2.6;2016;12.23;13;9.02;33.12;8;
12462;47.7108;-2.624;RCP2.6;2017;12.44;8;8.12;29.64;5;
12462;47.7108;-2.624;RCP2.6;2018;11.32;10;10.35;26.78;4;
12462;47.7108;-2.624;RCP2.6;2019;10.98;11;9.38;35.46;9;
12462;47.7108;-2.624;RCP2.6;2020;11.13;10;7.46;28.02;5;
12463;47.7153;-2.5176;RCP2.6;2006;11.07;4;6.14;19.6;3;
12463;47.7153;-2.5176;RCP2.6;2007;11.81;8;7.25;28.36;5;
12463;47.7153;-2.5176;RCP2.6;2008;11.24;9;10.01;24.53;3;
12463;47.7153;-2.5176;RCP2.6;2009;12.29;4;8.39;20.54;2;
12463;47.7153;-2.5176;RCP2.6;2010;11.72;10;9.78;36.12;7;
12463;47.7153;-2.5176;RCP2.6;2011;11.8;6;7.69;20.82;0;
12463;47.7153;-2.5176;RCP2.6;2012;12.22;8;7.11;24.69;4;
12463;47.7153;-2.5176;RCP2.6;2013;12.11;3;7.04;19.3;2;
12463;47.7153;-2.5176;RCP2.6;2014;12.01;6;6.31;29.27;5;
12463;47.7153;-2.5176;RCP2.6;2015;12.21;9;6.36;23.29;2;
12463;47.7153;-2.5176;RCP2.6;2016;12.39;13;8.93;32.8;8;
12463;47.7153;-2.5176;RCP2.6;2017;12.6;8;8.04;29.35;5;
12463;47.7153;-2.5176;RCP2.6;2018;11.48;10;10.28;26.54;4;
12463;47.7153;-2.5176;RCP2.6;2019;11.14;11;9.28;35.1;9;
12463;47.7153;-2.5176;RCP2.6;2020;11.28;10;7.39;27.79;5;
12464;47.7197;-2.4111;RCP2.6;2006;11.2;3;5.72;17.94;3;
12464;47.7197;-2.4111;RCP2.6;2007;11.92;11;7.42;24.2;2;
12464;47.7197;-2.4111;RCP2.6;2008;11.39;8;9.38;23.78;3;
12464;47.7197;-2.4111;RCP2.6;2009;12.49;4;7.65;20.09;1;
12464;47.7197;-2.4111;RCP2.6;2010;11.89;7;9.62;28.27;5;
12464;47.7197;-2.4111;RCP2.6;2011;11.97;4;7.2;19.24;2;
12464;47.7197;-2.4111;RCP2.6;2012;12.35;5;6.98;21.13;3;
12464;47.7197;-2.4111;RCP2.6;2013;12.26;2;7.04;16.97;1;
12464;47.7197;-2.4111;RCP2.6;2014;12.09;6;5.94;25.55;4;
12464;47.7197;-2.4111;RCP2.6;2015;12.42;5;5.32;20.24;1;
12464;47.7197;-2.4111;RCP2.6;2016;12.51;10;8.25;27.13;6;
12464;47.7197;-2.4111;RCP2.6;2017;12.74;7;7.8;24.1;3;
12464;47.7197;-2.4111;RCP2.6;2018;11.62;8;9.67;25.16;4;
12464;47.7197;-2.4111;RCP2.6;2019;11.26;11;9.13;31.11;7;
12464;47.7197;-2.4111;RCP2.6;2020;11.44;8;7.35;25.98;4;
12465;47.7239;-2.3047;RCP2.6;2006;11.33;3;6.04;17.88;3;
12465;47.7239;-2.3047;RCP2.6;2007;12.04;9;7.28;25.46;5;
12465;47.7239;-2.3047;RCP2.6;2008;11.55;7;8.88;22.5;2;
12465;47.7239;-2.3047;RCP2.6;2009;12.66;6;7.29;21.13;1;
12465;47.7239;-2.3047;RCP2.6;2010;12.05;7;8.72;27.47;5;
12465;47.7239;-2.3047;RCP2.6;2011;12.13;3;7.15;19.68;3;
12465;47.7239;-2.3047;RCP2.6;2012;12.46;6;7.36;22.31;2;
12465;47.7239;-2.3047;RCP2.6;2013;12.4;2;7.43;16.37;2;
12465;47.7239;-2.3047;RCP2.6;2014;12.22;4;6.4;25.5;4;
12465;47.7239;-2.3047;RCP2.6;2015;12.56;3;5.35;18.18;1;
12465;47.7239;-2.3047;RCP2.6;2016;12.65;10;8.35;26.12;5;
12465;47.7239;-2.3047;RCP2.6;2017;12.88;9;7.51;22.59;3;
12465;47.7239;-2.3047;RCP2.6;2018;11.76;8;9.54;24.6;4;
12465;47.7239;-2.3047;RCP2.6;2019;11.42;12;9.23;30.69;8;
12465;47.7239;-2.3047;RCP2.6;2020;11.63;7;7.71;26.38;5;
12466;47.7281;-2.1983;RCP2.6;2006;11.47;3;5.99;17.72;3;
12466;47.7281;-2.1983;RCP2.6;2007;12.18;9;7.22;25.24;5;
12466;47.7281;-2.1983;RCP2.6;2008;11.69;7;9.1;22.29;2;
12466;47.7281;-2.1983;RCP2.6;2009;12.81;5;7.22;20.94;1;
12466;47.7281;-2.1983;RCP2.6;2010;12.2;7;8.65;27.22;5;
12466;47.7281;-2.1983;RCP2.6;2011;12.28;3;7.08;19.55;3;
12466;47.7281;-2.1983;RCP2.6;2012;12.61;6;7.29;22.1;2;
12466;47.7281;-2.1983;RCP2.6;2013;12.55;2;7.37;16.21;2;
12466;47.7281;-2.1983;RCP2.6;2014;12.37;4;6.33;25.28;4;
12466;47.7281;-2.1983;RCP2.6;2015;12.7;3;5.32;18.01;1;
12466;47.7281;-2.1983;RCP2.6;2016;12.79;10;8.44;25.89;5;
12466;47.7281;-2.1983;RCP2.6;2017;13.03;8;7.45;22.4;3;
12466;47.7281;-2.1983;RCP2.6;2018;11.92;8;9.52;24.38;4;
12466;47.7281;-2.1983;RCP2.6;2019;11.56;11;9.14;30.41;8;
12466;47.7281;-2.1983;RCP2.6;2020;11.78;6;7.64;26.17;5;
12467;47.7322;-2.0918;RCP2.6;2006;11.47;4;5.69;18.91;4;
12467;47.7322;-2.0918;RCP2.6;2007;12.18;4;5.84;19.96;4;
12467;47.7322;-2.0918;RCP2.6;2008;11.74;2;7.88;14.86;2;
12467;47.7322;-2.0918;RCP2.6;2009;12.85;2;6.33;18.51;2;
12467;47.7322;-2.0918;RCP2.6;2010;12.22;4;6.58;20.19;4;
12467;47.7322;-2.0918;RCP2.6;2011;12.27;3;5.78;14.41;3;
12467;47.7322;-2.0918;RCP2.6;2012;12.61;2;6.49;17.54;2;
12467;47.7322;-2.0918;RCP2.6;2013;12.59;2;6.28;15.82;2;
12467;47.7322;-2.0918;RCP2.6;2014;12.41;5;5.57;23.95;5;
12467;47.7322;-2.0918;RCP2.6;2015;12.71;1;5.38;14.16;1;
12467;47.7322;-2.0918;RCP2.6;2016;12.82;7;7.2;21.7;7;
12467;47.7322;-2.0918;RCP2.6;2017;13.07;6;6.58;22.48;5;
12467;47.7322;-2.0918;RCP2.6;2018;11.92;5;8.46;20.69;5;
12467;47.7322;-2.0918;RCP2.6;2019;11.55;7;7.87;23.86;7;
12467;47.7322;-2.0918;RCP2.6;2020;11.77;7;7.17;23.62;6;
12468;47.7363;-1.9853;RCP2.6;2006;11.4;3;5.33;18.13;3;
12468;47.7363;-1.9853;RCP2.6;2007;12.12;4;5.98;20.07;4;
12468;47.7363;-1.9853;RCP2.6;2008;11.69;1;8.29;15.51;1;
12468;47.7363;-1.9853;RCP2.6;2009;12.78;3;6.1;18.99;3;
12468;47.7363;-1.9853;RCP2.6;2010;12.13;5;7.24;21.4;5;
12468;47.7363;-1.9853;RCP2.6;2011;12.22;3;5.44;18.19;3;
12468;47.7363;-1.9853;RCP2.6;2012;12.57;1;6.17;17.46;1;
12468;47.7363;-1.9853;RCP2.6;2013;12.54;1;6.44;14.44;1;
12468;47.7363;-1.9853;RCP2.6;2014;12.37;6;5.21;26.53;6;
12468;47.7363;-1.9853;RCP2.6;2015;12.63;1;5.93;16.64;1;
12468;47.7363;-1.9853;RCP2.6;2016;12.82;4;7.09;19.46;4;
12468;47.7363;-1.9853;RCP2.6;2017;13.01;5;6.39;22.01;5;
12468;47.7363;-1.9853;RCP2.6;2018;11.91;5;7.74;20.65;4;
12468;47.7363;-1.9853;RCP2.6;2019;11.48;6;7.86;24.82;6;
12468;47.7363;-1.9853;RCP2.6;2020;11.69;7;6.92;24.14;7;
12469;47.7402;-1.8788;RCP2.6;2006;11.39;3;5.33;18.14;3;
12469;47.7402;-1.8788;RCP2.6;2007;12.11;4;5.99;20.08;4;
12469;47.7402;-1.8788;RCP2.6;2008;11.68;1;8.29;15.52;1;
12469;47.7402;-1.8788;RCP2.6;2009;12.78;3;6.1;18.99;3;
12469;47.7402;-1.8788;RCP2.6;2010;12.12;5;7.24;21.41;5;
12469;47.7402;-1.8788;RCP2.6;2011;12.21;3;5.45;18.2;3;
12469;47.7402;-1.8788;RCP2.6;2012;12.56;1;6.18;17.47;1;
12469;47.7402;-1.8788;RCP2.6;2013;12.53;1;6.44;14.44;1;
12469;47.7402;-1.8788;RCP2.6;2014;12.37;6;5.21;26.54;6;
12469;47.7402;-1.8788;RCP2.6;2015;12.63;1;5.94;16.65;1;
12469;47.7402;-1.8788;RCP2.6;2016;12.81;4;7.09;19.47;4;
12469;47.7402;-1.8788;RCP2.6;2017;13;5;6.39;22.02;5;
12469;47.7402;-1.8788;RCP2.6;2018;11.9;5;7.74;20.66;4;
12469;47.7402;-1.8788;RCP2.6;2019;11.47;6;7.87;24.83;6;
12469;47.7402;-1.8788;RCP2.6;2020;11.68;7;6.92;24.15;7;
12470;47.744;-1.7723;RCP2.6;2006;11.42;4;5.64;19.24;4;
12470;47.744;-1.7723;RCP2.6;2007;12.15;3;6.02;19.42;3;
12470;47.744;-1.7723;RCP2.6;2008;11.72;3;7.78;16.56;2;
12470;47.744;-1.7723;RCP2.6;2009;12.79;2;6.75;18.36;2;
12470;47.744;-1.7723;RCP2.6;2010;12.14;4;7.31;20.06;4;
12470;47.744;-1.7723;RCP2.6;2011;12.25;3;5.91;17.81;3;
12470;47.744;-1.7723;RCP2.6;2012;12.58;3;6.85;17.89;2;
12470;47.744;-1.7723;RCP2.6;2013;12.53;1;6.09;13.92;0;
12470;47.744;-1.7723;RCP2.6;2014;12.39;5;5.12;23.62;5;
12470;47.744;-1.7723;RCP2.6;2015;12.61;1;6.02;17.45;0;
12470;47.744;-1.7723;RCP2.6;2016;12.82;5;7.78;21.84;5;
12470;47.744;-1.7723;RCP2.6;2017;13.01;5;6.48;23.5;5;
12470;47.744;-1.7723;RCP2.6;2018;11.92;6;7.84;21.5;6;
12470;47.744;-1.7723;RCP2.6;2019;11.54;5;7.56;26.17;5;
12470;47.744;-1.7723;RCP2.6;2020;11.72;5;7.45;23.41;5;
12471;47.7477;-1.6657;RCP2.6;2006;11.38;4;6.31;20.27;4;
12471;47.7477;-1.6657;RCP2.6;2007;12.12;4;6.48;19.58;3;
12471;47.7477;-1.6657;RCP2.6;2008;11.71;5;7.28;20.88;4;
12471;47.7477;-1.6657;RCP2.6;2009;12.78;4;6.63;19.63;4;
12471;47.7477;-1.6657;RCP2.6;2010;12.13;4;7.51;20.03;4;
12471;47.7477;-1.6657;RCP2.6;2011;12.21;5;5.88;20.69;4;
12471;47.7477;-1.6657;RCP2.6;2012;12.58;3;6.8;18.6;3;
12471;47.7477;-1.6657;RCP2.6;2013;12.51;0;5.29;14.51;0;
12471;47.7477;-1.6657;RCP2.6;2014;12.33;3;5.34;18.22;3;
12471;47.7477;-1.6657;RCP2.6;2015;12.57;1;5.97;17.61;1;
12471;47.7477;-1.6657;RCP2.6;2016;12.83;4;7.4;19.83;4;
12471;47.7477;-1.6657;RCP2.6;2017;12.97;7;7.17;21.77;7;
12471;47.7477;-1.6657;RCP2.6;2018;11.9;6;7.91;22.4;6;
12471;47.7477;-1.6657;RCP2.6;2019;11.54;6;7.81;26.63;5;
12471;47.7477;-1.6657;RCP2.6;2020;11.73;5;8.15;21.45;5;
12597;47.7431;-3.4824;RCP2.6;2006;11.85;7;5.48;24.27;6;
12597;47.7431;-3.4824;RCP2.6;2007;12.53;9;6.53;27.45;7;
12597;47.7431;-3.4824;RCP2.6;2008;12.04;5;9.14;20.39;2;
12597;47.7431;-3.4824;RCP2.6;2009;12.85;5;7.22;20.18;3;
12597;47.7431;-3.4824;RCP2.6;2010;12.43;9;7.77;29.06;7;
12597;47.7431;-3.4824;RCP2.6;2011;12.52;3;7.28;19.35;3;
12597;47.7431;-3.4824;RCP2.6;2012;12.87;7;7.62;21.71;5;
12597;47.7431;-3.4824;RCP2.6;2013;12.84;3;7.89;17.32;3;
12597;47.7431;-3.4824;RCP2.6;2014;12.68;7;6.49;26.37;6;
12597;47.7431;-3.4824;RCP2.6;2015;12.83;7;5.95;22.3;6;
12597;47.7431;-3.4824;RCP2.6;2016;13.04;6;8.38;25.51;6;
12597;47.7431;-3.4824;RCP2.6;2017;13.3;4;6.45;20.26;4;
12597;47.7431;-3.4824;RCP2.6;2018;12.19;9;7.61;24.47;7;
12597;47.7431;-3.4824;RCP2.6;2019;11.96;7;8.23;26.18;6;
12597;47.7431;-3.4824;RCP2.6;2020;12.08;9;7.44;25.01;6;
12598;47.7484;-3.376;RCP2.6;2006;11.84;5;5.07;23.8;5;
12598;47.7484;-3.376;RCP2.6;2007;12.52;8;6.49;24.34;7;
12598;47.7484;-3.376;RCP2.6;2008;12.05;3;9.07;19.23;3;
12598;47.7484;-3.376;RCP2.6;2009;12.86;4;5.96;18.94;3;
12598;47.7484;-3.376;RCP2.6;2010;12.43;9;7.35;24.07;8;
12598;47.7484;-3.376;RCP2.6;2011;12.53;1;6.61;18.32;0;
12598;47.7484;-3.376;RCP2.6;2012;12.9;3;6.97;17.71;3;
12598;47.7484;-3.376;RCP2.6;2013;12.87;3;7.31;16.82;2;
12598;47.7484;-3.376;RCP2.6;2014;12.71;6;5.95;22.69;5;
12598;47.7484;-3.376;RCP2.6;2015;12.85;4;5.78;19.45;1;
12598;47.7484;-3.376;RCP2.6;2016;13.06;8;7.65;23.62;6;
12598;47.7484;-3.376;RCP2.6;2017;13.33;5;6.63;22.87;5;
12598;47.7484;-3.376;RCP2.6;2018;12.26;9;8.25;25.34;9;
12598;47.7484;-3.376;RCP2.6;2019;11.98;7;7.71;25.58;6;
12598;47.7484;-3.376;RCP2.6;2020;12.06;7;6.14;26.05;7;
12599;47.7536;-3.2696;RCP2.6;2006;11.79;5;5.08;23.85;5;
12599;47.7536;-3.2696;RCP2.6;2007;12.48;8;6.51;24.39;7;
12599;47.7536;-3.2696;RCP2.6;2008;12;4;9.09;19.29;3;
12599;47.7536;-3.2696;RCP2.6;2009;12.81;4;5.98;19;3;
12599;47.7536;-3.2696;RCP2.6;2010;12.38;10;7.37;24.14;8;
12599;47.7536;-3.2696;RCP2.6;2011;12.48;1;6.63;18.37;0;
12599;47.7536;-3.2696;RCP2.6;2012;12.85;3;6.99;17.76;3;
12599;47.7536;-3.2696;RCP2.6;2013;12.82;3;7.33;16.87;2;
12599;47.7536;-3.2696;RCP2.6;2014;12.67;6;5.97;22.75;5;
12599;47.7536;-3.2696;RCP2.6;2015;12.8;4;5.8;19.5;1;
12599;47.7536;-3.2696;RCP2.6;2016;13.01;8;7.67;23.69;6;
12599;47.7536;-3.2696;RCP2.6;2017;13.28;5;6.65;22.94;5;
12599;47.7536;-3.2696;RCP2.6;2018;12.21;9;8.28;25.4;9;
12599;47.7536;-3.2696;RCP2.6;2019;11.93;7;7.74;25.65;6;
12599;47.7536;-3.2696;RCP2.6;2020;12.01;7;6.16;26.11;7;
12600;47.7586;-3.1632;RCP2.6;2006;11.51;6;6.13;26.17;5;
12600;47.7586;-3.1632;RCP2.6;2007;12.31;9;7.85;31.18;7;
12600;47.7586;-3.1632;RCP2.6;2008;11.75;11;11.17;24.21;3;
12600;47.7586;-3.1632;RCP2.6;2009;12.73;6;8.41;24.13;2;
12600;47.7586;-3.1632;RCP2.6;2010;12.16;12;10;32.17;7;
12600;47.7586;-3.1632;RCP2.6;2011;12.24;8;8.91;22.65;2;
12600;47.7586;-3.1632;RCP2.6;2012;12.65;6;9.27;20.2;3;
12600;47.7586;-3.1632;RCP2.6;2013;12.64;5;9.26;21.11;1;
12600;47.7586;-3.1632;RCP2.6;2014;12.53;7;7.39;29.5;5;
12600;47.7586;-3.1632;RCP2.6;2015;12.72;8;7.21;22.33;2;
12600;47.7586;-3.1632;RCP2.6;2016;12.85;11;9.12;30.54;8;
12600;47.7586;-3.1632;RCP2.6;2017;13.07;8;8.84;26.07;4;
12600;47.7586;-3.1632;RCP2.6;2018;11.97;13;9.8;31.09;5;
12600;47.7586;-3.1632;RCP2.6;2019;11.67;8;9.73;32.3;7;
12600;47.7586;-3.1632;RCP2.6;2020;11.77;10;7.27;30.79;6;
12601;47.7636;-3.0567;RCP2.6;2006;11.25;6;6.23;26.58;5;
12601;47.7636;-3.0567;RCP2.6;2007;12.05;9;8;31.67;7;
12601;47.7636;-3.0567;RCP2.6;2008;11.49;12;11.34;24.66;4;
12601;47.7636;-3.0567;RCP2.6;2009;12.46;6;8.56;24.53;2;
12601;47.7636;-3.0567;RCP2.6;2010;11.9;12;10.32;32.64;7;
12601;47.7636;-3.0567;RCP2.6;2011;11.98;8;9.05;23.04;2;
12601;47.7636;-3.0567;RCP2.6;2012;12.38;6;9.47;20.54;3;
12601;47.7636;-3.0567;RCP2.6;2013;12.37;5;9.47;21.47;1;
12601;47.7636;-3.0567;RCP2.6;2014;12.25;8;7.52;29.99;5;
12601;47.7636;-3.0567;RCP2.6;2015;12.45;9;7.24;22.7;2;
12601;47.7636;-3.0567;RCP2.6;2016;12.57;11;9.27;31.1;8;
12601;47.7636;-3.0567;RCP2.6;2017;12.8;9;9.04;26.52;4;
12601;47.7636;-3.0567;RCP2.6;2018;11.7;13;10.02;31.47;5;
12601;47.7636;-3.0567;RCP2.6;2019;11.41;10;9.93;32.82;7;
12601;47.7636;-3.0567;RCP2.6;2020;11.5;10;7.37;31.14;6;
12602;47.7685;-2.9502;RCP2.6;2006;11.3;6;5.8;24.12;3;
12602;47.7685;-2.9502;RCP2.6;2007;12.04;9;7.55;32.41;6;
12602;47.7685;-2.9502;RCP2.6;2008;11.45;9;10.53;24.67;4;
12602;47.7685;-2.9502;RCP2.6;2009;12.46;6;7.96;27.65;4;
12602;47.7685;-2.9502;RCP2.6;2010;11.92;14;9.64;32.11;7;
12602;47.7685;-2.9502;RCP2.6;2011;12.01;8;7.57;21.7;2;
12602;47.7685;-2.9502;RCP2.6;2012;12.41;6;8.83;23.47;4;
12602;47.7685;-2.9502;RCP2.6;2013;12.35;5;8.58;21.84;2;
12602;47.7685;-2.9502;RCP2.6;2014;12.24;6;6.46;31.48;6;
12602;47.7685;-2.9502;RCP2.6;2015;12.44;9;6.4;22.4;2;
12602;47.7685;-2.9502;RCP2.6;2016;12.61;11;9.11;31.04;9;
12602;47.7685;-2.9502;RCP2.6;2017;12.81;10;7.46;27.06;4;
12602;47.7685;-2.9502;RCP2.6;2018;11.7;11;9.58;30.67;6;
12602;47.7685;-2.9502;RCP2.6;2019;11.37;8;9.55;35.25;7;
12602;47.7685;-2.9502;RCP2.6;2020;11.55;12;6.38;36.19;6;
12603;47.7733;-2.8437;RCP2.6;2006;11.08;5;5.55;20.8;3;
12603;47.7733;-2.8437;RCP2.6;2007;11.79;10;7.33;27.08;5;
12603;47.7733;-2.8437;RCP2.6;2008;11.26;11;10.59;26.48;3;
12603;47.7733;-2.8437;RCP2.6;2009;12.3;7;8.21;24.88;3;
12603;47.7733;-2.8437;RCP2.6;2010;11.74;13;10.14;31.08;7;
12603;47.7733;-2.8437;RCP2.6;2011;11.82;5;7.51;21.83;0;
12603;47.7733;-2.8437;RCP2.6;2012;12.2;6;7.47;27.32;5;
12603;47.7733;-2.8437;RCP2.6;2013;12.12;4;8.71;19.5;1;
12603;47.7733;-2.8437;RCP2.6;2014;11.99;6;6.57;30.32;5;
12603;47.7733;-2.8437;RCP2.6;2015;12.2;12;6.38;23.9;2;
12603;47.7733;-2.8437;RCP2.6;2016;12.42;14;9.31;30.94;7;
12603;47.7733;-2.8437;RCP2.6;2017;12.6;9;7.3;25.52;3;
12603;47.7733;-2.8437;RCP2.6;2018;11.45;8;9.81;27.03;4;
12603;47.7733;-2.8437;RCP2.6;2019;11.15;9;9.64;33.92;7;
12603;47.7733;-2.8437;RCP2.6;2020;11.32;11;8.35;34.48;6;
12604;47.778;-2.7372;RCP2.6;2006;11;5;5.41;20.9;3;
12604;47.778;-2.7372;RCP2.6;2007;11.71;10;7.37;27.23;5;
12604;47.778;-2.7372;RCP2.6;2008;11.18;11;10.78;26.62;3;
12604;47.778;-2.7372;RCP2.6;2009;12.22;7;8.25;25.01;3;
12604;47.778;-2.7372;RCP2.6;2010;11.66;13;10.19;31.2;7;
12604;47.778;-2.7372;RCP2.6;2011;11.74;6;7.68;21.94;0;
12604;47.778;-2.7372;RCP2.6;2012;12.12;6;7.51;27.46;5;
12604;47.778;-2.7372;RCP2.6;2013;12.03;4;8.62;19.63;1;
12604;47.778;-2.7372;RCP2.6;2014;11.9;6;6.68;30.47;5;
12604;47.778;-2.7372;RCP2.6;2015;12.12;12;6.42;24.02;2;
12604;47.778;-2.7372;RCP2.6;2016;12.34;14;9.36;31.08;7;
12604;47.778;-2.7372;RCP2.6;2017;12.52;9;7.34;25.65;4;
12604;47.778;-2.7372;RCP2.6;2018;11.37;8;9.86;27.14;4;
12604;47.778;-2.7372;RCP2.6;2019;11.06;9;9.47;34.08;7;
12604;47.778;-2.7372;RCP2.6;2020;11.24;11;8.39;34.61;6;
12605;47.7826;-2.6307;RCP2.6;2006;11.09;6;5.71;22.99;3;
12605;47.7826;-2.6307;RCP2.6;2007;11.76;8;7.7;25.26;3;
12605;47.7826;-2.6307;RCP2.6;2008;11.26;12;10.22;24.94;3;
12605;47.7826;-2.6307;RCP2.6;2009;12.33;6;6.94;23.03;3;
12605;47.7826;-2.6307;RCP2.6;2010;11.77;13;8.94;27.37;6;
12605;47.7826;-2.6307;RCP2.6;2011;11.86;5;7.94;21.07;1;
12605;47.7826;-2.6307;RCP2.6;2012;12.18;6;8.12;22.32;3;
12605;47.7826;-2.6307;RCP2.6;2013;12.12;4;7.23;19.52;1;
12605;47.7826;-2.6307;RCP2.6;2014;12;6;6.61;27.42;5;
12605;47.7826;-2.6307;RCP2.6;2015;12.2;9;6.34;22.06;1;
12605;47.7826;-2.6307;RCP2.6;2016;12.42;13;8.72;30.86;6;
12605;47.7826;-2.6307;RCP2.6;2017;12.64;9;7.39;23.77;3;
12605;47.7826;-2.6307;RCP2.6;2018;11.46;10;9.99;25.67;4;
12605;47.7826;-2.6307;RCP2.6;2019;11.16;11;9.32;33.21;7;
12605;47.7826;-2.6307;RCP2.6;2020;11.36;9;9;26.32;4;
12606;47.7871;-2.5242;RCP2.6;2006;11.13;4;6.67;18.81;3;
12606;47.7871;-2.5242;RCP2.6;2007;11.83;9;7.62;25.18;2;
12606;47.7871;-2.5242;RCP2.6;2008;11.36;11;9.95;25.28;3;
12606;47.7871;-2.5242;RCP2.6;2009;12.43;6;6.99;22.89;1;
12606;47.7871;-2.5242;RCP2.6;2010;11.83;10;9.41;27.3;4;
12606;47.7871;-2.5242;RCP2.6;2011;11.89;7;7.94;20.85;2;
12606;47.7871;-2.5242;RCP2.6;2012;12.23;7;8.05;21.78;1;
12606;47.7871;-2.5242;RCP2.6;2013;12.16;2;7.45;18.24;2;
12606;47.7871;-2.5242;RCP2.6;2014;12.02;6;6.93;28.77;4;
12606;47.7871;-2.5242;RCP2.6;2015;12.27;6;6.15;20.94;2;
12606;47.7871;-2.5242;RCP2.6;2016;12.42;13;8.79;31.63;7;
12606;47.7871;-2.5242;RCP2.6;2017;12.66;7;8.1;22.42;2;
12606;47.7871;-2.5242;RCP2.6;2018;11.53;7;10.54;27.11;4;
12606;47.7871;-2.5242;RCP2.6;2019;11.21;12;9.84;32.82;7;
12606;47.7871;-2.5242;RCP2.6;2020;11.43;7;8.63;28.7;5;
12607;47.7915;-2.4176;RCP2.6;2006;11.34;3;5.69;17.54;3;
12607;47.7915;-2.4176;RCP2.6;2007;12.05;11;7.35;24;2;
12607;47.7915;-2.4176;RCP2.6;2008;11.52;8;9.16;23.57;3;
12607;47.7915;-2.4176;RCP2.6;2009;12.63;4;7.63;19.92;1;
12607;47.7915;-2.4176;RCP2.6;2010;12.03;7;9.45;28.03;5;
12607;47.7915;-2.4176;RCP2.6;2011;12.11;4;7.13;19.08;2;
12607;47.7915;-2.4176;RCP2.6;2012;12.49;5;6.92;20.96;3;
12607;47.7915;-2.4176;RCP2.6;2013;12.39;2;6.94;16.83;1;
12607;47.7915;-2.4176;RCP2.6;2014;12.23;6;5.88;25.33;4;
12607;47.7915;-2.4176;RCP2.6;2015;12.57;5;5.3;20.07;1;
12607;47.7915;-2.4176;RCP2.6;2016;12.65;10;8.17;26.9;5;
12607;47.7915;-2.4176;RCP2.6;2017;12.88;7;8.06;23.91;3;
12607;47.7915;-2.4176;RCP2.6;2018;11.76;8;9.41;24.95;4;
12607;47.7915;-2.4176;RCP2.6;2019;11.4;11;8.99;30.85;7;
12607;47.7915;-2.4176;RCP2.6;2020;11.58;8;7.43;25.79;4;
12608;47.7958;-2.311;RCP2.6;2006;11.2;4;4.73;18.56;4;
12608;47.7958;-2.311;RCP2.6;2007;11.93;5;6.09;21.88;4;
12608;47.7958;-2.311;RCP2.6;2008;11.49;2;7.84;17.92;2;
12608;47.7958;-2.311;RCP2.6;2009;12.56;2;6.28;18.06;1;
12608;47.7958;-2.311;RCP2.6;2010;11.92;5;7.71;22.18;5;
12608;47.7958;-2.311;RCP2.6;2011;12;3;5.97;15.17;3;
12608;47.7958;-2.311;RCP2.6;2012;12.36;3;6.22;19.02;2;
12608;47.7958;-2.311;RCP2.6;2013;12.28;1;5.92;13.82;1;
12608;47.7958;-2.311;RCP2.6;2014;12.18;5;5.26;23.73;4;
12608;47.7958;-2.311;RCP2.6;2015;12.44;1;4.92;15.81;1;
12608;47.7958;-2.311;RCP2.6;2016;12.54;8;6.89;23.17;6;
12608;47.7958;-2.311;RCP2.6;2017;12.79;4;6.97;20.19;3;
12608;47.7958;-2.311;RCP2.6;2018;11.65;4;8.35;21.08;4;
12608;47.7958;-2.311;RCP2.6;2019;11.31;7;8.28;25.33;6;
12608;47.7958;-2.311;RCP2.6;2020;11.5;8;6.68;26.4;7;
12609;47.8;-2.2044;RCP2.6;2006;11.17;4;4.74;18.6;4;
12609;47.8;-2.2044;RCP2.6;2007;11.89;5;6.1;21.93;4;
12609;47.8;-2.2044;RCP2.6;2008;11.44;2;7.86;17.94;2;
12609;47.8;-2.2044;RCP2.6;2009;12.52;2;6.3;18.11;1;
12609;47.8;-2.2044;RCP2.6;2010;11.89;5;7.73;21.95;5;
12609;47.8;-2.2044;RCP2.6;2011;11.97;3;5.98;15.21;3;
12609;47.8;-2.2044;RCP2.6;2012;12.33;3;6.24;19;2;
12609;47.8;-2.2044;RCP2.6;2013;12.25;1;5.94;13.85;1;
12609;47.8;-2.2044;RCP2.6;2014;12.14;5;5.27;23.79;4;
12609;47.8;-2.2044;RCP2.6;2015;12.4;1;4.93;15.85;1;
12609;47.8;-2.2044;RCP2.6;2016;12.5;8;6.91;23.05;6;
12609;47.8;-2.2044;RCP2.6;2017;12.75;4;6.98;20.24;3;
12609;47.8;-2.2044;RCP2.6;2018;11.62;4;8.39;21.13;4;
12609;47.8;-2.2044;RCP2.6;2019;11.27;7;8.3;25.37;6;
12609;47.8;-2.2044;RCP2.6;2020;11.47;8;6.69;26.45;7;
12610;47.8041;-2.0978;RCP2.6;2006;11.29;4;5.5;19.97;4;
12610;47.8041;-2.0978;RCP2.6;2007;12;6;5.91;22.52;4;
12610;47.8041;-2.0978;RCP2.6;2008;11.63;2;7.82;16.91;2;
12610;47.8041;-2.0978;RCP2.6;2009;12.67;4;6.2;19.07;2;
12610;47.8041;-2.0978;RCP2.6;2010;12.04;5;6.45;21.66;4;
12610;47.8041;-2.0978;RCP2.6;2011;12.09;3;5.71;15.03;3;
12610;47.8041;-2.0978;RCP2.6;2012;12.46;3;6.44;19.5;2;
12610;47.8041;-2.0978;RCP2.6;2013;12.42;2;6.1;18.07;1;
12610;47.8041;-2.0978;RCP2.6;2014;12.3;6;5.51;26.39;6;
12610;47.8041;-2.0978;RCP2.6;2015;12.54;1;5.17;14.03;1;
12610;47.8041;-2.0978;RCP2.6;2016;12.66;7;7;23.28;7;
12610;47.8041;-2.0978;RCP2.6;2017;12.9;7;6.92;23.49;5;
12610;47.8041;-2.0978;RCP2.6;2018;11.75;6;8.73;21.78;4;
12610;47.8041;-2.0978;RCP2.6;2019;11.42;6;8.05;25.58;6;
12610;47.8041;-2.0978;RCP2.6;2020;11.6;7;7.54;23.93;7;
12611;47.8081;-1.9912;RCP2.6;2006;11.43;4;5.73;17.83;4;
12611;47.8081;-1.9912;RCP2.6;2007;12.1;4;6.53;20.05;4;
12611;47.8081;-1.9912;RCP2.6;2008;11.71;2;7.78;15.05;2;
12611;47.8081;-1.9912;RCP2.6;2009;12.79;3;6.36;18.74;1;
12611;47.8081;-1.9912;RCP2.6;2010;12.17;4;6.93;20.2;4;
12611;47.8081;-1.9912;RCP2.6;2011;12.22;3;6.64;15.23;3;
12611;47.8081;-1.9912;RCP2.6;2012;12.59;3;6.68;16.17;3;
12611;47.8081;-1.9912;RCP2.6;2013;12.56;0;5.96;15.41;0;
12611;47.8081;-1.9912;RCP2.6;2014;12.35;6;5.52;25.05;6;
12611;47.8081;-1.9912;RCP2.6;2015;12.63;1;6.18;14.76;1;
12611;47.8081;-1.9912;RCP2.6;2016;12.8;5;7.39;21.04;5;
12611;47.8081;-1.9912;RCP2.6;2017;13.02;5;6.86;23.47;5;
12611;47.8081;-1.9912;RCP2.6;2018;11.84;6;7.82;21.4;5;
12611;47.8081;-1.9912;RCP2.6;2019;11.52;6;8.16;23.52;6;
12611;47.8081;-1.9912;RCP2.6;2020;11.71;5;7.4;21.92;5;
12612;47.812;-1.8845;RCP2.6;2006;11.45;4;5.72;17.81;4;
12612;47.812;-1.8845;RCP2.6;2007;12.13;4;6.47;20.02;4;
12612;47.812;-1.8845;RCP2.6;2008;11.73;2;7.77;15.03;2;
12612;47.812;-1.8845;RCP2.6;2009;12.81;3;6.35;18.71;1;
12612;47.812;-1.8845;RCP2.6;2010;12.19;4;6.92;20.17;4;
12612;47.812;-1.8845;RCP2.6;2011;12.24;3;6.63;15.2;3;
12612;47.812;-1.8845;RCP2.6;2012;12.61;3;6.67;16.15;3;
12612;47.812;-1.8845;RCP2.6;2013;12.59;0;5.95;15.38;0;
12612;47.812;-1.8845;RCP2.6;2014;12.37;6;5.6;25.02;6;
12612;47.812;-1.8845;RCP2.6;2015;12.65;1;6.17;14.73;1;
12612;47.812;-1.8845;RCP2.6;2016;12.82;5;7.38;21.01;5;
12612;47.812;-1.8845;RCP2.6;2017;13.04;5;6.85;23.44;5;
12612;47.812;-1.8845;RCP2.6;2018;11.87;5;7.81;21.37;5;
12612;47.812;-1.8845;RCP2.6;2019;11.55;6;8.14;23.49;6;
12612;47.812;-1.8845;RCP2.6;2020;11.73;5;7.39;21.89;5;
12613;47.8158;-1.7779;RCP2.6;2006;11.53;3;5.45;17.17;3;
12613;47.8158;-1.7779;RCP2.6;2007;12.21;3;6.51;19.07;3;
12613;47.8158;-1.7779;RCP2.6;2008;11.84;1;7.52;15.96;1;
12613;47.8158;-1.7779;RCP2.6;2009;12.88;3;6.36;18.26;3;
12613;47.8158;-1.7779;RCP2.6;2010;12.26;4;7.53;20.03;4;
12613;47.8158;-1.7779;RCP2.6;2011;12.33;4;5.84;18.95;4;
12613;47.8158;-1.7779;RCP2.6;2012;12.7;3;6.78;17.22;3;
12613;47.8158;-1.7779;RCP2.6;2013;12.65;0;6.22;13.71;0;
12613;47.8158;-1.7779;RCP2.6;2014;12.45;6;5.77;24.91;6;
12613;47.8158;-1.7779;RCP2.6;2015;12.73;1;6.06;15.56;1;
12613;47.8158;-1.7779;RCP2.6;2016;12.91;4;7.13;18.44;4;
12613;47.8158;-1.7779;RCP2.6;2017;13.12;5;6.74;21.06;5;
12613;47.8158;-1.7779;RCP2.6;2018;11.97;5;8.25;20.69;4;
12613;47.8158;-1.7779;RCP2.6;2019;11.66;5;7.9;23.97;5;
12613;47.8158;-1.7779;RCP2.6;2020;11.84;5;7.92;22.43;5;
12614;47.8195;-1.6712;RCP2.6;2006;11.18;4;5.93;18;2;
12614;47.8195;-1.6712;RCP2.6;2007;11.88;3;7.01;19.69;3;
12614;47.8195;-1.6712;RCP2.6;2008;11.52;2;7.4;17.67;2;
12614;47.8195;-1.6712;RCP2.6;2009;12.57;4;6.4;18.85;3;
12614;47.8195;-1.6712;RCP2.6;2010;11.95;4;7.59;19.57;4;
12614;47.8195;-1.6712;RCP2.6;2011;12.02;4;5.34;19.25;3;
12614;47.8195;-1.6712;RCP2.6;2012;12.38;2;6.75;18.04;2;
12614;47.8195;-1.6712;RCP2.6;2013;12.31;0;5.83;14.05;0;
12614;47.8195;-1.6712;RCP2.6;2014;12.08;4;5.36;20.21;4;
12614;47.8195;-1.6712;RCP2.6;2015;12.34;3;6.21;15.31;2;
12614;47.8195;-1.6712;RCP2.6;2016;12.58;4;7.45;19.6;4;
12614;47.8195;-1.6712;RCP2.6;2017;12.76;5;6.84;25.19;5;
12614;47.8195;-1.6712;RCP2.6;2018;11.64;5;8.21;22.21;5;
12614;47.8195;-1.6712;RCP2.6;2019;11.32;5;7.76;23.33;5;
12614;47.8195;-1.6712;RCP2.6;2020;11.54;5;8.2;25.36;5;
12615;47.8232;-1.5645;RCP2.6;2006;11.23;4;5.9;17.96;2;
12615;47.8232;-1.5645;RCP2.6;2007;11.92;3;6.99;19.63;3;
12615;47.8232;-1.5645;RCP2.6;2008;11.56;2;7.38;17.62;2;
12615;47.8232;-1.5645;RCP2.6;2009;12.62;4;6.38;18.8;3;
12615;47.8232;-1.5645;RCP2.6;2010;11.99;4;7.57;19.53;4;
12615;47.8232;-1.5645;RCP2.6;2011;12.06;4;5.33;19.2;3;
12615;47.8232;-1.5645;RCP2.6;2012;12.43;2;6.73;17.98;2;
12615;47.8232;-1.5645;RCP2.6;2013;12.35;0;5.81;14.01;0;
12615;47.8232;-1.5645;RCP2.6;2014;12.13;4;5.35;20.16;4;
12615;47.8232;-1.5645;RCP2.6;2015;12.38;3;6.19;15.27;2;
12615;47.8232;-1.5645;RCP2.6;2016;12.62;4;7.47;19.54;4;
12615;47.8232;-1.5645;RCP2.6;2017;12.8;5;6.82;25.13;5;
12615;47.8232;-1.5645;RCP2.6;2018;11.69;5;8.19;22.15;5;
12615;47.8232;-1.5645;RCP2.6;2019;11.36;5;7.68;23.26;5;
12615;47.8232;-1.5645;RCP2.6;2020;11.59;5;8.17;25.3;5;
12617;47.8301;-1.351;RCP2.6;2006;11.03;7;5.83;21.51;7;
12617;47.8301;-1.351;RCP2.6;2007;11.69;5;6.56;22.45;5;
12617;47.8301;-1.351;RCP2.6;2008;11.35;1;6.82;17.55;1;
12617;47.8301;-1.351;RCP2.6;2009;12.44;3;6.89;19.69;3;
12617;47.8301;-1.351;RCP2.6;2010;11.78;4;7.2;19.49;4;
12617;47.8301;-1.351;RCP2.6;2011;11.85;3;6.26;19.21;3;
12617;47.8301;-1.351;RCP2.6;2012;12.25;2;6.3;16.22;2;
12617;47.8301;-1.351;RCP2.6;2013;12.17;0;5.51;13.91;0;
12617;47.8301;-1.351;RCP2.6;2014;11.93;3;5.67;18.05;3;
12617;47.8301;-1.351;RCP2.6;2015;12.18;2;6.03;14.39;2;
12617;47.8301;-1.351;RCP2.6;2016;12.46;5;6.97;20.55;5;
12617;47.8301;-1.351;RCP2.6;2017;12.59;6;7.09;25.31;6;
12617;47.8301;-1.351;RCP2.6;2018;11.46;6;7.44;22.1;6;
12617;47.8301;-1.351;RCP2.6;2019;11.22;5;6.97;23.67;5;
12617;47.8301;-1.351;RCP2.6;2020;11.37;5;7.8;22.65;5;
12618;47.8334;-1.2443;RCP2.6;2006;11;6;5.88;22.95;6;
12618;47.8334;-1.2443;RCP2.6;2007;11.67;5;6.62;21.78;6;
12618;47.8334;-1.2443;RCP2.6;2008;11.35;1;7.19;16.7;1;
12618;47.8334;-1.2443;RCP2.6;2009;12.41;5;6.43;20.51;5;
12618;47.8334;-1.2443;RCP2.6;2010;11.78;4;6.61;20.99;4;
12618;47.8334;-1.2443;RCP2.6;2011;11.83;5;6.07;21.14;6;
12618;47.8334;-1.2443;RCP2.6;2012;12.26;2;6.54;16.46;2;
12618;47.8334;-1.2443;RCP2.6;2013;12.14;0;5.28;14.24;0;
12618;47.8334;-1.2443;RCP2.6;2014;11.94;3;5.77;18.56;3;
12618;47.8334;-1.2443;RCP2.6;2015;12.13;2;5.93;14.87;2;
12618;47.8334;-1.2443;RCP2.6;2016;12.5;5;6.5;23.15;5;
12618;47.8334;-1.2443;RCP2.6;2017;12.58;4;7.71;21.16;5;
12618;47.8334;-1.2443;RCP2.6;2018;11.43;5;7.56;21.14;5;
12618;47.8334;-1.2443;RCP2.6;2019;11.19;6;7.02;24.14;6;
12618;47.8334;-1.2443;RCP2.6;2020;11.38;4;7.51;20.19;4;
12737;47.7984;-3.8098;RCP2.6;2006;11.8;8;6.67;22.81;3;
12737;47.7984;-3.8098;RCP2.6;2007;12.4;11;7.9;27.04;9;
12737;47.7984;-3.8098;RCP2.6;2008;12;9;10.26;23.39;4;
12737;47.7984;-3.8098;RCP2.6;2009;12.71;5;9.2;20.16;1;
12737;47.7984;-3.8098;RCP2.6;2010;12.41;11;9.43;26.03;7;
12737;47.7984;-3.8098;RCP2.6;2011;12.46;7;8.2;24.32;5;
12737;47.7984;-3.8098;RCP2.6;2012;12.76;8;9.2;26.17;5;
12737;47.7984;-3.8098;RCP2.6;2013;12.81;6;7.79;22.39;4;
12737;47.7984;-3.8098;RCP2.6;2014;12.67;9;9;24.64;6;
12737;47.7984;-3.8098;RCP2.6;2015;12.75;8;7.32;30.62;7;
12737;47.7984;-3.8098;RCP2.6;2016;13;8;8.64;25.56;5;
12737;47.7984;-3.8098;RCP2.6;2017;13.27;8;7.28;23.25;4;
12737;47.7984;-3.8098;RCP2.6;2018;12.09;11;9.9;28.13;7;
12737;47.7984;-3.8098;RCP2.6;2019;11.88;10;9.98;27.74;6;
12737;47.7984;-3.8098;RCP2.6;2020;12.01;10;8.48;36.32;8;
12738;47.804;-3.7033;RCP2.6;2006;11.73;7;6.85;26.53;5;
12738;47.804;-3.7033;RCP2.6;2007;12.32;12;7.68;28.9;6;
12738;47.804;-3.7033;RCP2.6;2008;11.95;9;9.74;22.11;3;
12738;47.804;-3.7033;RCP2.6;2009;12.63;7;7.91;20.76;3;
12738;47.804;-3.7033;RCP2.6;2010;12.3;10;8.17;27.56;7;
12738;47.804;-3.7033;RCP2.6;2011;12.38;7;8.28;21.92;3;
12738;47.804;-3.7033;RCP2.6;2012;12.66;7;9.15;24.21;4;
12738;47.804;-3.7033;RCP2.6;2013;12.72;6;8.21;22.74;4;
12738;47.804;-3.7033;RCP2.6;2014;12.59;8;8.21;25.78;6;
12738;47.804;-3.7033;RCP2.6;2015;12.67;10;7.07;28.66;7;
12738;47.804;-3.7033;RCP2.6;2016;12.94;6;8.85;23.42;4;
12738;47.804;-3.7033;RCP2.6;2017;13.19;7;7.72;21.47;3;
12738;47.804;-3.7033;RCP2.6;2018;12.06;13;9.61;28.16;6;
12738;47.804;-3.7033;RCP2.6;2019;11.82;10;9.48;27.72;6;
12738;47.804;-3.7033;RCP2.6;2020;11.92;9;7.97;30.26;8;
12739;47.8095;-3.5968;RCP2.6;2006;11.55;7;6.93;26.79;5;
12739;47.8095;-3.5968;RCP2.6;2007;12.14;12;7.76;29.23;6;
12739;47.8095;-3.5968;RCP2.6;2008;11.77;9;9.91;22.36;3;
12739;47.8095;-3.5968;RCP2.6;2009;12.44;7;7.99;20.93;3;
12739;47.8095;-3.5968;RCP2.6;2010;12.12;11;8.27;27.8;7;
12739;47.8095;-3.5968;RCP2.6;2011;12.2;7;8.39;22.17;3;
12739;47.8095;-3.5968;RCP2.6;2012;12.47;7;9.24;24.49;4;
12739;47.8095;-3.5968;RCP2.6;2013;12.53;6;8.29;22.97;4;
12739;47.8095;-3.5968;RCP2.6;2014;12.4;9;8.3;26.07;6;
12739;47.8095;-3.5968;RCP2.6;2015;12.49;10;7.15;28.97;7;
12739;47.8095;-3.5968;RCP2.6;2016;12.75;6;8.95;23.65;4;
12739;47.8095;-3.5968;RCP2.6;2017;13;7;7.8;21.71;3;
12739;47.8095;-3.5968;RCP2.6;2018;11.88;13;9.73;28.47;6;
12739;47.8095;-3.5968;RCP2.6;2019;11.64;10;9.59;28.03;6;
12739;47.8095;-3.5968;RCP2.6;2020;11.73;9;8.07;30.63;7;
12740;47.8149;-3.4903;RCP2.6;2006;11.36;8;6.93;27.6;4;
12740;47.8149;-3.4903;RCP2.6;2007;12.12;12;7.82;35.39;8;
12740;47.8149;-3.4903;RCP2.6;2008;11.61;13;11.14;25.92;4;
12740;47.8149;-3.4903;RCP2.6;2009;12.5;9;8.12;22.08;3;
12740;47.8149;-3.4903;RCP2.6;2010;11.99;12;9.38;32.21;9;
12740;47.8149;-3.4903;RCP2.6;2011;12.1;7;9.06;24.54;2;
12740;47.8149;-3.4903;RCP2.6;2012;12.45;7;9.78;27.61;5;
12740;47.8149;-3.4903;RCP2.6;2013;12.44;6;9.47;21.54;3;
12740;47.8149;-3.4903;RCP2.6;2014;12.34;8;7.85;30.44;6;
12740;47.8149;-3.4903;RCP2.6;2015;12.5;13;7.39;29.84;6;
12740;47.8149;-3.4903;RCP2.6;2016;12.69;7;9.59;28.15;4;
12740;47.8149;-3.4903;RCP2.6;2017;12.93;8;7.75;25.19;3;
12740;47.8149;-3.4903;RCP2.6;2018;11.73;14;9.29;33.37;8;
12740;47.8149;-3.4903;RCP2.6;2019;11.52;11;9.84;32.2;7;
12740;47.8149;-3.4903;RCP2.6;2020;11.64;11;8.84;27.37;5;
12741;47.8201;-3.3838;RCP2.6;2006;11.35;6;7.15;28.14;5;
12741;47.8201;-3.3838;RCP2.6;2007;12.12;11;8.2;32.27;6;
12741;47.8201;-3.3838;RCP2.6;2008;11.56;13;11.5;26.91;5;
12741;47.8201;-3.3838;RCP2.6;2009;12.53;8;7.92;24.62;3;
12741;47.8201;-3.3838;RCP2.6;2010;11.99;13;10.2;31.16;9;
12741;47.8201;-3.3838;RCP2.6;2011;12.11;7;8.8;24.21;3;
12741;47.8201;-3.3838;RCP2.6;2012;12.45;7;9.53;27.44;5;
12741;47.8201;-3.3838;RCP2.6;2013;12.41;6;9.29;20.83;2;
12741;47.8201;-3.3838;RCP2.6;2014;12.31;8;7.44;27.25;6;
12741;47.8201;-3.3838;RCP2.6;2015;12.5;10;6.94;27.34;5;
12741;47.8201;-3.3838;RCP2.6;2016;12.64;9;9.7;29.43;7;
12741;47.8201;-3.3838;RCP2.6;2017;12.88;9;7.38;27.43;5;
12741;47.8201;-3.3838;RCP2.6;2018;11.69;12;9.2;29.98;6;
12741;47.8201;-3.3838;RCP2.6;2019;11.47;11;9.69;31.89;7;
12741;47.8201;-3.3838;RCP2.6;2020;11.67;11;8.04;27.35;6;
12742;47.8253;-3.2772;RCP2.6;2006;11.26;6;7.19;28.21;5;
12742;47.8253;-3.2772;RCP2.6;2007;12.03;11;8.1;32.44;6;
12742;47.8253;-3.2772;RCP2.6;2008;11.47;13;11.56;27.06;5;
12742;47.8253;-3.2772;RCP2.6;2009;12.44;8;7.96;24.76;3;
12742;47.8253;-3.2772;RCP2.6;2010;11.9;13;10.35;31.47;9;
12742;47.8253;-3.2772;RCP2.6;2011;12.02;8;8.87;24.34;3;
12742;47.8253;-3.2772;RCP2.6;2012;12.36;7;9.59;27.59;5;
12742;47.8253;-3.2772;RCP2.6;2013;12.32;6;9.35;20.94;2;
12742;47.8253;-3.2772;RCP2.6;2014;12.21;8;7.48;27.41;6;
12742;47.8253;-3.2772;RCP2.6;2015;12.41;10;6.98;27.5;5;
12742;47.8253;-3.2772;RCP2.6;2016;12.55;9;9.75;29.61;7;
12742;47.8253;-3.2772;RCP2.6;2017;12.79;9;7.43;27.54;5;
12742;47.8253;-3.2772;RCP2.6;2018;11.6;12;9.26;30.15;6;
12742;47.8253;-3.2772;RCP2.6;2019;11.38;11;9.67;32.07;7;
12742;47.8253;-3.2772;RCP2.6;2020;11.58;11;8.13;27.46;6;
12743;47.8304;-3.1706;RCP2.6;2006;11.14;6;6.27;26.74;5;
12743;47.8304;-3.1706;RCP2.6;2007;11.94;9;8.06;31.86;7;
12743;47.8304;-3.1706;RCP2.6;2008;11.38;12;11.4;24.84;4;
12743;47.8304;-3.1706;RCP2.6;2009;12.36;6;8.62;24.7;2;
12743;47.8304;-3.1706;RCP2.6;2010;11.8;12;10.37;32.84;7;
12743;47.8304;-3.1706;RCP2.6;2011;11.87;8;9.11;23.19;2;
12743;47.8304;-3.1706;RCP2.6;2012;12.27;6;9.55;20.67;3;
12743;47.8304;-3.1706;RCP2.6;2013;12.26;5;9.55;21.61;1;
12743;47.8304;-3.1706;RCP2.6;2014;12.14;8;7.57;30.19;5;
12743;47.8304;-3.1706;RCP2.6;2015;12.34;9;7.29;22.86;2;
12743;47.8304;-3.1706;RCP2.6;2016;12.46;11;9.34;31.39;8;
12743;47.8304;-3.1706;RCP2.6;2017;12.69;9;9.08;26.7;4;
12743;47.8304;-3.1706;RCP2.6;2018;11.59;13;10.1;31.63;5;
12743;47.8304;-3.1706;RCP2.6;2019;11.3;10;10.03;33.03;7;
12743;47.8304;-3.1706;RCP2.6;2020;11.4;10;7.42;31.29;6;
12744;47.8354;-3.064;RCP2.6;2006;11.01;6;6.32;26.96;5;
12744;47.8354;-3.064;RCP2.6;2007;11.8;11;8.14;32.13;7;
12744;47.8354;-3.064;RCP2.6;2008;11.22;12;11.49;25.08;4;
12744;47.8354;-3.064;RCP2.6;2009;12.21;6;8.69;24.92;2;
12744;47.8354;-3.064;RCP2.6;2010;11.66;12;10.37;33.05;7;
12744;47.8354;-3.064;RCP2.6;2011;11.72;8;9.19;23.41;2;
12744;47.8354;-3.064;RCP2.6;2012;12.12;7;9.65;20.85;3;
12744;47.8354;-3.064;RCP2.6;2013;12.12;5;9.62;21.81;1;
12744;47.8354;-3.064;RCP2.6;2014;11.99;8;7.63;30.45;5;
12744;47.8354;-3.064;RCP2.6;2015;12.19;9;7.35;23.06;2;
12744;47.8354;-3.064;RCP2.6;2016;12.32;11;9.42;31.64;8;
12744;47.8354;-3.064;RCP2.6;2017;12.54;9;9.16;26.95;4;
12744;47.8354;-3.064;RCP2.6;2018;11.45;14;10.24;31.84;5;
12744;47.8354;-3.064;RCP2.6;2019;11.15;10;10.16;33.32;7;
12744;47.8354;-3.064;RCP2.6;2020;11.25;10;7.49;31.48;6;
12745;47.8403;-2.9574;RCP2.6;2006;11.05;6;5.89;24.46;3;
12745;47.8403;-2.9574;RCP2.6;2007;11.8;9;7.7;32.94;6;
12745;47.8403;-2.9574;RCP2.6;2008;11.19;11;10.68;25.08;4;
12745;47.8403;-2.9574;RCP2.6;2009;12.21;7;8.09;28.11;4;
12745;47.8403;-2.9574;RCP2.6;2010;11.67;15;9.8;32.64;7;
12745;47.8403;-2.9574;RCP2.6;2011;11.76;9;7.69;22.06;2;
12745;47.8403;-2.9574;RCP2.6;2012;12.15;6;8.92;23.85;4;
12745;47.8403;-2.9574;RCP2.6;2013;12.08;5;8.72;22.2;2;
12745;47.8403;-2.9574;RCP2.6;2014;11.97;7;6.54;31.97;6;
12745;47.8403;-2.9574;RCP2.6;2015;12.18;10;6.5;22.77;2;
12745;47.8403;-2.9574;RCP2.6;2016;12.35;11;9.26;31.5;9;
12745;47.8403;-2.9574;RCP2.6;2017;12.56;10;7.58;27.47;4;
12745;47.8403;-2.9574;RCP2.6;2018;11.44;11;9.74;31.03;6;
12745;47.8403;-2.9574;RCP2.6;2019;11.11;8;9.76;35.81;7;
12745;47.8403;-2.9574;RCP2.6;2020;11.28;12;6.46;36.55;6;
12746;47.8451;-2.8508;RCP2.6;2006;10.92;5;5.44;21.02;3;
12746;47.8451;-2.8508;RCP2.6;2007;11.62;10;7.41;27.39;5;
12746;47.8451;-2.8508;RCP2.6;2008;11.09;12;10.84;26.77;3;
12746;47.8451;-2.8508;RCP2.6;2009;12.13;7;8.29;25.16;3;
12746;47.8451;-2.8508;RCP2.6;2010;11.57;14;10.25;31.32;7;
12746;47.8451;-2.8508;RCP2.6;2011;11.65;6;7.73;22.06;0;
12746;47.8451;-2.8508;RCP2.6;2012;12.03;6;7.74;27.62;5;
12746;47.8451;-2.8508;RCP2.6;2013;11.95;4;8.67;19.74;1;
12746;47.8451;-2.8508;RCP2.6;2014;11.81;6;6.64;30.64;5;
12746;47.8451;-2.8508;RCP2.6;2015;12.03;12;6.45;24.16;2;
12746;47.8451;-2.8508;RCP2.6;2016;12.24;14;9.42;31.24;7;
12746;47.8451;-2.8508;RCP2.6;2017;12.43;9;7.38;25.8;4;
12746;47.8451;-2.8508;RCP2.6;2018;11.28;8;9.91;27.26;4;
12746;47.8451;-2.8508;RCP2.6;2019;10.97;9;9.52;34.26;7;
12746;47.8451;-2.8508;RCP2.6;2020;11.14;11;8.44;34.75;6;
12747;47.8498;-2.7441;RCP2.6;2006;11.01;5;5.41;20.89;3;
12747;47.8498;-2.7441;RCP2.6;2007;11.72;10;7.37;27.22;5;
12747;47.8498;-2.7441;RCP2.6;2008;11.19;11;10.73;26.6;3;
12747;47.8498;-2.7441;RCP2.6;2009;12.23;7;8.24;25;3;
12747;47.8498;-2.7441;RCP2.6;2010;11.66;13;10.18;31.18;7;
12747;47.8498;-2.7441;RCP2.6;2011;11.75;6;7.65;21.93;0;
12747;47.8498;-2.7441;RCP2.6;2012;12.13;6;7.51;27.45;5;
12747;47.8498;-2.7441;RCP2.6;2013;12.04;4;8.61;19.59;1;
12747;47.8498;-2.7441;RCP2.6;2014;11.91;6;6.6;30.46;5;
12747;47.8498;-2.7441;RCP2.6;2015;12.13;12;6.41;24.01;2;
12747;47.8498;-2.7441;RCP2.6;2016;12.34;14;9.36;31.07;7;
12747;47.8498;-2.7441;RCP2.6;2017;12.53;9;7.33;25.64;3;
12747;47.8498;-2.7441;RCP2.6;2018;11.38;8;9.85;27.13;4;
12747;47.8498;-2.7441;RCP2.6;2019;11.07;9;9.46;34.07;7;
12747;47.8498;-2.7441;RCP2.6;2020;11.24;11;8.39;34.6;6;
12748;47.8544;-2.6375;RCP2.6;2006;10.8;6;5.68;23.38;3;
12748;47.8544;-2.6375;RCP2.6;2007;11.47;8;7.85;25.73;3;
12748;47.8544;-2.6375;RCP2.6;2008;10.96;12;10.4;25.41;3;
12748;47.8544;-2.6375;RCP2.6;2009;12.04;6;7.05;23.46;3;
12748;47.8544;-2.6375;RCP2.6;2010;11.48;13;9.06;27.75;6;
12748;47.8544;-2.6375;RCP2.6;2011;11.57;6;8.09;21.46;1;
12748;47.8544;-2.6375;RCP2.6;2012;11.89;6;7.76;22.73;3;
12748;47.8544;-2.6375;RCP2.6;2013;11.82;4;7.37;19.88;1;
12748;47.8544;-2.6375;RCP2.6;2014;11.7;6;6.73;27.93;5;
12748;47.8544;-2.6375;RCP2.6;2015;11.89;9;6.45;22.46;1;
12748;47.8544;-2.6375;RCP2.6;2016;12.12;14;8.87;31.37;6;
12748;47.8544;-2.6375;RCP2.6;2017;12.34;9;7.55;24.2;3;
12748;47.8544;-2.6375;RCP2.6;2018;11.18;10;10.23;26.14;4;
12748;47.8544;-2.6375;RCP2.6;2019;10.85;12;9.61;33.83;7;
12748;47.8544;-2.6375;RCP2.6;2020;11.07;9;9.17;26.77;4;
12749;47.8589;-2.5308;RCP2.6;2006;10.85;4;6.79;19.17;3;
12749;47.8589;-2.5308;RCP2.6;2007;11.54;9;7.77;25.65;2;
12749;47.8589;-2.5308;RCP2.6;2008;11.06;11;10.13;25.77;4;
12749;47.8589;-2.5308;RCP2.6;2009;12.14;6;7.12;23.32;1;
12749;47.8589;-2.5308;RCP2.6;2010;11.53;10;9.55;27.82;4;
12749;47.8589;-2.5308;RCP2.6;2011;11.6;7;8.09;21.32;2;
12749;47.8589;-2.5308;RCP2.6;2012;11.93;7;8.22;22.19;1;
12749;47.8589;-2.5308;RCP2.6;2013;11.86;2;7.6;18.59;2;
12749;47.8589;-2.5308;RCP2.6;2014;11.71;6;7.06;29.33;4;
12749;47.8589;-2.5308;RCP2.6;2015;11.96;7;6.26;21.34;2;
12749;47.8589;-2.5308;RCP2.6;2016;12.12;15;8.81;32.11;7;
12749;47.8589;-2.5308;RCP2.6;2017;12.36;8;8.26;22.85;2;
12749;47.8589;-2.5308;RCP2.6;2018;11.23;7;10.73;27.62;4;
12749;47.8589;-2.5308;RCP2.6;2019;10.91;12;10;33.39;7;
12749;47.8589;-2.5308;RCP2.6;2020;11.13;7;8.77;29.17;5;
12750;47.8633;-2.4241;RCP2.6;2006;11.28;3;5.76;18.1;3;
12750;47.8633;-2.4241;RCP2.6;2007;11.95;6;6.92;23.14;3;
12750;47.8633;-2.4241;RCP2.6;2008;11.52;7;9.04;21.6;2;
12750;47.8633;-2.4241;RCP2.6;2009;12.6;4;6.43;19.73;1;
12750;47.8633;-2.4241;RCP2.6;2010;11.98;10;7.89;23.13;3;
12750;47.8633;-2.4241;RCP2.6;2011;12.03;3;6.89;18.45;1;
12750;47.8633;-2.4241;RCP2.6;2012;12.39;4;7.17;20.18;2;
12750;47.8633;-2.4241;RCP2.6;2013;12.31;2;6.22;15.19;1;
12750;47.8633;-2.4241;RCP2.6;2014;12.21;5;6.21;26.6;4;
12750;47.8633;-2.4241;RCP2.6;2015;12.46;5;5.24;20.36;2;
12750;47.8633;-2.4241;RCP2.6;2016;12.59;9;7.84;29.72;7;
12750;47.8633;-2.4241;RCP2.6;2017;12.83;5;7.05;20.15;1;
12750;47.8633;-2.4241;RCP2.6;2018;11.69;6;9.33;22.33;3;
12750;47.8633;-2.4241;RCP2.6;2019;11.36;10;8.53;27.93;6;
12750;47.8633;-2.4241;RCP2.6;2020;11.59;6;7.48;25.45;5;
12751;47.8676;-2.3173;RCP2.6;2006;10.98;3;5.02;16.77;3;
12751;47.8676;-2.3173;RCP2.6;2007;11.65;9;6.54;22.96;5;
12751;47.8676;-2.3173;RCP2.6;2008;11.26;3;8.25;16.84;2;
12751;47.8676;-2.3173;RCP2.6;2009;12.33;4;6.02;19.06;3;
12751;47.8676;-2.3173;RCP2.6;2010;11.7;5;8.33;21.06;4;
12751;47.8676;-2.3173;RCP2.6;2011;11.76;3;6.46;16.94;3;
12751;47.8676;-2.3173;RCP2.6;2012;12.1;4;6.03;20.16;4;
12751;47.8676;-2.3173;RCP2.6;2013;12.05;1;5.87;15.21;1;
12751;47.8676;-2.3173;RCP2.6;2014;11.89;4;5.87;22.76;4;
12751;47.8676;-2.3173;RCP2.6;2015;12.17;2;4.82;16.41;2;
12751;47.8676;-2.3173;RCP2.6;2016;12.3;9;7.09;29.46;7;
12751;47.8676;-2.3173;RCP2.6;2017;12.54;3;6.61;18.85;2;
12751;47.8676;-2.3173;RCP2.6;2018;11.39;4;8.14;19.38;3;
12751;47.8676;-2.3173;RCP2.6;2019;11.07;8;8.38;25.39;7;
12751;47.8676;-2.3173;RCP2.6;2020;11.29;6;7.46;25.11;6;
12752;47.8718;-2.2106;RCP2.6;2006;10.96;3;5.03;16.79;3;
12752;47.8718;-2.2106;RCP2.6;2007;11.63;9;6.55;22.99;5;
12752;47.8718;-2.2106;RCP2.6;2008;11.23;3;8.26;16.86;2;
12752;47.8718;-2.2106;RCP2.6;2009;12.31;4;6.03;19.08;3;
12752;47.8718;-2.2106;RCP2.6;2010;11.68;5;8.34;21.09;4;
12752;47.8718;-2.2106;RCP2.6;2011;11.73;3;6.47;16.97;3;
12752;47.8718;-2.2106;RCP2.6;2012;12.08;4;6.04;20.19;4;
12752;47.8718;-2.2106;RCP2.6;2013;12.02;2;5.88;15.23;1;
12752;47.8718;-2.2106;RCP2.6;2014;11.87;4;5.88;22.81;4;
12752;47.8718;-2.2106;RCP2.6;2015;12.15;2;4.82;16.43;2;
12752;47.8718;-2.2106;RCP2.6;2016;12.27;9;7.1;29.5;7;
12752;47.8718;-2.2106;RCP2.6;2017;12.52;3;6.62;18.87;2;
12752;47.8718;-2.2106;RCP2.6;2018;11.37;4;8.15;19.4;3;
12752;47.8718;-2.2106;RCP2.6;2019;11.05;8;8.39;25.42;7;
12752;47.8718;-2.2106;RCP2.6;2020;11.27;6;7.47;25.14;6;
12753;47.8759;-2.1038;RCP2.6;2006;11.13;4;5.5;18.83;4;
12753;47.8759;-2.1038;RCP2.6;2007;11.83;9;6.48;23.22;7;
12753;47.8759;-2.1038;RCP2.6;2008;11.46;2;7.96;16.42;2;
12753;47.8759;-2.1038;RCP2.6;2009;12.5;3;5.96;18.6;3;
12753;47.8759;-2.1038;RCP2.6;2010;11.88;5;7.57;20.87;4;
12753;47.8759;-2.1038;RCP2.6;2011;11.95;3;6.47;17.56;3;
12753;47.8759;-2.1038;RCP2.6;2012;12.31;3;6.18;19.03;3;
12753;47.8759;-2.1038;RCP2.6;2013;12.26;2;6.05;16.7;1;
12753;47.8759;-2.1038;RCP2.6;2014;12.09;5;5.82;24.83;5;
12753;47.8759;-2.1038;RCP2.6;2015;12.33;3;4.88;15.76;2;
12753;47.8759;-2.1038;RCP2.6;2016;12.49;8;7.04;25.42;7;
12753;47.8759;-2.1038;RCP2.6;2017;12.73;4;7.2;19.99;4;
12753;47.8759;-2.1038;RCP2.6;2018;11.54;4;8.11;20.08;3;
12753;47.8759;-2.1038;RCP2.6;2019;11.27;8;8.02;25.03;7;
12753;47.8759;-2.1038;RCP2.6;2020;11.47;8;8.59;23.11;5;
12754;47.8799;-1.9971;RCP2.6;2006;11.42;4;5.64;19.11;4;
12754;47.8799;-1.9971;RCP2.6;2007;12.05;4;6.69;19.21;3;
12754;47.8799;-1.9971;RCP2.6;2008;11.71;2;7.78;15.45;2;
12754;47.8799;-1.9971;RCP2.6;2009;12.75;2;6.41;16.48;2;
12754;47.8799;-1.9971;RCP2.6;2010;12.13;3;7.31;19.46;3;
12754;47.8799;-1.9971;RCP2.6;2011;12.22;3;6.22;16.1;3;
12754;47.8799;-1.9971;RCP2.6;2012;12.55;3;6.52;16.26;3;
12754;47.8799;-1.9971;RCP2.6;2013;12.54;1;5.88;15.7;1;
12754;47.8799;-1.9971;RCP2.6;2014;12.28;6;6.04;24.53;5;
12754;47.8799;-1.9971;RCP2.6;2015;12.59;2;5.44;15.93;2;
12754;47.8799;-1.9971;RCP2.6;2016;12.76;7;7;21.99;6;
12754;47.8799;-1.9971;RCP2.6;2017;13;4;6.68;20.08;4;
12754;47.8799;-1.9971;RCP2.6;2018;11.82;5;8.13;21.37;5;
12754;47.8799;-1.9971;RCP2.6;2019;11.51;7;8.36;22.51;7;
12754;47.8799;-1.9971;RCP2.6;2020;11.71;6;7.75;21.56;6;
12755;47.8838;-1.8903;RCP2.6;2006;11.33;4;5.67;19.22;4;
12755;47.8838;-1.8903;RCP2.6;2007;11.96;4;6.73;19.33;3;
12755;47.8838;-1.8903;RCP2.6;2008;11.62;2;7.83;15.31;2;
12755;47.8838;-1.8903;RCP2.6;2009;12.65;2;6.41;16.48;2;
12755;47.8838;-1.8903;RCP2.6;2010;12.03;3;7.35;19.55;3;
12755;47.8838;-1.8903;RCP2.6;2011;12.13;3;6.26;16.03;3;
12755;47.8838;-1.8903;RCP2.6;2012;12.46;3;6.51;16.24;3;
12755;47.8838;-1.8903;RCP2.6;2013;12.44;1;5.91;15.81;1;
12755;47.8838;-1.8903;RCP2.6;2014;12.18;6;6.07;24.68;5;
12755;47.8838;-1.8903;RCP2.6;2015;12.49;2;5.46;16.03;2;
12755;47.8838;-1.8903;RCP2.6;2016;12.66;7;7.04;22.17;6;
12755;47.8838;-1.8903;RCP2.6;2017;12.9;4;6.74;20.17;4;
12755;47.8838;-1.8903;RCP2.6;2018;11.72;5;8.18;21.5;5;
12755;47.8838;-1.8903;RCP2.6;2019;11.42;8;8.36;22.64;7;
12755;47.8838;-1.8903;RCP2.6;2020;11.62;6;7.8;21.7;6;
12756;47.8877;-1.7835;RCP2.6;2006;11.29;3;5.72;16.91;3;
12756;47.8877;-1.7835;RCP2.6;2007;11.96;5;6.69;20.33;2;
12756;47.8877;-1.7835;RCP2.6;2008;11.63;2;7.8;15.53;2;
12756;47.8877;-1.7835;RCP2.6;2009;12.65;3;6.52;18.83;3;
12756;47.8877;-1.7835;RCP2.6;2010;12.03;4;6.83;19.83;3;
12756;47.8877;-1.7835;RCP2.6;2011;12.1;5;6.23;27.42;5;
12756;47.8877;-1.7835;RCP2.6;2012;12.44;3;6.62;15.81;3;
12756;47.8877;-1.7835;RCP2.6;2013;12.44;0;6.23;15.25;0;
12756;47.8877;-1.7835;RCP2.6;2014;12.17;6;6.2;25.49;6;
12756;47.8877;-1.7835;RCP2.6;2015;12.46;4;5.85;15.88;3;
12756;47.8877;-1.7835;RCP2.6;2016;12.66;6;7.8;24.31;6;
12756;47.8877;-1.7835;RCP2.6;2017;12.89;4;7.55;20.01;3;
12756;47.8877;-1.7835;RCP2.6;2018;11.72;6;8.09;21.85;5;
12756;47.8877;-1.7835;RCP2.6;2019;11.43;7;8.1;22.24;6;
12756;47.8877;-1.7835;RCP2.6;2020;11.62;6;8.07;30.5;6;
12757;47.8914;-1.6766;RCP2.6;2006;11.32;3;5.73;15.89;3;
12757;47.8914;-1.6766;RCP2.6;2007;11.98;3;6.43;19.19;3;
12757;47.8914;-1.6766;RCP2.6;2008;11.68;2;7.6;16.99;2;
12757;47.8914;-1.6766;RCP2.6;2009;12.7;3;5.85;19.68;3;
12757;47.8914;-1.6766;RCP2.6;2010;12.09;2;6.92;19.33;2;
12757;47.8914;-1.6766;RCP2.6;2011;12.15;5;5.68;23.87;5;
12757;47.8914;-1.6766;RCP2.6;2012;12.49;3;7.12;15.99;3;
12757;47.8914;-1.6766;RCP2.6;2013;12.5;0;6.21;14.48;0;
12757;47.8914;-1.6766;RCP2.6;2014;12.22;5;6.35;22.62;5;
12757;47.8914;-1.6766;RCP2.6;2015;12.48;3;5.47;15.19;3;
12757;47.8914;-1.6766;RCP2.6;2016;12.69;7;7.31;20.88;6;
12757;47.8914;-1.6766;RCP2.6;2017;12.91;4;7.3;19.59;4;
12757;47.8914;-1.6766;RCP2.6;2018;11.76;6;7.71;21.51;5;
12757;47.8914;-1.6766;RCP2.6;2019;11.48;5;7.42;22.06;5;
12757;47.8914;-1.6766;RCP2.6;2020;11.7;6;8.23;32.2;6;
12758;47.895;-1.5698;RCP2.6;2006;11.12;4;5.88;18.08;2;
12758;47.895;-1.5698;RCP2.6;2007;11.82;3;7.03;19.76;3;
12758;47.895;-1.5698;RCP2.6;2008;11.46;2;7.43;17.73;2;
12758;47.895;-1.5698;RCP2.6;2009;12.51;4;6.43;18.92;3;
12758;47.895;-1.5698;RCP2.6;2010;11.89;4;7.62;19.64;4;
12758;47.895;-1.5698;RCP2.6;2011;11.96;4;5.36;19.32;3;
12758;47.895;-1.5698;RCP2.6;2012;12.33;2;6.78;18.1;2;
12758;47.895;-1.5698;RCP2.6;2013;12.25;0;5.85;14.1;0;
12758;47.895;-1.5698;RCP2.6;2014;12.02;4;5.38;20.29;4;
12758;47.895;-1.5698;RCP2.6;2015;12.27;3;6.23;15.37;2;
12758;47.895;-1.5698;RCP2.6;2016;12.51;4;7.39;19.67;4;
12758;47.895;-1.5698;RCP2.6;2017;12.7;6;6.86;25.28;5;
12758;47.895;-1.5698;RCP2.6;2018;11.58;5;8.24;22.29;5;
12758;47.895;-1.5698;RCP2.6;2019;11.26;5;7.79;23.44;5;
12758;47.895;-1.5698;RCP2.6;2020;11.48;5;8.23;25.46;5;
12759;47.8985;-1.4629;RCP2.6;2006;11.19;5;5.84;21.3;4;
12759;47.8985;-1.4629;RCP2.6;2007;11.84;5;6.7;23.85;5;
12759;47.8985;-1.4629;RCP2.6;2008;11.51;4;7.47;19.38;3;
12759;47.8985;-1.4629;RCP2.6;2009;12.58;4;6.77;19.42;4;
12759;47.8985;-1.4629;RCP2.6;2010;11.95;4;7.14;20.41;4;
12759;47.8985;-1.4629;RCP2.6;2011;12.01;5;5.99;20.8;4;
12759;47.8985;-1.4629;RCP2.6;2012;12.37;3;6.89;17.12;3;
12759;47.8985;-1.4629;RCP2.6;2013;12.3;0;5.41;13.81;0;
12759;47.8985;-1.4629;RCP2.6;2014;12.05;3;5.68;16.74;3;
12759;47.8985;-1.4629;RCP2.6;2015;12.31;2;6.12;15.28;2;
12759;47.8985;-1.4629;RCP2.6;2016;12.57;4;7.39;20.38;4;
12759;47.8985;-1.4629;RCP2.6;2017;12.73;6;7.15;25.07;5;
12759;47.8985;-1.4629;RCP2.6;2018;11.6;6;7.49;23.6;6;
12759;47.8985;-1.4629;RCP2.6;2019;11.36;5;7.28;24.5;5;
12759;47.8985;-1.4629;RCP2.6;2020;11.53;5;8.15;26.28;5;
12760;47.902;-1.3561;RCP2.6;2006;11.07;6;5.86;22.87;6;
12760;47.902;-1.3561;RCP2.6;2007;11.74;5;6.58;21.69;6;
12760;47.902;-1.3561;RCP2.6;2008;11.42;1;7.16;16.63;1;
12760;47.902;-1.3561;RCP2.6;2009;12.48;5;6.41;20.42;5;
12760;47.902;-1.3561;RCP2.6;2010;11.85;4;6.59;20.91;4;
12760;47.902;-1.3561;RCP2.6;2011;11.9;5;6.09;21.05;6;
12760;47.902;-1.3561;RCP2.6;2012;12.33;2;6.54;16.4;2;
12760;47.902;-1.3561;RCP2.6;2013;12.21;0;5.26;14.18;0;
12760;47.902;-1.3561;RCP2.6;2014;12.01;3;5.74;18.48;3;
12760;47.902;-1.3561;RCP2.6;2015;12.2;2;5.91;14.8;2;
12760;47.902;-1.3561;RCP2.6;2016;12.57;5;6.47;23.05;5;
12760;47.902;-1.3561;RCP2.6;2017;12.65;4;7.68;21.08;5;
12760;47.902;-1.3561;RCP2.6;2018;11.5;5;7.52;21.05;6;
12760;47.902;-1.3561;RCP2.6;2019;11.26;6;6.99;24.03;6;
12760;47.902;-1.3561;RCP2.6;2020;11.45;4;7.48;20.11;4;
12761;47.9053;-1.2492;RCP2.6;2006;11.01;6;5.88;22.95;6;
12761;47.9053;-1.2492;RCP2.6;2007;11.67;5;6.62;21.77;6;
12761;47.9053;-1.2492;RCP2.6;2008;11.36;1;7.19;16.7;1;
12761;47.9053;-1.2492;RCP2.6;2009;12.42;5;6.43;20.5;5;
12761;47.9053;-1.2492;RCP2.6;2010;11.79;4;6.61;20.98;4;
12761;47.9053;-1.2492;RCP2.6;2011;11.84;5;6.07;21.13;6;
12761;47.9053;-1.2492;RCP2.6;2012;12.26;2;6.54;16.46;2;
12761;47.9053;-1.2492;RCP2.6;2013;12.15;0;5.27;14.23;0;
12761;47.9053;-1.2492;RCP2.6;2014;11.95;3;5.76;18.55;3;
12761;47.9053;-1.2492;RCP2.6;2015;12.14;2;5.93;14.86;2;
12761;47.9053;-1.2492;RCP2.6;2016;12.51;5;6.5;23.14;5;
12761;47.9053;-1.2492;RCP2.6;2017;12.59;4;7.71;21.16;5;
12761;47.9053;-1.2492;RCP2.6;2018;11.44;5;7.56;21.13;5;
12761;47.9053;-1.2492;RCP2.6;2019;11.19;6;7.01;24.12;6;
12761;47.9053;-1.2492;RCP2.6;2020;11.39;4;7.51;20.18;4;
12876;47.8469;-4.2443;RCP2.6;2006;11.83;9;6.74;25.89;5;
12876;47.8469;-4.2443;RCP2.6;2007;12.39;11;7.25;24.02;5;
12876;47.8469;-4.2443;RCP2.6;2008;11.97;8;10.57;22.68;2;
12876;47.8469;-4.2443;RCP2.6;2009;12.69;3;9.12;18.12;1;
12876;47.8469;-4.2443;RCP2.6;2010;12.36;7;10.23;21.62;3;
12876;47.8469;-4.2443;RCP2.6;2011;12.45;8;7.93;22.02;3;
12876;47.8469;-4.2443;RCP2.6;2012;12.73;4;9.2;21.99;4;
12876;47.8469;-4.2443;RCP2.6;2013;12.83;4;7.53;19.58;1;
12876;47.8469;-4.2443;RCP2.6;2014;12.72;11;8.55;25.84;6;
12876;47.8469;-4.2443;RCP2.6;2015;12.76;6;6.59;26.14;5;
12876;47.8469;-4.2443;RCP2.6;2016;13;12;10.05;28.22;6;
12876;47.8469;-4.2443;RCP2.6;2017;13.27;8;8.67;23.54;3;
12876;47.8469;-4.2443;RCP2.6;2018;12.04;7;10.41;24.93;5;
12876;47.8469;-4.2443;RCP2.6;2019;11.86;9;10.07;26.02;6;
12876;47.8469;-4.2443;RCP2.6;2020;12.01;9;8.11;35.61;8;
12878;47.8587;-4.0313;RCP2.6;2006;11.84;8;6.66;22.76;3;
12878;47.8587;-4.0313;RCP2.6;2007;12.44;11;7.89;26.98;9;
12878;47.8587;-4.0313;RCP2.6;2008;12.04;9;10.24;23.33;4;
12878;47.8587;-4.0313;RCP2.6;2009;12.75;5;9.17;20.11;1;
12878;47.8587;-4.0313;RCP2.6;2010;12.45;11;9.41;25.97;7;
12878;47.8587;-4.0313;RCP2.6;2011;12.5;7;8.18;24.26;5;
12878;47.8587;-4.0313;RCP2.6;2012;12.8;8;9.18;26.1;5;
12878;47.8587;-4.0313;RCP2.6;2013;12.85;6;7.77;22.3;4;
12878;47.8587;-4.0313;RCP2.6;2014;12.71;9;8.98;24.58;6;
12878;47.8587;-4.0313;RCP2.6;2015;12.79;8;7.3;30.54;7;
12878;47.8587;-4.0313;RCP2.6;2016;13.04;8;8.62;25.5;5;
12878;47.8587;-4.0313;RCP2.6;2017;13.31;7;7.27;23.2;4;
12878;47.8587;-4.0313;RCP2.6;2018;12.13;11;9.87;28.07;7;
12878;47.8587;-4.0313;RCP2.6;2019;11.92;10;9.95;27.67;6;
12878;47.8587;-4.0313;RCP2.6;2020;12.05;10;8.46;36.24;8;
12880;47.8702;-3.8181;RCP2.6;2006;11.46;8;6.81;23.27;3;
12880;47.8702;-3.8181;RCP2.6;2007;12.07;12;8.08;27.6;10;
12880;47.8702;-3.8181;RCP2.6;2008;11.65;9;10.48;23.78;4;
12880;47.8702;-3.8181;RCP2.6;2009;12.36;6;9.42;20.59;1;
12880;47.8702;-3.8181;RCP2.6;2010;12.07;12;9.63;26.52;7;
12880;47.8702;-3.8181;RCP2.6;2011;12.11;7;8.37;24.74;4;
12880;47.8702;-3.8181;RCP2.6;2012;12.41;9;9.41;26.75;5;
12880;47.8702;-3.8181;RCP2.6;2013;12.46;6;8.06;22.68;4;
12880;47.8702;-3.8181;RCP2.6;2014;12.31;9;9.17;25.14;6;
12880;47.8702;-3.8181;RCP2.6;2015;12.4;8;7.47;31.3;7;
12880;47.8702;-3.8181;RCP2.6;2016;12.65;9;8.88;26.03;5;
12880;47.8702;-3.8181;RCP2.6;2017;12.91;8;7.43;23.55;4;
12880;47.8702;-3.8181;RCP2.6;2018;11.75;11;10.09;28.73;7;
12880;47.8702;-3.8181;RCP2.6;2019;11.54;10;10.19;28.33;7;
12880;47.8702;-3.8181;RCP2.6;2020;11.66;10;8.66;36.85;8;
12881;47.8757;-3.7115;RCP2.6;2006;11.41;6;6.85;23.54;3;
12881;47.8757;-3.7115;RCP2.6;2007;12.01;11;8.27;26.9;7;
12881;47.8757;-3.7115;RCP2.6;2008;11.56;10;10.82;24.69;5;
12881;47.8757;-3.7115;RCP2.6;2009;12.32;6;9.36;23.25;4;
12881;47.8757;-3.7115;RCP2.6;2010;12.02;13;10.44;28.06;9;
12881;47.8757;-3.7115;RCP2.6;2011;12.08;8;8.2;23.74;3;
12881;47.8757;-3.7115;RCP2.6;2012;12.35;9;9.21;28.55;5;
12881;47.8757;-3.7115;RCP2.6;2013;12.35;7;8.33;23.17;3;
12881;47.8757;-3.7115;RCP2.6;2014;12.23;10;8.66;24.86;5;
12881;47.8757;-3.7115;RCP2.6;2015;12.35;9;7.07;31.41;7;
12881;47.8757;-3.7115;RCP2.6;2016;12.56;7;8.07;26;5;
12881;47.8757;-3.7115;RCP2.6;2017;12.82;8;7.56;25.22;4;
12881;47.8757;-3.7115;RCP2.6;2018;11.66;11;9.48;28.31;7;
12881;47.8757;-3.7115;RCP2.6;2019;11.48;11;9.64;28.25;6;
12881;47.8757;-3.7115;RCP2.6;2020;11.62;12;8.36;32.21;9;
12882;47.8812;-3.6049;RCP2.6;2006;11.39;7;7;27.03;5;
12882;47.8812;-3.6049;RCP2.6;2007;11.98;12;7.84;29.52;6;
12882;47.8812;-3.6049;RCP2.6;2008;11.59;9;10.06;22.59;3;
12882;47.8812;-3.6049;RCP2.6;2009;12.27;7;8.07;21.14;3;
12882;47.8812;-3.6049;RCP2.6;2010;11.95;12;8.35;28.01;7;
12882;47.8812;-3.6049;RCP2.6;2011;12.03;7;8.49;22.37;3;
12882;47.8812;-3.6049;RCP2.6;2012;12.3;7;9.33;24.6;4;
12882;47.8812;-3.6049;RCP2.6;2013;12.36;6;8.37;23.18;4;
12882;47.8812;-3.6049;RCP2.6;2014;12.23;9;8.39;26.33;6;
12882;47.8812;-3.6049;RCP2.6;2015;12.33;11;7.22;29.22;7;
12882;47.8812;-3.6049;RCP2.6;2016;12.57;6;9.04;23.87;4;
12882;47.8812;-3.6049;RCP2.6;2017;12.83;8;7.88;21.91;3;
12882;47.8812;-3.6049;RCP2.6;2018;11.71;13;9.81;28.75;6;
12882;47.8812;-3.6049;RCP2.6;2019;11.48;10;9.69;28.31;6;
12882;47.8812;-3.6049;RCP2.6;2020;11.56;9;8.16;30.98;7;
12883;47.8866;-3.4982;RCP2.6;2006;11.34;11;7.31;30.18;5;
12883;47.8866;-3.4982;RCP2.6;2007;12.03;13;8.69;31.43;9;
12883;47.8866;-3.4982;RCP2.6;2008;11.54;11;11.86;26.19;4;
12883;47.8866;-3.4982;RCP2.6;2009;12.36;10;8.55;24.04;2;
12883;47.8866;-3.4982;RCP2.6;2010;11.96;13;10.11;34.14;9;
12883;47.8866;-3.4982;RCP2.6;2011;12.05;7;9.99;24.86;2;
12883;47.8866;-3.4982;RCP2.6;2012;12.36;9;10.32;26.98;5;
12883;47.8866;-3.4982;RCP2.6;2013;12.36;7;9.97;22.24;3;
12883;47.8866;-3.4982;RCP2.6;2014;12.25;8;8.66;29.27;6;
12883;47.8866;-3.4982;RCP2.6;2015;12.36;12;7.91;27.92;7;
12883;47.8866;-3.4982;RCP2.6;2016;12.57;9;10.21;26.25;4;
12883;47.8866;-3.4982;RCP2.6;2017;12.84;9;8.14;25.98;4;
12883;47.8866;-3.4982;RCP2.6;2018;11.68;16;10.31;29.66;10;
12883;47.8866;-3.4982;RCP2.6;2019;11.46;11;10.76;29.99;7;
12883;47.8866;-3.4982;RCP2.6;2020;11.59;12;8.96;29.24;5;
12884;47.8919;-3.3915;RCP2.6;2006;11.3;8;7.61;30.06;5;
12884;47.8919;-3.3915;RCP2.6;2007;12;12;8.76;31.79;7;
12884;47.8919;-3.3915;RCP2.6;2008;11.47;12;12.15;26.91;5;
12884;47.8919;-3.3915;RCP2.6;2009;12.35;9;8.82;26.2;5;
12884;47.8919;-3.3915;RCP2.6;2010;11.94;16;11.21;31.99;9;
12884;47.8919;-3.3915;RCP2.6;2011;12.04;8;9.48;24.59;3;
12884;47.8919;-3.3915;RCP2.6;2012;12.35;9;9.99;27.1;5;
12884;47.8919;-3.3915;RCP2.6;2013;12.31;7;10.25;21.4;1;
12884;47.8919;-3.3915;RCP2.6;2014;12.19;8;7.98;27.56;6;
12884;47.8919;-3.3915;RCP2.6;2015;12.34;11;7.78;26.66;5;
12884;47.8919;-3.3915;RCP2.6;2016;12.5;9;10.46;27.62;6;
12884;47.8919;-3.3915;RCP2.6;2017;12.76;10;8.78;27.15;5;
12884;47.8919;-3.3915;RCP2.6;2018;11.63;15;10.12;30.07;8;
12884;47.8919;-3.3915;RCP2.6;2019;11.39;9;10.44;29.95;8;
12884;47.8919;-3.3915;RCP2.6;2020;11.59;11;8.49;30.98;6;
12885;47.8971;-3.2848;RCP2.6;2006;10.93;6;7.15;28.67;5;
12885;47.8971;-3.2848;RCP2.6;2007;11.7;11;8.28;33.1;6;
12885;47.8971;-3.2848;RCP2.6;2008;11.13;14;11.79;27.68;5;
12885;47.8971;-3.2848;RCP2.6;2009;12.09;8;8.07;25.3;3;
12885;47.8971;-3.2848;RCP2.6;2010;11.56;14;10.46;32.29;9;
12885;47.8971;-3.2848;RCP2.6;2011;11.68;8;9.1;24.87;3;
12885;47.8971;-3.2848;RCP2.6;2012;12.01;7;9.82;28.18;5;
12885;47.8971;-3.2848;RCP2.6;2013;11.98;6;9.55;21.4;2;
12885;47.8971;-3.2848;RCP2.6;2014;11.86;8;7.64;28;6;
12885;47.8971;-3.2848;RCP2.6;2015;12.05;10;7.12;28.08;5;
12885;47.8971;-3.2848;RCP2.6;2016;12.2;9;9.97;30.19;7;
12885;47.8971;-3.2848;RCP2.6;2017;12.45;10;7.59;28.03;5;
12885;47.8971;-3.2848;RCP2.6;2018;11.26;13;9.46;30.81;6;
12885;47.8971;-3.2848;RCP2.6;2019;11.03;11;9.87;32.75;7;
12885;47.8971;-3.2848;RCP2.6;2020;11.23;11;8.28;27.81;6;
12886;47.9022;-3.1781;RCP2.6;2006;10.93;7;7.1;25.15;4;
12886;47.9022;-3.1781;RCP2.6;2007;11.71;9;8.08;33.49;8;
12886;47.9022;-3.1781;RCP2.6;2008;11.14;11;11.57;27.7;5;
12886;47.9022;-3.1781;RCP2.6;2009;12.11;7;8.06;26.63;4;
12886;47.9022;-3.1781;RCP2.6;2010;11.61;16;10.69;33.07;9;
12886;47.9022;-3.1781;RCP2.6;2011;11.67;7;8.38;23.7;3;
12886;47.9022;-3.1781;RCP2.6;2012;12.02;7;9.52;25.14;4;
12886;47.9022;-3.1781;RCP2.6;2013;11.99;6;9.5;23.32;2;
12886;47.9022;-3.1781;RCP2.6;2014;11.86;8;8.22;28.79;6;
12886;47.9022;-3.1781;RCP2.6;2015;12.07;9;6.99;28.59;5;
12886;47.9022;-3.1781;RCP2.6;2016;12.22;10;9.35;31.17;7;
12886;47.9022;-3.1781;RCP2.6;2017;12.45;11;7.75;28.6;8;
12886;47.9022;-3.1781;RCP2.6;2018;11.29;15;9.56;32.46;6;
12886;47.9022;-3.1781;RCP2.6;2019;11.02;8;9.94;34.13;7;
12886;47.9022;-3.1781;RCP2.6;2020;11.24;10;7.88;30.28;6;
12887;47.9072;-3.0714;RCP2.6;2006;11.09;6;6.48;23.93;4;
12887;47.9072;-3.0714;RCP2.6;2007;11.82;11;7.08;30.83;8;
12887;47.9072;-3.0714;RCP2.6;2008;11.27;11;10.12;28.38;6;
12887;47.9072;-3.0714;RCP2.6;2009;12.22;7;7.39;27.33;4;
12887;47.9072;-3.0714;RCP2.6;2010;11.76;15;9.45;31.69;9;
12887;47.9072;-3.0714;RCP2.6;2011;11.83;6;7.66;22.24;2;
12887;47.9072;-3.0714;RCP2.6;2012;12.2;5;8.55;23.9;3;
12887;47.9072;-3.0714;RCP2.6;2013;12.12;6;8.35;22.93;2;
12887;47.9072;-3.0714;RCP2.6;2014;11.99;7;7.23;29.45;6;
12887;47.9072;-3.0714;RCP2.6;2015;12.2;9;6.29;26.37;4;
12887;47.9072;-3.0714;RCP2.6;2016;12.38;10;8.84;32.78;8;
12887;47.9072;-3.0714;RCP2.6;2017;12.6;10;6.79;26.91;7;
12887;47.9072;-3.0714;RCP2.6;2018;11.44;14;8.8;32.4;6;
12887;47.9072;-3.0714;RCP2.6;2019;11.18;8;8.96;34.26;7;
12887;47.9072;-3.0714;RCP2.6;2020;11.39;9;7.83;33.25;6;
12888;47.9121;-2.9646;RCP2.6;2006;10.98;9;6.11;26.4;4;
12888;47.9121;-2.9646;RCP2.6;2007;11.72;8;7.57;29.43;5;
12888;47.9121;-2.9646;RCP2.6;2008;11.18;9;9.92;28.57;6;
12888;47.9121;-2.9646;RCP2.6;2009;12.19;8;7.1;26.95;4;
12888;47.9121;-2.9646;RCP2.6;2010;11.69;14;9.24;34.23;10;
12888;47.9121;-2.9646;RCP2.6;2011;11.76;6;7.58;22.2;2;
12888;47.9121;-2.9646;RCP2.6;2012;12.08;5;9.02;26.79;4;
12888;47.9121;-2.9646;RCP2.6;2013;12.04;6;8.96;22.79;2;
12888;47.9121;-2.9646;RCP2.6;2014;11.9;6;7.3;28.51;5;
12888;47.9121;-2.9646;RCP2.6;2015;12.11;9;6.25;24.95;1;
12888;47.9121;-2.9646;RCP2.6;2016;12.31;10;8.82;31.73;6;
12888;47.9121;-2.9646;RCP2.6;2017;12.55;9;7.67;26.23;3;
12888;47.9121;-2.9646;RCP2.6;2018;11.38;13;9.28;32.87;6;
12888;47.9121;-2.9646;RCP2.6;2019;11.08;8;9;33.11;8;
12888;47.9121;-2.9646;RCP2.6;2020;11.31;10;7.53;33.91;6;
12889;47.9169;-2.8578;RCP2.6;2006;10.9;8;5.56;24.88;3;
12889;47.9169;-2.8578;RCP2.6;2007;11.56;7;8.58;29.72;5;
12889;47.9169;-2.8578;RCP2.6;2008;11.12;10;10;29.18;5;
12889;47.9169;-2.8578;RCP2.6;2009;12.13;7;7.72;25.68;3;
12889;47.9169;-2.8578;RCP2.6;2010;11.62;13;9.96;32.32;7;
12889;47.9169;-2.8578;RCP2.6;2011;11.67;6;8.05;21.76;2;
12889;47.9169;-2.8578;RCP2.6;2012;11.99;6;8.47;25.01;2;
12889;47.9169;-2.8578;RCP2.6;2013;11.94;5;8.6;20.75;2;
12889;47.9169;-2.8578;RCP2.6;2014;11.77;7;7.31;26.96;4;
12889;47.9169;-2.8578;RCP2.6;2015;11.99;10;6.14;23.34;2;
12889;47.9169;-2.8578;RCP2.6;2016;12.23;12;9.3;31.58;7;
12889;47.9169;-2.8578;RCP2.6;2017;12.43;8;7.49;23.17;2;
12889;47.9169;-2.8578;RCP2.6;2018;11.26;12;9.64;29.93;7;
12889;47.9169;-2.8578;RCP2.6;2019;10.99;8;9.31;33.27;7;
12889;47.9169;-2.8578;RCP2.6;2020;11.18;11;8.54;31.56;5;
12890;47.9216;-2.751;RCP2.6;2006;10.84;5;4.81;24.67;5;
12890;47.9216;-2.751;RCP2.6;2007;11.48;6;7.19;27.28;5;
12890;47.9216;-2.751;RCP2.6;2008;11.08;7;9.06;23.76;4;
12890;47.9216;-2.751;RCP2.6;2009;12.08;6;7.18;22.54;3;
12890;47.9216;-2.751;RCP2.6;2010;11.55;11;8.59;31.16;5;
12890;47.9216;-2.751;RCP2.6;2011;11.6;3;7.22;18.32;2;
12890;47.9216;-2.751;RCP2.6;2012;11.93;5;7.36;23.22;4;
12890;47.9216;-2.751;RCP2.6;2013;11.87;3;7.76;17.57;2;
12890;47.9216;-2.751;RCP2.6;2014;11.73;6;6.76;25.84;5;
12890;47.9216;-2.751;RCP2.6;2015;11.96;6;5.13;21.33;1;
12890;47.9216;-2.751;RCP2.6;2016;12.18;8;7.93;31.52;7;
12890;47.9216;-2.751;RCP2.6;2017;12.39;6;6.58;21.34;2;
12890;47.9216;-2.751;RCP2.6;2018;11.21;9;8.53;27.35;6;
12890;47.9216;-2.751;RCP2.6;2019;10.91;8;8.3;29.36;7;
12890;47.9216;-2.751;RCP2.6;2020;11.13;9;7.4;28.26;7;
12891;47.9262;-2.6442;RCP2.6;2006;10.87;5;5.49;22.67;4;
12891;47.9262;-2.6442;RCP2.6;2007;11.52;5;7.61;25.93;5;
12891;47.9262;-2.6442;RCP2.6;2008;11.11;6;9.19;22.6;3;
12891;47.9262;-2.6442;RCP2.6;2009;12.12;6;6.81;21.59;3;
12891;47.9262;-2.6442;RCP2.6;2010;11.59;9;7.76;26.11;5;
12891;47.9262;-2.6442;RCP2.6;2011;11.67;3;7.41;19.68;2;
12891;47.9262;-2.6442;RCP2.6;2012;11.98;3;7.2;18.16;1;
12891;47.9262;-2.6442;RCP2.6;2013;11.89;2;7.22;16.41;1;
12891;47.9262;-2.6442;RCP2.6;2014;11.75;7;6.39;26.28;6;
12891;47.9262;-2.6442;RCP2.6;2015;12;6;5.27;20.99;1;
12891;47.9262;-2.6442;RCP2.6;2016;12.21;7;7.82;28.43;6;
12891;47.9262;-2.6442;RCP2.6;2017;12.43;3;6.44;18.56;1;
12891;47.9262;-2.6442;RCP2.6;2018;11.28;9;8.89;24.79;5;
12891;47.9262;-2.6442;RCP2.6;2019;10.94;9;8.68;29.1;6;
12891;47.9262;-2.6442;RCP2.6;2020;11.21;9;7.47;26.39;6;
12892;47.9307;-2.5374;RCP2.6;2006;10.99;4;5.22;19.66;3;
12892;47.9307;-2.5374;RCP2.6;2007;11.66;4;7.15;21.1;4;
12892;47.9307;-2.5374;RCP2.6;2008;11.3;3;8;17.85;2;
12892;47.9307;-2.5374;RCP2.6;2009;12.28;2;5.98;19.33;1;
12892;47.9307;-2.5374;RCP2.6;2010;11.71;6;7.02;21.73;4;
12892;47.9307;-2.5374;RCP2.6;2011;11.8;3;7.06;17.62;2;
12892;47.9307;-2.5374;RCP2.6;2012;12.17;2;6.26;16.76;1;
12892;47.9307;-2.5374;RCP2.6;2013;12.07;1;5.7;15.85;1;
12892;47.9307;-2.5374;RCP2.6;2014;11.89;5;5.99;27.72;5;
12892;47.9307;-2.5374;RCP2.6;2015;12.18;2;4.74;17.07;1;
12892;47.9307;-2.5374;RCP2.6;2016;12.32;7;7.09;25.31;5;
12892;47.9307;-2.5374;RCP2.6;2017;12.59;2;6.03;16.99;1;
12892;47.9307;-2.5374;RCP2.6;2018;11.38;6;8.06;22.94;5;
12892;47.9307;-2.5374;RCP2.6;2019;11.08;7;7.26;23.96;5;
12892;47.9307;-2.5374;RCP2.6;2020;11.32;8;7.03;24.18;7;
12893;47.9351;-2.4305;RCP2.6;2006;11.14;4;5.17;19.45;3;
12893;47.9351;-2.4305;RCP2.6;2007;11.82;4;7.08;20.88;4;
12893;47.9351;-2.4305;RCP2.6;2008;11.47;3;7.92;17.69;2;
12893;47.9351;-2.4305;RCP2.6;2009;12.44;2;5.92;19.2;1;
12893;47.9351;-2.4305;RCP2.6;2010;11.86;6;7.02;21.9;4;
12893;47.9351;-2.4305;RCP2.6;2011;11.96;3;6.98;17.43;2;
12893;47.9351;-2.4305;RCP2.6;2012;12.32;2;6.2;16.58;1;
12893;47.9351;-2.4305;RCP2.6;2013;12.22;1;5.64;15.68;1;
12893;47.9351;-2.4305;RCP2.6;2014;12.06;5;5.93;27.43;5;
12893;47.9351;-2.4305;RCP2.6;2015;12.35;2;4.69;16.89;2;
12893;47.9351;-2.4305;RCP2.6;2016;12.49;7;7.12;25.04;5;
12893;47.9351;-2.4305;RCP2.6;2017;12.75;2;5.98;16.81;1;
12893;47.9351;-2.4305;RCP2.6;2018;11.53;6;7.97;22.7;5;
12893;47.9351;-2.4305;RCP2.6;2019;11.24;7;7.19;23.76;5;
12893;47.9351;-2.4305;RCP2.6;2020;11.47;8;6.96;23.94;7;
12894;47.9394;-2.3237;RCP2.6;2006;10.96;5;5.31;20.43;3;
12894;47.9394;-2.3237;RCP2.6;2007;11.62;7;6.77;22.96;5;
12894;47.9394;-2.3237;RCP2.6;2008;11.28;3;7.92;19.21;1;
12894;47.9394;-2.3237;RCP2.6;2009;12.28;5;5.76;20.33;3;
12894;47.9394;-2.3237;RCP2.6;2010;11.71;6;7.8;21.79;5;
12894;47.9394;-2.3237;RCP2.6;2011;11.78;4;7.02;19.26;3;
12894;47.9394;-2.3237;RCP2.6;2012;12.11;3;6.21;16.61;3;
12894;47.9394;-2.3237;RCP2.6;2013;12.08;1;6.25;15.14;1;
12894;47.9394;-2.3237;RCP2.6;2014;11.85;4;6.15;22.78;4;
12894;47.9394;-2.3237;RCP2.6;2015;12.14;3;5.33;16.97;2;
12894;47.9394;-2.3237;RCP2.6;2016;12.29;7;7.51;24.08;6;
12894;47.9394;-2.3237;RCP2.6;2017;12.55;3;6.36;18.5;2;
12894;47.9394;-2.3237;RCP2.6;2018;11.35;6;8.04;22.09;4;
12894;47.9394;-2.3237;RCP2.6;2019;11.08;6;7.63;23.29;6;
12894;47.9394;-2.3237;RCP2.6;2020;11.3;7;7.43;22.4;6;
12895;47.9436;-2.2168;RCP2.6;2006;10.75;5;5.77;22.36;4;
12895;47.9436;-2.2168;RCP2.6;2007;11.38;7;6.84;24.53;5;
12895;47.9436;-2.2168;RCP2.6;2008;11.07;3;8.49;18.08;2;
12895;47.9436;-2.2168;RCP2.6;2009;12.07;5;5.82;21.32;3;
12895;47.9436;-2.2168;RCP2.6;2010;11.52;6;8.26;21.3;4;
12895;47.9436;-2.2168;RCP2.6;2011;11.6;5;7.03;20.85;4;
12895;47.9436;-2.2168;RCP2.6;2012;11.9;3;6.34;17.65;3;
12895;47.9436;-2.2168;RCP2.6;2013;11.88;1;6.15;16.13;1;
12895;47.9436;-2.2168;RCP2.6;2014;11.64;5;6.02;24.5;4;
12895;47.9436;-2.2168;RCP2.6;2015;11.91;3;5.05;17.08;3;
12895;47.9436;-2.2168;RCP2.6;2016;12.09;8;7.33;25.08;6;
12895;47.9436;-2.2168;RCP2.6;2017;12.33;5;6.85;21.02;2;
12895;47.9436;-2.2168;RCP2.6;2018;11.13;7;7.32;23.62;6;
12895;47.9436;-2.2168;RCP2.6;2019;10.88;7;8.23;23.59;7;
12895;47.9436;-2.2168;RCP2.6;2020;11.12;7;8.02;25.42;6;
12896;47.9477;-2.1099;RCP2.6;2006;10.92;4;5.58;18.41;3;
12896;47.9477;-2.1099;RCP2.6;2007;11.6;8;6.71;22.86;7;
12896;47.9477;-2.1099;RCP2.6;2008;11.23;2;8.23;16.12;2;
12896;47.9477;-2.1099;RCP2.6;2009;12.29;4;6.58;18.03;3;
12896;47.9477;-2.1099;RCP2.6;2010;11.66;5;7.88;20.19;3;
12896;47.9477;-2.1099;RCP2.6;2011;11.76;3;6.83;17.39;3;
12896;47.9477;-2.1099;RCP2.6;2012;12.09;4;6.5;18.97;3;
12896;47.9477;-2.1099;RCP2.6;2013;12.02;2;6.12;17.44;2;
12896;47.9477;-2.1099;RCP2.6;2014;11.86;5;5.88;24.5;5;
12896;47.9477;-2.1099;RCP2.6;2015;12.11;3;5.69;16.38;2;
12896;47.9477;-2.1099;RCP2.6;2016;12.26;7;7.3;25.37;6;
12896;47.9477;-2.1099;RCP2.6;2017;12.52;5;7.3;20.2;3;
12896;47.9477;-2.1099;RCP2.6;2018;11.32;3;8.43;19.32;3;
12896;47.9477;-2.1099;RCP2.6;2019;11.04;8;8.4;21.9;6;
12896;47.9477;-2.1099;RCP2.6;2020;11.25;7;8.16;20.96;6;
12897;47.9518;-2.003;RCP2.6;2006;10.86;4;5.79;18.71;4;
12897;47.9518;-2.003;RCP2.6;2007;11.49;8;6.74;22.17;7;
12897;47.9518;-2.003;RCP2.6;2008;11.2;2;8.37;16.51;2;
12897;47.9518;-2.003;RCP2.6;2009;12.2;2;6.58;16.54;2;
12897;47.9518;-2.003;RCP2.6;2010;11.58;5;8.08;20.21;3;
12897;47.9518;-2.003;RCP2.6;2011;11.69;3;6.37;16.45;3;
12897;47.9518;-2.003;RCP2.6;2012;12.03;3;6.71;17.51;3;
12897;47.9518;-2.003;RCP2.6;2013;11.97;1;5.9;17.87;1;
12897;47.9518;-2.003;RCP2.6;2014;11.78;6;6.39;27.78;6;
12897;47.9518;-2.003;RCP2.6;2015;12.03;2;6.01;15.54;2;
12897;47.9518;-2.003;RCP2.6;2016;12.2;7;7.45;25.09;5;
12897;47.9518;-2.003;RCP2.6;2017;12.46;7;7.36;22.34;7;
12897;47.9518;-2.003;RCP2.6;2018;11.28;4;8.74;21.47;4;
12897;47.9518;-2.003;RCP2.6;2019;10.98;7;8.85;21.74;5;
12897;47.9518;-2.003;RCP2.6;2020;11.18;7;8.33;23.63;7;
12898;47.9557;-1.896;RCP2.6;2006;11.23;4;5.71;19.34;4;
12898;47.9557;-1.896;RCP2.6;2007;11.86;4;6.77;19.45;3;
12898;47.9557;-1.896;RCP2.6;2008;11.52;2;7.88;15.4;2;
12898;47.9557;-1.896;RCP2.6;2009;12.55;2;6.44;16.59;2;
12898;47.9557;-1.896;RCP2.6;2010;11.94;3;7.39;19.64;3;
12898;47.9557;-1.896;RCP2.6;2011;12.03;3;6.29;16.13;3;
12898;47.9557;-1.896;RCP2.6;2012;12.36;3;6.55;16.34;3;
12898;47.9557;-1.896;RCP2.6;2013;12.34;1;5.94;15.9;1;
12898;47.9557;-1.896;RCP2.6;2014;12.08;6;6.11;24.84;5;
12898;47.9557;-1.896;RCP2.6;2015;12.39;2;5.49;16.13;2;
12898;47.9557;-1.896;RCP2.6;2016;12.56;7;7.09;22.36;6;
12898;47.9557;-1.896;RCP2.6;2017;12.8;4;6.79;20.39;4;
12898;47.9557;-1.896;RCP2.6;2018;11.62;6;8.23;21.64;5;
12898;47.9557;-1.896;RCP2.6;2019;11.32;8;8.41;22.78;7;
12898;47.9557;-1.896;RCP2.6;2020;11.52;6;7.83;21.83;6;
12899;47.9595;-1.7891;RCP2.6;2006;11.32;3;5.67;16.88;3;
12899;47.9595;-1.7891;RCP2.6;2007;11.99;5;6.68;20.26;2;
12899;47.9595;-1.7891;RCP2.6;2008;11.66;2;7.79;15.5;2;
12899;47.9595;-1.7891;RCP2.6;2009;12.68;3;6.52;18.8;3;
12899;47.9595;-1.7891;RCP2.6;2010;12.06;4;6.83;19.79;3;
12899;47.9595;-1.7891;RCP2.6;2011;12.13;5;6.21;27.36;5;
12899;47.9595;-1.7891;RCP2.6;2012;12.47;3;6.62;15.78;3;
12899;47.9595;-1.7891;RCP2.6;2013;12.47;0;6.19;15.22;0;
12899;47.9595;-1.7891;RCP2.6;2014;12.21;6;6.19;25.45;6;
12899;47.9595;-1.7891;RCP2.6;2015;12.49;4;5.84;15.85;3;
12899;47.9595;-1.7891;RCP2.6;2016;12.68;6;7.78;24.24;6;
12899;47.9595;-1.7891;RCP2.6;2017;12.92;4;7.53;19.97;3;
12899;47.9595;-1.7891;RCP2.6;2018;11.76;6;8.07;21.8;5;
12899;47.9595;-1.7891;RCP2.6;2019;11.46;7;8.09;22.2;6;
12899;47.9595;-1.7891;RCP2.6;2020;11.65;6;8.05;30.44;6;
12900;47.9632;-1.6821;RCP2.6;2006;11.17;3;5.54;16.05;3;
12900;47.9632;-1.6821;RCP2.6;2007;11.83;3;6.49;19.37;3;
12900;47.9632;-1.6821;RCP2.6;2008;11.52;2;7.68;17.15;2;
12900;47.9632;-1.6821;RCP2.6;2009;12.54;3;6.11;19.88;3;
12900;47.9632;-1.6821;RCP2.6;2010;11.93;2;6.99;19.52;2;
12900;47.9632;-1.6821;RCP2.6;2011;12;6;5.74;24.11;5;
12900;47.9632;-1.6821;RCP2.6;2012;12.33;3;7.19;16.15;3;
12900;47.9632;-1.6821;RCP2.6;2013;12.34;0;6.27;14.63;0;
12900;47.9632;-1.6821;RCP2.6;2014;12.05;5;6.41;22.83;5;
12900;47.9632;-1.6821;RCP2.6;2015;12.31;3;5.5;15.28;3;
12900;47.9632;-1.6821;RCP2.6;2016;12.53;7;7.39;21.06;6;
12900;47.9632;-1.6821;RCP2.6;2017;12.75;4;7.38;19.79;4;
12900;47.9632;-1.6821;RCP2.6;2018;11.59;6;7.79;21.71;5;
12900;47.9632;-1.6821;RCP2.6;2019;11.32;5;7.5;22.26;5;
12900;47.9632;-1.6821;RCP2.6;2020;11.54;6;8.42;32.47;6;
12901;47.9669;-1.5751;RCP2.6;2006;11.19;2;5.8;15.83;3;
12901;47.9669;-1.5751;RCP2.6;2007;11.85;2;6.25;17.27;4;
12901;47.9669;-1.5751;RCP2.6;2008;11.57;2;6.79;14.91;2;
12901;47.9669;-1.5751;RCP2.6;2009;12.55;2;5.45;16.92;3;
12901;47.9669;-1.5751;RCP2.6;2010;11.94;2;6.5;16.44;2;
12901;47.9669;-1.5751;RCP2.6;2011;12.01;5;5.61;22.09;5;
12901;47.9669;-1.5751;RCP2.6;2012;12.36;3;6.22;14.91;3;
12901;47.9669;-1.5751;RCP2.6;2013;12.34;0;5.73;13.6;0;
12901;47.9669;-1.5751;RCP2.6;2014;12.09;4;5.88;20.22;5;
12901;47.9669;-1.5751;RCP2.6;2015;12.35;2;5.44;14.52;2;
12901;47.9669;-1.5751;RCP2.6;2016;12.54;3;6.77;19.04;5;
12901;47.9669;-1.5751;RCP2.6;2017;12.76;2;6.93;17.65;4;
12901;47.9669;-1.5751;RCP2.6;2018;11.61;3;6.69;17.98;5;
12901;47.9669;-1.5751;RCP2.6;2019;11.34;2;6.79;17.66;5;
12901;47.9669;-1.5751;RCP2.6;2020;11.56;5;7.83;22.8;7;
12902;47.9704;-1.4681;RCP2.6;2006;11.27;1;5.97;16.24;2;
12902;47.9704;-1.4681;RCP2.6;2007;11.89;3;6.7;18.65;5;
12902;47.9704;-1.4681;RCP2.6;2008;11.63;1;6.54;14.57;1;
12902;47.9704;-1.4681;RCP2.6;2009;12.62;3;5.82;16.52;4;
12902;47.9704;-1.4681;RCP2.6;2010;11.99;2;6.7;16.3;2;
12902;47.9704;-1.4681;RCP2.6;2011;12.09;3;5.35;17.35;4;
12902;47.9704;-1.4681;RCP2.6;2012;12.42;2;5.88;15.88;2;
12902;47.9704;-1.4681;RCP2.6;2013;12.38;0;5.72;13.54;0;
12902;47.9704;-1.4681;RCP2.6;2014;12.13;4;5.6;18.93;5;
12902;47.9704;-1.4681;RCP2.6;2015;12.41;2;5.13;13.35;2;
12902;47.9704;-1.4681;RCP2.6;2016;12.59;5;6.83;20.21;5;
12902;47.9704;-1.4681;RCP2.6;2017;12.8;2;6.6;17.57;4;
12902;47.9704;-1.4681;RCP2.6;2018;11.67;4;6.09;19.79;6;
12902;47.9704;-1.4681;RCP2.6;2019;11.45;3;6.47;18.17;5;
12902;47.9704;-1.4681;RCP2.6;2020;11.64;3;8.01;18;4;
12903;47.9738;-1.3611;RCP2.6;2006;11.23;7;6.75;20.9;8;
12903;47.9738;-1.3611;RCP2.6;2007;11.89;4;5.97;19.72;4;
12903;47.9738;-1.3611;RCP2.6;2008;11.59;1;6.92;14.62;1;
12903;47.9738;-1.3611;RCP2.6;2009;12.63;3;6.13;19.07;3;
12903;47.9738;-1.3611;RCP2.6;2010;11.99;5;6.51;20.63;5;
12903;47.9738;-1.3611;RCP2.6;2011;12.04;4;6.41;19.03;4;
12903;47.9738;-1.3611;RCP2.6;2012;12.47;2;6.35;16.29;2;
12903;47.9738;-1.3611;RCP2.6;2013;12.35;0;5.65;14.46;0;
12903;47.9738;-1.3611;RCP2.6;2014;12.12;3;5.96;18.29;4;
12903;47.9738;-1.3611;RCP2.6;2015;12.36;2;5.22;13.89;2;
12903;47.9738;-1.3611;RCP2.6;2016;12.66;4;6.52;20.48;4;
12903;47.9738;-1.3611;RCP2.6;2017;12.78;4;7.24;20.15;4;
12903;47.9738;-1.3611;RCP2.6;2018;11.64;6;6.71;20.47;6;
12903;47.9738;-1.3611;RCP2.6;2019;11.43;6;6.59;22.33;6;
12903;47.9738;-1.3611;RCP2.6;2020;11.62;3;8.06;17.93;4;
12904;47.9772;-1.2541;RCP2.6;2006;11.14;7;6.79;21;8;
12904;47.9772;-1.2541;RCP2.6;2007;11.81;4;6;19.62;4;
12904;47.9772;-1.2541;RCP2.6;2008;11.51;1;6.96;14.7;1;
12904;47.9772;-1.2541;RCP2.6;2009;12.55;3;6.17;19.09;3;
12904;47.9772;-1.2541;RCP2.6;2010;11.91;5;6.55;20.74;5;
12904;47.9772;-1.2541;RCP2.6;2011;11.96;4;6.44;19.13;4;
12904;47.9772;-1.2541;RCP2.6;2012;12.38;2;6.38;16.38;2;
12904;47.9772;-1.2541;RCP2.6;2013;12.27;0;5.68;14.54;0;
12904;47.9772;-1.2541;RCP2.6;2014;12.03;4;5.99;18.39;4;
12904;47.9772;-1.2541;RCP2.6;2015;12.27;2;5.25;13.97;2;
12904;47.9772;-1.2541;RCP2.6;2016;12.58;4;6.56;20.58;4;
12904;47.9772;-1.2541;RCP2.6;2017;12.7;4;7.27;20.24;4;
12904;47.9772;-1.2541;RCP2.6;2018;11.56;5;6.74;20.31;6;
12904;47.9772;-1.2541;RCP2.6;2019;11.34;6;6.62;22.37;6;
12904;47.9772;-1.2541;RCP2.6;2020;11.53;3;8.1;18.01;4;
12905;47.9804;-1.147;RCP2.6;2006;11.11;7;6.66;21.8;7;
12905;47.9804;-1.147;RCP2.6;2007;11.72;6;6.16;21.07;6;
12905;47.9804;-1.147;RCP2.6;2008;11.41;2;7.17;15.68;2;
12905;47.9804;-1.147;RCP2.6;2009;12.49;4;6.63;18.89;4;
12905;47.9804;-1.147;RCP2.6;2010;11.87;5;7.26;21.04;6;
12905;47.9804;-1.147;RCP2.6;2011;11.9;4;5.96;18.41;4;
12905;47.9804;-1.147;RCP2.6;2012;12.33;2;6.24;16.64;2;
12905;47.9804;-1.147;RCP2.6;2013;12.22;1;5.85;14.26;1;
12905;47.9804;-1.147;RCP2.6;2014;11.96;3;5.79;17.4;3;
12905;47.9804;-1.147;RCP2.6;2015;12.18;2;4.68;17.79;2;
12905;47.9804;-1.147;RCP2.6;2016;12.54;4;6.49;22.52;4;
12905;47.9804;-1.147;RCP2.6;2017;12.66;6;7.23;21.62;6;
12905;47.9804;-1.147;RCP2.6;2018;11.5;4;7.27;19.9;5;
12905;47.9804;-1.147;RCP2.6;2019;11.26;7;6.92;23.08;7;
12905;47.9804;-1.147;RCP2.6;2020;11.5;3;8.3;18.99;4;
13018;47.9125;-4.3599;RCP2.6;2006;11.86;5;5.83;22.1;6;
13018;47.9125;-4.3599;RCP2.6;2007;12.36;4;6.11;19.39;5;
13018;47.9125;-4.3599;RCP2.6;2008;11.98;0;7.82;17.25;1;
13018;47.9125;-4.3599;RCP2.6;2009;12.58;1;7.25;14.8;1;
13018;47.9125;-4.3599;RCP2.6;2010;12.34;3;7.9;18.28;4;
13018;47.9125;-4.3599;RCP2.6;2011;12.46;3;6.16;18.13;4;
13018;47.9125;-4.3599;RCP2.6;2012;12.65;2;6.97;17.16;3;
13018;47.9125;-4.3599;RCP2.6;2013;12.8;1;6.42;15.37;1;
13018;47.9125;-4.3599;RCP2.6;2014;12.71;4;6.53;19.99;6;
13018;47.9125;-4.3599;RCP2.6;2015;12.75;4;6;19.9;5;
13018;47.9125;-4.3599;RCP2.6;2016;12.95;5;7.84;21.31;5;
13018;47.9125;-4.3599;RCP2.6;2017;13.29;4;6.44;18.37;4;
13018;47.9125;-4.3599;RCP2.6;2018;12.09;2;8.67;18.41;3;
13018;47.9125;-4.3599;RCP2.6;2019;11.92;5;8.01;21.09;5;
13018;47.9125;-4.3599;RCP2.6;2020;11.97;5;6.78;22.34;5;
13019;47.9186;-4.2533;RCP2.6;2006;11.5;9;7.84;28.87;6;
13019;47.9186;-4.2533;RCP2.6;2007;12.09;12;8.08;27.08;6;
13019;47.9186;-4.2533;RCP2.6;2008;11.65;11;11.97;24.56;3;
13019;47.9186;-4.2533;RCP2.6;2009;12.4;4;10.86;20.42;2;
13019;47.9186;-4.2533;RCP2.6;2010;12.05;10;11.87;25.37;3;
13019;47.9186;-4.2533;RCP2.6;2011;12.14;9;9.4;24.72;3;
13019;47.9186;-4.2533;RCP2.6;2012;12.44;8;10.52;24.02;3;
13019;47.9186;-4.2533;RCP2.6;2013;12.54;5;8.71;20.88;1;
13019;47.9186;-4.2533;RCP2.6;2014;12.44;12;9.57;26.66;5;
13019;47.9186;-4.2533;RCP2.6;2015;12.47;7;7.7;28.51;6;
13019;47.9186;-4.2533;RCP2.6;2016;12.71;14;10.99;28.73;7;
13019;47.9186;-4.2533;RCP2.6;2017;13;8;9.9;26.64;5;
13019;47.9186;-4.2533;RCP2.6;2018;11.72;13;11.69;25.53;4;
13019;47.9186;-4.2533;RCP2.6;2019;11.55;12;11.46;29.87;5;
13019;47.9186;-4.2533;RCP2.6;2020;11.72;9;9.27;34.18;7;
13020;47.9245;-4.1466;RCP2.6;2006;11.68;10;6.8;26.07;5;
13020;47.9245;-4.1466;RCP2.6;2007;12.25;11;7.3;24.23;5;
13020;47.9245;-4.1466;RCP2.6;2008;11.82;8;10.66;22.88;2;
13020;47.9245;-4.1466;RCP2.6;2009;12.55;3;9.19;18.29;1;
13020;47.9245;-4.1466;RCP2.6;2010;12.22;7;10.32;21.81;3;
13020;47.9245;-4.1466;RCP2.6;2011;12.31;8;8;22.22;3;
13020;47.9245;-4.1466;RCP2.6;2012;12.58;4;9.15;22.2;4;
13020;47.9245;-4.1466;RCP2.6;2013;12.68;4;7.6;19.75;1;
13020;47.9245;-4.1466;RCP2.6;2014;12.57;11;8.63;26.06;6;
13020;47.9245;-4.1466;RCP2.6;2015;12.61;6;6.64;26.37;5;
13020;47.9245;-4.1466;RCP2.6;2016;12.85;12;10.14;28.42;6;
13020;47.9245;-4.1466;RCP2.6;2017;13.13;8;8.74;23.75;3;
13020;47.9245;-4.1466;RCP2.6;2018;11.9;7;10.5;25.15;5;
13020;47.9245;-4.1466;RCP2.6;2019;11.72;9;10.16;26.28;6;
13020;47.9245;-4.1466;RCP2.6;2020;11.87;9;8.18;35.84;8;
13021;47.9304;-4.0399;RCP2.6;2006;11.63;8;7.09;26.88;7;
13021;47.9304;-4.0399;RCP2.6;2007;12.23;12;7.82;24.74;7;
13021;47.9304;-4.0399;RCP2.6;2008;11.81;9;10.2;24.45;6;
13021;47.9304;-4.0399;RCP2.6;2009;12.55;4;8.78;19.6;2;
13021;47.9304;-4.0399;RCP2.6;2010;12.2;8;10.17;24.09;5;
13021;47.9304;-4.0399;RCP2.6;2011;12.28;9;8.41;23.78;4;
13021;47.9304;-4.0399;RCP2.6;2012;12.57;5;10.04;23.21;4;
13021;47.9304;-4.0399;RCP2.6;2013;12.6;6;7.83;21.51;2;
13021;47.9304;-4.0399;RCP2.6;2014;12.5;9;8.8;25.11;6;
13021;47.9304;-4.0399;RCP2.6;2015;12.55;7;6.95;26.61;7;
13021;47.9304;-4.0399;RCP2.6;2016;12.8;11;9.52;26.67;6;
13021;47.9304;-4.0399;RCP2.6;2017;13.07;7;8.27;24.78;5;
13021;47.9304;-4.0399;RCP2.6;2018;11.87;12;10.27;24.52;6;
13021;47.9304;-4.0399;RCP2.6;2019;11.67;9;9.7;27.02;7;
13021;47.9304;-4.0399;RCP2.6;2020;11.85;8;8.72;40.72;8;
13022;47.9362;-3.9332;RCP2.6;2006;11.17;10;7.53;26.28;4;
13022;47.9362;-3.9332;RCP2.6;2007;11.8;14;9.18;29.83;8;
13022;47.9362;-3.9332;RCP2.6;2008;11.38;14;11.92;25.84;3;
13022;47.9362;-3.9332;RCP2.6;2009;12.1;10;11.04;22.36;2;
13022;47.9362;-3.9332;RCP2.6;2010;11.81;15;11.34;30.63;10;
13022;47.9362;-3.9332;RCP2.6;2011;11.84;8;9.71;27.9;5;
13022;47.9362;-3.9332;RCP2.6;2012;12.17;10;11.05;27.92;5;
13022;47.9362;-3.9332;RCP2.6;2013;12.23;10;9.25;24.67;3;
13022;47.9362;-3.9332;RCP2.6;2014;12.08;9;10.8;28.62;5;
13022;47.9362;-3.9332;RCP2.6;2015;12.15;11;8.32;29.52;7;
13022;47.9362;-3.9332;RCP2.6;2016;12.4;12;10.59;27.16;5;
13022;47.9362;-3.9332;RCP2.6;2017;12.68;12;8.37;26.87;4;
13022;47.9362;-3.9332;RCP2.6;2018;11.48;18;11.55;30.83;8;
13022;47.9362;-3.9332;RCP2.6;2019;11.27;12;11.08;30.96;7;
13022;47.9362;-3.9332;RCP2.6;2020;11.41;10;8.87;33.83;6;
13023;47.9419;-3.8265;RCP2.6;2006;10.98;10;7.49;26.58;4;
13023;47.9419;-3.8265;RCP2.6;2007;11.61;14;9.28;30.2;8;
13023;47.9419;-3.8265;RCP2.6;2008;11.18;14;12.07;26.17;3;
13023;47.9419;-3.8265;RCP2.6;2009;11.91;10;11.18;22.65;2;
13023;47.9419;-3.8265;RCP2.6;2010;11.62;15;11.39;30.92;10;
13023;47.9419;-3.8265;RCP2.6;2011;11.65;8;9.84;28.25;5;
13023;47.9419;-3.8265;RCP2.6;2012;11.97;10;11.25;28.25;5;
13023;47.9419;-3.8265;RCP2.6;2013;12.03;10;9.23;24.97;3;
13023;47.9419;-3.8265;RCP2.6;2014;11.87;9;10.91;29.32;5;
13023;47.9419;-3.8265;RCP2.6;2015;11.97;12;8.42;29.89;7;
13023;47.9419;-3.8265;RCP2.6;2016;12.2;12;10.72;27.45;5;
13023;47.9419;-3.8265;RCP2.6;2017;12.48;12;8.47;27.17;4;
13023;47.9419;-3.8265;RCP2.6;2018;11.28;19;11.71;31.21;7;
13023;47.9419;-3.8265;RCP2.6;2019;11.08;12;11.29;31.33;7;
13023;47.9419;-3.8265;RCP2.6;2020;11.2;10;8.98;34.15;6;
13024;47.9475;-3.7197;RCP2.6;2006;11.04;8;7.89;26.55;4;
13024;47.9475;-3.7197;RCP2.6;2007;11.67;14;9.22;28.61;8;
13024;47.9475;-3.7197;RCP2.6;2008;11.2;15;12.63;27.16;4;
13024;47.9475;-3.7197;RCP2.6;2009;11.98;9;10.88;24.74;3;
13024;47.9475;-3.7197;RCP2.6;2010;11.68;16;12.18;31.84;9;
13024;47.9475;-3.7197;RCP2.6;2011;11.73;8;9.35;27.51;5;
13024;47.9475;-3.7197;RCP2.6;2012;12.02;11;10.7;27.16;4;
13024;47.9475;-3.7197;RCP2.6;2013;12.03;11;9.45;24.89;4;
13024;47.9475;-3.7197;RCP2.6;2014;11.9;10;9.29;26.84;4;
13024;47.9475;-3.7197;RCP2.6;2015;12.01;13;7.75;29.98;7;
13024;47.9475;-3.7197;RCP2.6;2016;12.22;13;9.7;28.02;5;
13024;47.9475;-3.7197;RCP2.6;2017;12.49;12;8.55;28.07;5;
13024;47.9475;-3.7197;RCP2.6;2018;11.3;15;10.77;31;9;
13024;47.9475;-3.7197;RCP2.6;2019;11.11;11;11.07;30.71;6;
13024;47.9475;-3.7197;RCP2.6;2020;11.28;12;9.11;32.76;6;
13025;47.953;-3.613;RCP2.6;2006;11.09;8;7.9;26.47;4;
13025;47.953;-3.613;RCP2.6;2007;11.72;14;9.2;28.52;8;
13025;47.953;-3.613;RCP2.6;2008;11.25;15;12.59;27.07;4;
13025;47.953;-3.613;RCP2.6;2009;12.03;9;10.85;24.65;3;
13025;47.953;-3.613;RCP2.6;2010;11.73;16;12.1;31.75;9;
13025;47.953;-3.613;RCP2.6;2011;11.78;8;9.33;27.42;5;
13025;47.953;-3.613;RCP2.6;2012;12.07;11;10.67;27.08;4;
13025;47.953;-3.613;RCP2.6;2013;12.09;11;9.42;24.82;4;
13025;47.953;-3.613;RCP2.6;2014;11.96;10;9.28;26.66;4;
13025;47.953;-3.613;RCP2.6;2015;12.06;13;7.76;29.89;7;
13025;47.953;-3.613;RCP2.6;2016;12.27;13;9.67;27.95;5;
13025;47.953;-3.613;RCP2.6;2017;12.54;11;8.52;27.98;5;
13025;47.953;-3.613;RCP2.6;2018;11.35;15;10.74;30.77;9;
13025;47.953;-3.613;RCP2.6;2019;11.17;11;11.03;30.61;6;
13025;47.953;-3.613;RCP2.6;2020;11.33;12;9.08;32.67;6;
13026;47.9584;-3.5062;RCP2.6;2006;11.07;6;7.72;27.95;5;
13026;47.9584;-3.5062;RCP2.6;2007;11.71;13;9.07;29.27;9;
13026;47.9584;-3.5062;RCP2.6;2008;11.19;17;12.73;27.72;5;
13026;47.9584;-3.5062;RCP2.6;2009;12.07;9;9.72;25.73;3;
13026;47.9584;-3.5062;RCP2.6;2010;11.7;14;11.16;35.11;9;
13026;47.9584;-3.5062;RCP2.6;2011;11.76;9;10.77;26.47;4;
13026;47.9584;-3.5062;RCP2.6;2012;12.02;12;10.31;27.33;4;
13026;47.9584;-3.5062;RCP2.6;2013;12.04;11;9.95;24.83;3;
13026;47.9584;-3.5062;RCP2.6;2014;11.92;9;9.34;27.5;5;
13026;47.9584;-3.5062;RCP2.6;2015;12.03;12;8.2;28.78;7;
13026;47.9584;-3.5062;RCP2.6;2016;12.24;9;9.52;28.42;6;
13026;47.9584;-3.5062;RCP2.6;2017;12.5;11;8.38;27.55;5;
13026;47.9584;-3.5062;RCP2.6;2018;11.31;15;10.62;30.84;8;
13026;47.9584;-3.5062;RCP2.6;2019;11.12;11;10.6;30.84;6;
13026;47.9584;-3.5062;RCP2.6;2020;11.3;12;9.22;30.87;6;
13027;47.9636;-3.3993;RCP2.6;2006;10.87;8;8.13;28.26;5;
13027;47.9636;-3.3993;RCP2.6;2007;11.58;12;9.16;28.45;6;
13027;47.9636;-3.3993;RCP2.6;2008;11.08;12;11.91;28.69;7;
13027;47.9636;-3.3993;RCP2.6;2009;12.07;10;9.28;28.17;6;
13027;47.9636;-3.3993;RCP2.6;2010;11.56;16;11.13;32.15;9;
13027;47.9636;-3.3993;RCP2.6;2011;11.61;7;9.27;25.7;3;
13027;47.9636;-3.3993;RCP2.6;2012;11.91;8;9.73;30.21;5;
13027;47.9636;-3.3993;RCP2.6;2013;11.91;10;9.16;24.02;3;
13027;47.9636;-3.3993;RCP2.6;2014;11.83;8;8.46;29.21;6;
13027;47.9636;-3.3993;RCP2.6;2015;11.96;9;7.28;29.83;6;
13027;47.9636;-3.3993;RCP2.6;2016;12.15;12;10.11;29.87;6;
13027;47.9636;-3.3993;RCP2.6;2017;12.44;11;8.28;28.41;6;
13027;47.9636;-3.3993;RCP2.6;2018;11.19;13;9.7;32.39;7;
13027;47.9636;-3.3993;RCP2.6;2019;10.93;11;9.82;33.76;8;
13027;47.9636;-3.3993;RCP2.6;2020;11.17;11;9.55;30.94;8;
13028;47.9688;-3.2925;RCP2.6;2006;10.69;8;8.23;28.54;5;
13028;47.9688;-3.2925;RCP2.6;2007;11.39;12;9.31;28.8;6;
13028;47.9688;-3.2925;RCP2.6;2008;10.88;12;12.05;29.03;7;
13028;47.9688;-3.2925;RCP2.6;2009;11.89;10;9.39;28.54;6;
13028;47.9688;-3.2925;RCP2.6;2010;11.39;16;11.32;32.56;9;
13028;47.9688;-3.2925;RCP2.6;2011;11.43;8;9.41;26.03;3;
13028;47.9688;-3.2925;RCP2.6;2012;11.72;8;9.87;30.57;5;
13028;47.9688;-3.2925;RCP2.6;2013;11.73;10;9.28;24.32;3;
13028;47.9688;-3.2925;RCP2.6;2014;11.64;8;8.51;29.58;6;
13028;47.9688;-3.2925;RCP2.6;2015;11.75;9;7.36;30.21;6;
13028;47.9688;-3.2925;RCP2.6;2016;11.96;12;10.24;30.17;6;
13028;47.9688;-3.2925;RCP2.6;2017;12.25;11;8.38;28.77;6;
13028;47.9688;-3.2925;RCP2.6;2018;11.02;14;9.87;32.79;7;
13028;47.9688;-3.2925;RCP2.6;2019;10.75;11;9.94;34.18;8;
13028;47.9688;-3.2925;RCP2.6;2020;10.99;11;9.67;31.17;8;
13029;47.9739;-3.1856;RCP2.6;2006;10.69;6;7.91;26.08;4;
13029;47.9739;-3.1856;RCP2.6;2007;11.41;11;9.46;30.87;5;
13029;47.9739;-3.1856;RCP2.6;2008;10.89;9;11.55;28.98;5;
13029;47.9739;-3.1856;RCP2.6;2009;11.91;9;9.53;27.04;4;
13029;47.9739;-3.1856;RCP2.6;2010;11.41;15;11.06;31.08;10;
13029;47.9739;-3.1856;RCP2.6;2011;11.45;7;10.09;22.25;2;
13029;47.9739;-3.1856;RCP2.6;2012;11.75;8;10.49;26.61;3;
13029;47.9739;-3.1856;RCP2.6;2013;11.72;8;9.86;23.16;3;
13029;47.9739;-3.1856;RCP2.6;2014;11.61;8;9.59;29.6;5;
13029;47.9739;-3.1856;RCP2.6;2015;11.78;8;7.13;27.65;5;
13029;47.9739;-3.1856;RCP2.6;2016;11.97;12;9.57;29.87;6;
13029;47.9739;-3.1856;RCP2.6;2017;12.22;10;7.85;28.72;5;
13029;47.9739;-3.1856;RCP2.6;2018;11.03;14;9.76;31.87;7;
13029;47.9739;-3.1856;RCP2.6;2019;10.76;10;10.21;33.39;8;
13029;47.9739;-3.1856;RCP2.6;2020;11.01;10;9.64;30.57;8;
13030;47.9789;-3.0787;RCP2.6;2006;10.98;6;5.54;24.42;5;
13030;47.9789;-3.0787;RCP2.6;2007;11.64;6;7.33;27.19;5;
13030;47.9789;-3.0787;RCP2.6;2008;11.2;7;8.73;23.97;4;
13030;47.9789;-3.0787;RCP2.6;2009;12.21;6;6.93;21.95;3;
13030;47.9789;-3.0787;RCP2.6;2010;11.71;12;8.31;29.91;6;
13030;47.9789;-3.0787;RCP2.6;2011;11.76;3;7.04;16.73;2;
13030;47.9789;-3.0787;RCP2.6;2012;12.03;7;7.99;22.1;3;
13030;47.9789;-3.0787;RCP2.6;2013;11.99;4;8.02;20.1;3;
13030;47.9789;-3.0787;RCP2.6;2014;11.87;5;7.76;22.02;4;
13030;47.9789;-3.0787;RCP2.6;2015;12.11;5;5.15;20.59;1;
13030;47.9789;-3.0787;RCP2.6;2016;12.3;9;8;30.61;6;
13030;47.9789;-3.0787;RCP2.6;2017;12.53;7;6.28;23.02;4;
13030;47.9789;-3.0787;RCP2.6;2018;11.34;10;8.34;26.58;5;
13030;47.9789;-3.0787;RCP2.6;2019;11.09;8;7.86;29.46;7;
13030;47.9789;-3.0787;RCP2.6;2020;11.3;8;7.47;27.38;5;
13031;47.9839;-2.9718;RCP2.6;2006;10.87;6;5.59;24.58;5;
13031;47.9839;-2.9718;RCP2.6;2007;11.54;6;7.38;27.37;5;
13031;47.9839;-2.9718;RCP2.6;2008;11.08;7;8.8;24.16;4;
13031;47.9839;-2.9718;RCP2.6;2009;12.1;6;6.98;22.11;3;
13031;47.9839;-2.9718;RCP2.6;2010;11.6;12;8.37;30.07;6;
13031;47.9839;-2.9718;RCP2.6;2011;11.66;3;7.09;16.86;2;
13031;47.9839;-2.9718;RCP2.6;2012;11.92;7;8.05;22.24;3;
13031;47.9839;-2.9718;RCP2.6;2013;11.88;4;8.08;20.25;3;
13031;47.9839;-2.9718;RCP2.6;2014;11.75;6;7.82;22.18;4;
13031;47.9839;-2.9718;RCP2.6;2015;12;5;5.19;20.74;1;
13031;47.9839;-2.9718;RCP2.6;2016;12.19;10;8.06;30.83;6;
13031;47.9839;-2.9718;RCP2.6;2017;12.42;7;6.53;23.2;4;
13031;47.9839;-2.9718;RCP2.6;2018;11.23;10;8.41;26.78;5;
13031;47.9839;-2.9718;RCP2.6;2019;10.97;8;7.96;29.63;7;
13031;47.9839;-2.9718;RCP2.6;2020;11.18;8;7.52;27.55;5;
13032;47.9887;-2.8649;RCP2.6;2006;10.98;6;5.82;24.61;4;
13032;47.9887;-2.8649;RCP2.6;2007;11.56;6;7.5;24.86;4;
13032;47.9887;-2.8649;RCP2.6;2008;11.21;5;9.05;23.83;4;
13032;47.9887;-2.8649;RCP2.6;2009;12.19;7;7.12;22.25;4;
13032;47.9887;-2.8649;RCP2.6;2010;11.72;9;7.95;26.84;5;
13032;47.9887;-2.8649;RCP2.6;2011;11.77;2;6.88;19.43;2;
13032;47.9887;-2.8649;RCP2.6;2012;12.03;6;8.11;23.09;3;
13032;47.9887;-2.8649;RCP2.6;2013;12;3;7.57;18.76;2;
13032;47.9887;-2.8649;RCP2.6;2014;11.83;6;7.41;24.43;4;
13032;47.9887;-2.8649;RCP2.6;2015;12.06;6;5.29;21.83;1;
13032;47.9887;-2.8649;RCP2.6;2016;12.31;11;8.58;31.03;7;
13032;47.9887;-2.8649;RCP2.6;2017;12.51;5;6.26;20.81;1;
13032;47.9887;-2.8649;RCP2.6;2018;11.31;11;8.23;23.69;4;
13032;47.9887;-2.8649;RCP2.6;2019;11.06;8;7.75;27.72;5;
13032;47.9887;-2.8649;RCP2.6;2020;11.26;8;7.36;29.38;5;
13033;47.9934;-2.758;RCP2.6;2006;10.92;5;4.79;24.55;4;
13033;47.9934;-2.758;RCP2.6;2007;11.57;6;7.15;27.11;5;
13033;47.9934;-2.758;RCP2.6;2008;11.17;7;9.01;23.65;4;
13033;47.9934;-2.758;RCP2.6;2009;12.17;6;7.14;22.41;3;
13033;47.9934;-2.758;RCP2.6;2010;11.65;11;8.54;30.97;5;
13033;47.9934;-2.758;RCP2.6;2011;11.69;3;7.18;18.2;2;
13033;47.9934;-2.758;RCP2.6;2012;12.02;5;7.32;23.09;4;
13033;47.9934;-2.758;RCP2.6;2013;11.96;2;7.71;17.46;2;
13033;47.9934;-2.758;RCP2.6;2014;11.82;6;6.72;25.68;5;
13033;47.9934;-2.758;RCP2.6;2015;12.05;6;5.1;21.2;1;
13033;47.9934;-2.758;RCP2.6;2016;12.27;8;7.88;31.33;7;
13033;47.9934;-2.758;RCP2.6;2017;12.48;6;6.54;21.21;2;
13033;47.9934;-2.758;RCP2.6;2018;11.3;9;8.48;27.19;6;
13033;47.9934;-2.758;RCP2.6;2019;11;8;8.2;29.18;7;
13033;47.9934;-2.758;RCP2.6;2020;11.23;9;7.36;28.1;7;
13034;47.998;-2.651;RCP2.6;2006;11.03;5;5.35;22.43;4;
13034;47.998;-2.651;RCP2.6;2007;11.69;5;7.53;25.62;5;
13034;47.998;-2.651;RCP2.6;2008;11.29;5;9.05;22.34;3;
13034;47.998;-2.651;RCP2.6;2009;12.3;6;6.73;21.33;3;
13034;47.998;-2.651;RCP2.6;2010;11.76;9;7.68;25.83;5;
13034;47.998;-2.651;RCP2.6;2011;11.84;3;7.32;19.45;2;
13034;47.998;-2.651;RCP2.6;2012;12.16;3;7.11;17.94;1;
13034;47.998;-2.651;RCP2.6;2013;12.07;2;7.14;16.12;1;
13034;47.998;-2.651;RCP2.6;2014;11.94;7;6.3;25.96;6;
13034;47.998;-2.651;RCP2.6;2015;12.18;6;5.21;20.75;1;
13034;47.998;-2.651;RCP2.6;2016;12.39;7;7.73;28.09;6;
13034;47.998;-2.651;RCP2.6;2017;12.61;3;6.37;18.34;1;
13034;47.998;-2.651;RCP2.6;2018;11.45;9;8.78;24.5;5;
13034;47.998;-2.651;RCP2.6;2019;11.12;9;8.58;28.75;6;
13034;47.998;-2.651;RCP2.6;2020;11.38;9;7.39;26.12;6;
13035;48.0025;-2.544;RCP2.6;2006;10.92;4;5.25;19.76;3;
13035;48.0025;-2.544;RCP2.6;2007;11.58;4;7.19;21.25;4;
13035;48.0025;-2.544;RCP2.6;2008;11.23;3;8.05;17.93;2;
13035;48.0025;-2.544;RCP2.6;2009;12.21;3;6;19.43;1;
13035;48.0025;-2.544;RCP2.6;2010;11.63;6;7.05;21.83;4;
13035;48.0025;-2.544;RCP2.6;2011;11.72;3;7.09;17.71;2;
13035;48.0025;-2.544;RCP2.6;2012;12.08;2;6.29;16.85;1;
13035;48.0025;-2.544;RCP2.6;2013;11.99;1;5.73;15.93;1;
13035;48.0025;-2.544;RCP2.6;2014;11.81;5;6.02;27.86;5;
13035;48.0025;-2.544;RCP2.6;2015;12.11;2;4.76;17.16;1;
13035;48.0025;-2.544;RCP2.6;2016;12.24;7;7.13;25.44;5;
13035;48.0025;-2.544;RCP2.6;2017;12.51;2;6.08;17.07;1;
13035;48.0025;-2.544;RCP2.6;2018;11.29;6;8.1;23.06;5;
13035;48.0025;-2.544;RCP2.6;2019;11.01;7;7.3;24.08;5;
13035;48.0025;-2.544;RCP2.6;2020;11.23;8;7.07;24.3;7;
13036;48.0069;-2.437;RCP2.6;2006;11.06;4;5.2;19.58;3;
13036;48.0069;-2.437;RCP2.6;2007;11.73;4;7.12;21.01;4;
13036;48.0069;-2.437;RCP2.6;2008;11.37;3;7.97;17.8;2;
13036;48.0069;-2.437;RCP2.6;2009;12.35;2;5.95;19.3;1;
13036;48.0069;-2.437;RCP2.6;2010;11.77;6;7.01;21.89;4;
13036;48.0069;-2.437;RCP2.6;2011;11.87;3;7.03;17.54;2;
13036;48.0069;-2.437;RCP2.6;2012;12.23;2;6.24;16.69;1;
13036;48.0069;-2.437;RCP2.6;2013;12.13;1;5.68;15.78;1;
13036;48.0069;-2.437;RCP2.6;2014;11.96;5;5.97;27.6;5;
13036;48.0069;-2.437;RCP2.6;2015;12.25;2;4.72;16.99;1;
13036;48.0069;-2.437;RCP2.6;2016;12.39;7;7.08;25.21;5;
13036;48.0069;-2.437;RCP2.6;2017;12.66;2;5.98;16.91;1;
13036;48.0069;-2.437;RCP2.6;2018;11.44;6;8.02;22.84;5;
13036;48.0069;-2.437;RCP2.6;2019;11.15;7;7.23;23.89;5;
13036;48.0069;-2.437;RCP2.6;2020;11.37;8;7;24.08;7;
13037;48.0112;-2.33;RCP2.6;2006;10.94;5;5.32;20.45;3;
13037;48.0112;-2.33;RCP2.6;2007;11.6;7;6.77;22.98;5;
13037;48.0112;-2.33;RCP2.6;2008;11.27;3;7.93;19.23;1;
13037;48.0112;-2.33;RCP2.6;2009;12.26;5;5.77;20.34;3;
13037;48.0112;-2.33;RCP2.6;2010;11.69;6;7.8;21.81;4;
13037;48.0112;-2.33;RCP2.6;2011;11.76;4;7.02;19.28;3;
13037;48.0112;-2.33;RCP2.6;2012;12.09;3;6.21;16.63;3;
13037;48.0112;-2.33;RCP2.6;2013;12.06;1;6.26;15.16;1;
13037;48.0112;-2.33;RCP2.6;2014;11.83;4;6.15;22.8;4;
13037;48.0112;-2.33;RCP2.6;2015;12.12;3;5.34;16.99;2;
13037;48.0112;-2.33;RCP2.6;2016;12.28;7;7.52;24.1;6;
13037;48.0112;-2.33;RCP2.6;2017;12.53;3;6.37;18.51;2;
13037;48.0112;-2.33;RCP2.6;2018;11.34;6;8.05;22.11;4;
13037;48.0112;-2.33;RCP2.6;2019;11.06;6;7.64;23.31;6;
13037;48.0112;-2.33;RCP2.6;2020;11.28;7;7.44;22.43;6;
13038;48.0154;-2.223;RCP2.6;2006;10.24;5;5.94;22.14;4;
13038;48.0154;-2.223;RCP2.6;2007;10.88;7;7.44;24.22;6;
13038;48.0154;-2.223;RCP2.6;2008;10.55;3;8.92;17.35;2;
13038;48.0154;-2.223;RCP2.6;2009;11.57;5;6.46;20.63;3;
13038;48.0154;-2.223;RCP2.6;2010;11.02;5;8.59;21.16;4;
13038;48.0154;-2.223;RCP2.6;2011;11.14;4;6.99;20.64;4;
13038;48.0154;-2.223;RCP2.6;2012;11.41;3;6.82;17.87;3;
13038;48.0154;-2.223;RCP2.6;2013;11.36;1;6.86;16.9;1;
13038;48.0154;-2.223;RCP2.6;2014;11.11;5;6.5;24.48;4;
13038;48.0154;-2.223;RCP2.6;2015;11.41;3;5.64;17.71;2;
13038;48.0154;-2.223;RCP2.6;2016;11.58;8;7.76;24.36;6;
13038;48.0154;-2.223;RCP2.6;2017;11.84;5;7.75;20.31;2;
13038;48.0154;-2.223;RCP2.6;2018;10.62;7;7.76;22.76;5;
13038;48.0154;-2.223;RCP2.6;2019;10.35;7;8.87;21.83;5;
13038;48.0154;-2.223;RCP2.6;2020;10.62;8;8.42;24.99;7;
13039;48.0196;-2.1159;RCP2.6;2006;10.49;5;5.85;21.81;4;
13039;48.0196;-2.1159;RCP2.6;2007;11.12;7;7.33;23.83;6;
13039;48.0196;-2.1159;RCP2.6;2008;10.8;2;8.79;17.09;2;
13039;48.0196;-2.1159;RCP2.6;2009;11.82;5;6.36;20.31;3;
13039;48.0196;-2.1159;RCP2.6;2010;11.26;5;8.46;20.82;4;
13039;48.0196;-2.1159;RCP2.6;2011;11.37;4;6.89;20.31;4;
13039;48.0196;-2.1159;RCP2.6;2012;11.65;3;6.72;17.63;3;
13039;48.0196;-2.1159;RCP2.6;2013;11.61;1;6.76;16.64;1;
13039;48.0196;-2.1159;RCP2.6;2014;11.36;5;6.38;24.1;4;
13039;48.0196;-2.1159;RCP2.6;2015;11.65;3;5.55;17.43;3;
13039;48.0196;-2.1159;RCP2.6;2016;11.82;7;7.63;24.05;6;
13039;48.0196;-2.1159;RCP2.6;2017;12.09;4;7.63;20;2;
13039;48.0196;-2.1159;RCP2.6;2018;10.86;7;7.71;22.42;5;
13039;48.0196;-2.1159;RCP2.6;2019;10.6;7;8.74;21.5;5;
13039;48.0196;-2.1159;RCP2.6;2020;10.87;7;8.3;24.65;7;
13040;48.0236;-2.0089;RCP2.6;2006;10.77;4;6.04;19.66;3;
13040;48.0236;-2.0089;RCP2.6;2007;11.31;7;7.33;24.06;7;
13040;48.0236;-2.0089;RCP2.6;2008;11.11;2;8.37;16.52;2;
13040;48.0236;-2.0089;RCP2.6;2009;12.1;3;6.5;17.32;3;
13040;48.0236;-2.0089;RCP2.6;2010;11.54;5;7.64;20.51;4;
13040;48.0236;-2.0089;RCP2.6;2011;11.61;4;6.69;19.94;3;
13040;48.0236;-2.0089;RCP2.6;2012;11.92;3;6.96;16.86;3;
13040;48.0236;-2.0089;RCP2.6;2013;11.83;2;6.29;16.6;2;
13040;48.0236;-2.0089;RCP2.6;2014;11.63;6;6.38;26.47;6;
13040;48.0236;-2.0089;RCP2.6;2015;11.9;3;5.52;16.66;3;
13040;48.0236;-2.0089;RCP2.6;2016;12.07;7;8.08;24.72;7;
13040;48.0236;-2.0089;RCP2.6;2017;12.36;5;6.89;21.15;5;
13040;48.0236;-2.0089;RCP2.6;2018;11.14;6;7.82;23.36;6;
13040;48.0236;-2.0089;RCP2.6;2019;10.88;6;8.26;21.01;5;
13040;48.0236;-2.0089;RCP2.6;2020;11.13;7;8.27;26.54;7;
13041;48.0275;-1.9018;RCP2.6;2006;11.14;3;5.93;15.53;3;
13041;48.0275;-1.9018;RCP2.6;2007;11.75;4;6.16;18.78;6;
13041;48.0275;-1.9018;RCP2.6;2008;11.53;1;7.29;13.63;1;
13041;48.0275;-1.9018;RCP2.6;2009;12.51;4;6.1;16.77;4;
13041;48.0275;-1.9018;RCP2.6;2010;11.92;3;6.51;17.95;4;
13041;48.0275;-1.9018;RCP2.6;2011;11.97;4;5.66;18.81;4;
13041;48.0275;-1.9018;RCP2.6;2012;12.29;3;5.99;14.16;3;
13041;48.0275;-1.9018;RCP2.6;2013;12.26;0;5.64;13.65;0;
13041;48.0275;-1.9018;RCP2.6;2014;11.99;5;5.83;22.22;5;
13041;48.0275;-1.9018;RCP2.6;2015;12.33;2;5.13;15.58;3;
13041;48.0275;-1.9018;RCP2.6;2016;12.42;4;7.02;19.7;7;
13041;48.0275;-1.9018;RCP2.6;2017;12.72;2;6.29;16.78;3;
13041;48.0275;-1.9018;RCP2.6;2018;11.57;3;6.36;17.99;5;
13041;48.0275;-1.9018;RCP2.6;2019;11.28;1;7.07;16.95;3;
13041;48.0275;-1.9018;RCP2.6;2020;11.48;5;7.6;22.26;5;
13042;48.0314;-1.7947;RCP2.6;2006;11.44;3;5.83;15.25;3;
13042;48.0314;-1.7947;RCP2.6;2007;12.04;4;6.05;18.38;5;
13042;48.0314;-1.7947;RCP2.6;2008;11.83;1;7.16;13.38;1;
13042;48.0314;-1.7947;RCP2.6;2009;12.81;4;6.03;16.49;4;
13042;48.0314;-1.7947;RCP2.6;2010;12.2;3;6.38;17.63;4;
13042;48.0314;-1.7947;RCP2.6;2011;12.26;4;5.57;18.47;4;
13042;48.0314;-1.7947;RCP2.6;2012;12.58;3;5.89;13.91;3;
13042;48.0314;-1.7947;RCP2.6;2013;12.55;0;5.55;13.4;0;
13042;48.0314;-1.7947;RCP2.6;2014;12.29;5;5.74;21.84;5;
13042;48.0314;-1.7947;RCP2.6;2015;12.63;2;5;15.3;3;
13042;48.0314;-1.7947;RCP2.6;2016;12.72;4;6.9;19.37;7;
13042;48.0314;-1.7947;RCP2.6;2017;13.02;1;6.2;16.49;3;
13042;48.0314;-1.7947;RCP2.6;2018;11.86;3;6.23;17.69;5;
13042;48.0314;-1.7947;RCP2.6;2019;11.58;1;6.94;16.65;3;
13042;48.0314;-1.7947;RCP2.6;2020;11.76;5;7.46;22;5;
13043;48.0351;-1.6876;RCP2.6;2006;11.49;2;5.73;16.18;4;
13043;48.0351;-1.6876;RCP2.6;2007;12.09;4;5.9;18.2;4;
13043;48.0351;-1.6876;RCP2.6;2008;11.86;1;7.19;13.2;1;
13043;48.0351;-1.6876;RCP2.6;2009;12.85;3;5.61;18.9;5;
13043;48.0351;-1.6876;RCP2.6;2010;12.22;1;5.84;15.99;1;
13043;48.0351;-1.6876;RCP2.6;2011;12.28;3;5.04;16.44;4;
13043;48.0351;-1.6876;RCP2.6;2012;12.63;3;6.16;14.32;3;
13043;48.0351;-1.6876;RCP2.6;2013;12.6;0;5.78;14.49;1;
13043;48.0351;-1.6876;RCP2.6;2014;12.33;4;5.68;18.99;5;
13043;48.0351;-1.6876;RCP2.6;2015;12.65;1;5.1;13.51;2;
13043;48.0351;-1.6876;RCP2.6;2016;12.77;5;7.37;20.81;8;
13043;48.0351;-1.6876;RCP2.6;2017;13.04;1;6.47;15.92;2;
13043;48.0351;-1.6876;RCP2.6;2018;11.87;2;6.66;18.18;5;
13043;48.0351;-1.6876;RCP2.6;2019;11.65;2;6.67;16.66;3;
13043;48.0351;-1.6876;RCP2.6;2020;11.82;4;7.47;19.61;5;
13044;48.0387;-1.5804;RCP2.6;2006;11.38;2;5.83;16.3;4;
13044;48.0387;-1.5804;RCP2.6;2007;11.98;4;5.93;18.4;4;
13044;48.0387;-1.5804;RCP2.6;2008;11.74;1;7.39;13.29;1;
13044;48.0387;-1.5804;RCP2.6;2009;12.73;3;5.66;19.03;5;
13044;48.0387;-1.5804;RCP2.6;2010;12.11;1;5.9;16.1;1;
13044;48.0387;-1.5804;RCP2.6;2011;12.17;3;5.08;16.56;4;
13044;48.0387;-1.5804;RCP2.6;2012;12.52;3;6.2;14.42;3;
13044;48.0387;-1.5804;RCP2.6;2013;12.48;0;5.82;14.64;1;
13044;48.0387;-1.5804;RCP2.6;2014;12.21;4;5.7;19.12;5;
13044;48.0387;-1.5804;RCP2.6;2015;12.53;1;5.14;13.61;2;
13044;48.0387;-1.5804;RCP2.6;2016;12.65;5;7.42;20.95;8;
13044;48.0387;-1.5804;RCP2.6;2017;12.92;1;6.39;16.14;2;
13044;48.0387;-1.5804;RCP2.6;2018;11.76;2;6.69;18.31;5;
13044;48.0387;-1.5804;RCP2.6;2019;11.53;2;6.77;16.81;3;
13044;48.0387;-1.5804;RCP2.6;2020;11.7;4;7.53;19.76;5;
13045;48.0423;-1.4733;RCP2.6;2006;11.31;1;6.11;16.11;2;
13045;48.0423;-1.4733;RCP2.6;2007;11.9;2;6.09;17.84;4;
13045;48.0423;-1.4733;RCP2.6;2008;11.68;1;6.94;14.59;1;
13045;48.0423;-1.4733;RCP2.6;2009;12.65;3;6.23;16.71;3;
13045;48.0423;-1.4733;RCP2.6;2010;12.06;1;6.29;16.45;2;
13045;48.0423;-1.4733;RCP2.6;2011;12.11;3;5.29;14.89;3;
13045;48.0423;-1.4733;RCP2.6;2012;12.45;3;6.07;14.09;3;
13045;48.0423;-1.4733;RCP2.6;2013;12.42;1;5.96;15.11;1;
13045;48.0423;-1.4733;RCP2.6;2014;12.14;2;6.01;19.42;7;
13045;48.0423;-1.4733;RCP2.6;2015;12.43;1;5.09;12.49;2;
13045;48.0423;-1.4733;RCP2.6;2016;12.56;5;6.75;21.06;6;
13045;48.0423;-1.4733;RCP2.6;2017;12.83;1;6.77;15.86;2;
13045;48.0423;-1.4733;RCP2.6;2018;11.68;2;6.81;17.81;5;
13045;48.0423;-1.4733;RCP2.6;2019;11.45;3;6.57;17.28;4;
13045;48.0423;-1.4733;RCP2.6;2020;11.68;4;7.77;20.37;5;
13046;48.0457;-1.3661;RCP2.6;2006;11.16;2;7.38;17.79;4;
13046;48.0457;-1.3661;RCP2.6;2007;11.77;3;5.72;18.52;5;
13046;48.0457;-1.3661;RCP2.6;2008;11.52;1;7.05;15.04;2;
13046;48.0457;-1.3661;RCP2.6;2009;12.52;3;6.67;17.25;4;
13046;48.0457;-1.3661;RCP2.6;2010;11.91;1;6.22;17.33;2;
13046;48.0457;-1.3661;RCP2.6;2011;11.98;2;5.51;16.26;3;
13046;48.0457;-1.3661;RCP2.6;2012;12.34;3;6.28;15.26;3;
13046;48.0457;-1.3661;RCP2.6;2013;12.25;1;6.01;13.37;1;
13046;48.0457;-1.3661;RCP2.6;2014;12;1;5.98;18.08;4;
13046;48.0457;-1.3661;RCP2.6;2015;12.26;1;4.76;14.77;3;
13046;48.0457;-1.3661;RCP2.6;2016;12.47;6;6.8;22.61;6;
13046;48.0457;-1.3661;RCP2.6;2017;12.68;1;6.66;16.25;2;
13046;48.0457;-1.3661;RCP2.6;2018;11.54;3;6.78;18.73;6;
13046;48.0457;-1.3661;RCP2.6;2019;11.32;3;6.3;18.57;6;
13046;48.0457;-1.3661;RCP2.6;2020;11.56;4;7.62;20.99;7;
13047;48.049;-1.259;RCP2.6;2006;11.03;5;7.1;21.16;5;
13047;48.049;-1.259;RCP2.6;2007;11.67;2;6.04;19.41;2;
13047;48.049;-1.259;RCP2.6;2008;11.37;1;7.2;15.62;1;
13047;48.049;-1.259;RCP2.6;2009;12.43;4;6.67;19.38;4;
13047;48.049;-1.259;RCP2.6;2010;11.8;3;6.6;19.27;3;
13047;48.049;-1.259;RCP2.6;2011;11.86;3;6.03;17.61;3;
13047;48.049;-1.259;RCP2.6;2012;12.26;3;6.65;16.08;3;
13047;48.049;-1.259;RCP2.6;2013;12.17;1;5.7;14.39;1;
13047;48.049;-1.259;RCP2.6;2014;11.89;3;6.46;18.6;3;
13047;48.049;-1.259;RCP2.6;2015;12.14;2;4.97;16.47;2;
13047;48.049;-1.259;RCP2.6;2016;12.4;6;7.16;24.7;6;
13047;48.049;-1.259;RCP2.6;2017;12.59;3;6.89;18.06;3;
13047;48.049;-1.259;RCP2.6;2018;11.43;3;6.75;19.67;3;
13047;48.049;-1.259;RCP2.6;2019;11.21;5;6.72;21.48;5;
13047;48.049;-1.259;RCP2.6;2020;11.45;5;7.57;22.01;5;
13048;48.0523;-1.1518;RCP2.6;2006;10.86;6;8.09;21.26;6;
13048;48.0523;-1.1518;RCP2.6;2007;11.51;4;6.98;19.72;4;
13048;48.0523;-1.1518;RCP2.6;2008;11.17;2;8.3;17.04;2;
13048;48.0523;-1.1518;RCP2.6;2009;12.23;2;7.68;17.6;2;
13048;48.0523;-1.1518;RCP2.6;2010;11.6;2;8.03;19.29;2;
13048;48.0523;-1.1518;RCP2.6;2011;11.64;3;6.9;19.12;3;
13048;48.0523;-1.1518;RCP2.6;2012;12.06;3;6.98;18.38;3;
13048;48.0523;-1.1518;RCP2.6;2013;11.93;2;6.85;14.85;2;
13048;48.0523;-1.1518;RCP2.6;2014;11.66;3;6.97;17.85;3;
13048;48.0523;-1.1518;RCP2.6;2015;11.94;2;6.21;17.48;2;
13048;48.0523;-1.1518;RCP2.6;2016;12.22;4;7.34;21.2;4;
13048;48.0523;-1.1518;RCP2.6;2017;12.37;4;8.32;20.42;4;
13048;48.0523;-1.1518;RCP2.6;2018;11.23;5;8.05;22.15;6;
13048;48.0523;-1.1518;RCP2.6;2019;11.01;5;7.6;21.35;5;
13048;48.0523;-1.1518;RCP2.6;2020;11.27;5;9.02;20.87;5;
13049;48.0554;-1.0446;RCP2.6;2006;10.58;6;7.36;22.18;5;
13049;48.0554;-1.0446;RCP2.6;2007;11.2;7;6.5;23.42;5;
13049;48.0554;-1.0446;RCP2.6;2008;10.9;3;7.95;17.92;2;
13049;48.0554;-1.0446;RCP2.6;2009;11.97;5;7.28;20.65;4;
13049;48.0554;-1.0446;RCP2.6;2010;11.34;6;7.8;22.63;5;
13049;48.0554;-1.0446;RCP2.6;2011;11.38;4;6.49;19.78;4;
13049;48.0554;-1.0446;RCP2.6;2012;11.82;4;6.84;19.24;3;
13049;48.0554;-1.0446;RCP2.6;2013;11.7;1;6.18;14.08;1;
13049;48.0554;-1.0446;RCP2.6;2014;11.44;4;6.06;18.53;2;
13049;48.0554;-1.0446;RCP2.6;2015;11.64;4;5.7;18.91;3;
13049;48.0554;-1.0446;RCP2.6;2016;12.03;6;6.69;23.03;6;
13049;48.0554;-1.0446;RCP2.6;2017;12.13;7;8.8;23.35;6;
13049;48.0554;-1.0446;RCP2.6;2018;10.94;7;6.74;22.63;7;
13049;48.0554;-1.0446;RCP2.6;2019;10.71;8;6.98;24.34;8;
13049;48.0554;-1.0446;RCP2.6;2020;11.04;5;8.8;22.3;5;
13161;47.9842;-4.369;RCP2.6;2006;11.38;9;7.05;28.77;6;
13161;47.9842;-4.369;RCP2.6;2007;11.91;12;8.78;27.74;6;
13161;47.9842;-4.369;RCP2.6;2008;11.51;7;11.12;22.89;1;
13161;47.9842;-4.369;RCP2.6;2009;12.18;3;9.66;19.59;1;
13161;47.9842;-4.369;RCP2.6;2010;11.87;9;10.51;27.35;5;
13161;47.9842;-4.369;RCP2.6;2011;12.02;10;7.77;25.3;4;
13161;47.9842;-4.369;RCP2.6;2012;12.23;11;10.18;24.16;2;
13161;47.9842;-4.369;RCP2.6;2013;12.42;7;8.62;21.83;1;
13161;47.9842;-4.369;RCP2.6;2014;12.31;12;9.01;29.14;7;
13161;47.9842;-4.369;RCP2.6;2015;12.36;8;7.69;27.92;5;
13161;47.9842;-4.369;RCP2.6;2016;12.59;13;11.16;30.57;6;
13161;47.9842;-4.369;RCP2.6;2017;12.92;7;8.65;27.42;5;
13161;47.9842;-4.369;RCP2.6;2018;11.63;11;11.72;26.02;4;
13161;47.9842;-4.369;RCP2.6;2019;11.43;12;11.4;29.09;7;
13161;47.9842;-4.369;RCP2.6;2020;11.52;9;8.8;29.28;6;
13162;47.9903;-4.2623;RCP2.6;2006;11.08;11;8.17;29.57;6;
13162;47.9903;-4.2623;RCP2.6;2007;11.68;13;8.36;27.71;6;
13162;47.9903;-4.2623;RCP2.6;2008;11.22;11;12.29;25.22;3;
13162;47.9903;-4.2623;RCP2.6;2009;11.97;6;11.15;20.96;2;
13162;47.9903;-4.2623;RCP2.6;2010;11.63;13;12.18;26.02;3;
13162;47.9903;-4.2623;RCP2.6;2011;11.72;11;9.66;25.38;3;
13162;47.9903;-4.2623;RCP2.6;2012;12;9;10.64;24.66;3;
13162;47.9903;-4.2623;RCP2.6;2013;12.12;6;8.93;21.43;1;
13162;47.9903;-4.2623;RCP2.6;2014;12;12;9.74;27.38;5;
13162;47.9903;-4.2623;RCP2.6;2015;12.06;7;7.9;29.25;6;
13162;47.9903;-4.2623;RCP2.6;2016;12.27;14;11.29;29.32;7;
13162;47.9903;-4.2623;RCP2.6;2017;12.56;10;10.17;27.3;5;
13162;47.9903;-4.2623;RCP2.6;2018;11.31;15;12;26.23;4;
13162;47.9903;-4.2623;RCP2.6;2019;11.13;12;11.79;30.68;5;
13162;47.9903;-4.2623;RCP2.6;2020;11.28;10;9.52;34.87;7;
13163;47.9962;-4.1555;RCP2.6;2006;11.29;10;8.06;29.22;6;
13163;47.9962;-4.1555;RCP2.6;2007;11.89;12;8.25;27.39;6;
13163;47.9962;-4.1555;RCP2.6;2008;11.43;11;12.13;24.88;3;
13163;47.9962;-4.1555;RCP2.6;2009;12.18;5;11.01;20.69;2;
13163;47.9962;-4.1555;RCP2.6;2010;11.84;11;12.06;25.69;3;
13163;47.9962;-4.1555;RCP2.6;2011;11.93;10;9.53;25.05;3;
13163;47.9962;-4.1555;RCP2.6;2012;12.22;8;10.63;24.34;3;
13163;47.9962;-4.1555;RCP2.6;2013;12.33;5;8.81;21.16;1;
13163;47.9962;-4.1555;RCP2.6;2014;12.23;12;9.6;27.02;5;
13163;47.9962;-4.1555;RCP2.6;2015;12.27;7;7.76;28.89;6;
13163;47.9962;-4.1555;RCP2.6;2016;12.48;14;11.14;29.02;7;
13163;47.9962;-4.1555;RCP2.6;2017;12.78;9;10.03;26.97;5;
13163;47.9962;-4.1555;RCP2.6;2018;11.52;13;11.85;25.87;4;
13163;47.9962;-4.1555;RCP2.6;2019;11.35;12;11.62;30.27;5;
13163;47.9962;-4.1555;RCP2.6;2020;11.5;9;9.39;34.53;7;
13164;48.0021;-4.0486;RCP2.6;2006;11.34;10;8.07;28.22;6;
13164;48.0021;-4.0486;RCP2.6;2007;11.98;14;8.7;27.4;6;
13164;48.0021;-4.0486;RCP2.6;2008;11.54;12;11.57;27.67;6;
13164;48.0021;-4.0486;RCP2.6;2009;12.29;7;9.81;21.69;2;
13164;48.0021;-4.0486;RCP2.6;2010;11.95;14;11.73;28.12;6;
13164;48.0021;-4.0486;RCP2.6;2011;12.02;12;10;26.53;4;
13164;48.0021;-4.0486;RCP2.6;2012;12.33;8;11.46;24.67;4;
13164;48.0021;-4.0486;RCP2.6;2013;12.36;9;8.68;22.05;2;
13164;48.0021;-4.0486;RCP2.6;2014;12.27;11;9.87;26.91;5;
13164;48.0021;-4.0486;RCP2.6;2015;12.32;9;8.56;28.75;6;
13164;48.0021;-4.0486;RCP2.6;2016;12.54;13;10.75;28.89;6;
13164;48.0021;-4.0486;RCP2.6;2017;12.84;10;9.5;27.39;6;
13164;48.0021;-4.0486;RCP2.6;2018;11.61;16;11.47;27.24;5;
13164;48.0021;-4.0486;RCP2.6;2019;11.41;12;10.95;30.06;7;
13164;48.0021;-4.0486;RCP2.6;2020;11.6;9;10.15;36.32;8;
13165;48.0079;-3.9418;RCP2.6;2006;11;7;8.27;27.27;4;
13165;48.0079;-3.9418;RCP2.6;2007;11.65;14;8.86;30;8;
13165;48.0079;-3.9418;RCP2.6;2008;11.2;13;11.82;28.92;5;
13165;48.0079;-3.9418;RCP2.6;2009;11.98;7;10.79;26.91;4;
13165;48.0079;-3.9418;RCP2.6;2010;11.67;15;12.31;30.14;6;
13165;48.0079;-3.9418;RCP2.6;2011;11.72;10;11.02;28.07;6;
13165;48.0079;-3.9418;RCP2.6;2012;11.99;8;10.6;26.21;4;
13165;48.0079;-3.9418;RCP2.6;2013;12.01;10;9.27;22.53;1;
13165;48.0079;-3.9418;RCP2.6;2014;11.88;8;10.2;26.06;4;
13165;48.0079;-3.9418;RCP2.6;2015;11.97;9;8.73;31.09;7;
13165;48.0079;-3.9418;RCP2.6;2016;12.2;13;10.77;29.17;6;
13165;48.0079;-3.9418;RCP2.6;2017;12.49;11;8.39;27.88;5;
13165;48.0079;-3.9418;RCP2.6;2018;11.24;14;11.62;31.02;7;
13165;48.0079;-3.9418;RCP2.6;2019;11.07;11;11.18;29.38;7;
13165;48.0079;-3.9418;RCP2.6;2020;11.26;9;10.94;38.49;7;
13166;48.0136;-3.8349;RCP2.6;2006;10.72;7;8.42;27.73;4;
13166;48.0136;-3.8349;RCP2.6;2007;11.36;15;9.03;30.56;8;
13166;48.0136;-3.8349;RCP2.6;2008;10.91;13;12.03;29.45;5;
13166;48.0136;-3.8349;RCP2.6;2009;11.68;7;10.99;27.37;4;
13166;48.0136;-3.8349;RCP2.6;2010;11.38;15;12.65;30.7;6;
13166;48.0136;-3.8349;RCP2.6;2011;11.42;10;11.22;28.59;6;
13166;48.0136;-3.8349;RCP2.6;2012;11.7;9;10.78;26.65;4;
13166;48.0136;-3.8349;RCP2.6;2013;11.72;10;9.39;22.95;2;
13166;48.0136;-3.8349;RCP2.6;2014;11.57;8;10.38;26.62;4;
13166;48.0136;-3.8349;RCP2.6;2015;11.68;9;8.77;31.63;7;
13166;48.0136;-3.8349;RCP2.6;2016;11.91;14;10.95;29.63;6;
13166;48.0136;-3.8349;RCP2.6;2017;12.19;11;8.56;28.56;5;
13166;48.0136;-3.8349;RCP2.6;2018;10.96;15;11.83;31.68;7;
13166;48.0136;-3.8349;RCP2.6;2019;10.78;11;11.39;29.92;7;
13166;48.0136;-3.8349;RCP2.6;2020;10.96;9;11.14;38.94;7;
13167;48.0192;-3.728;RCP2.6;2006;10.47;6;9.04;28.28;4;
13167;48.0192;-3.728;RCP2.6;2007;11.11;14;9.76;30.75;5;
13167;48.0192;-3.728;RCP2.6;2008;10.65;14;13.36;30.15;8;
13167;48.0192;-3.728;RCP2.6;2009;11.47;9;11.65;25.19;3;
13167;48.0192;-3.728;RCP2.6;2010;11.14;18;13.83;33.94;7;
13167;48.0192;-3.728;RCP2.6;2011;11.23;10;12.12;28.09;4;
13167;48.0192;-3.728;RCP2.6;2012;11.45;12;12.19;25.62;2;
13167;48.0192;-3.728;RCP2.6;2013;11.45;11;9.39;24.98;1;
13167;48.0192;-3.728;RCP2.6;2014;11.33;11;10.54;26.99;3;
13167;48.0192;-3.728;RCP2.6;2015;11.44;9;9.06;31.83;6;
13167;48.0192;-3.728;RCP2.6;2016;11.69;13;11.65;31.48;7;
13167;48.0192;-3.728;RCP2.6;2017;11.97;12;9.18;27.21;4;
13167;48.0192;-3.728;RCP2.6;2018;10.7;14;11.77;34.71;8;
13167;48.0192;-3.728;RCP2.6;2019;10.52;13;11.66;31.5;7;
13167;48.0192;-3.728;RCP2.6;2020;10.75;12;12.37;35.47;6;
13168;48.0247;-3.6211;RCP2.6;2006;10.51;6;8.46;25.15;4;
13168;48.0247;-3.6211;RCP2.6;2007;11.17;13;9.23;29.23;6;
13168;48.0247;-3.6211;RCP2.6;2008;10.71;13;12.09;29.92;8;
13168;48.0247;-3.6211;RCP2.6;2009;11.58;8;10.58;24.59;3;
13168;48.0247;-3.6211;RCP2.6;2010;11.17;14;12.56;32.32;7;
13168;48.0247;-3.6211;RCP2.6;2011;11.26;9;11.32;27.23;4;
13168;48.0247;-3.6211;RCP2.6;2012;11.51;10;10.75;26.74;4;
13168;48.0247;-3.6211;RCP2.6;2013;11.5;9;8.74;23.66;2;
13168;48.0247;-3.6211;RCP2.6;2014;11.41;10;9.5;26.62;4;
13168;48.0247;-3.6211;RCP2.6;2015;11.52;9;8.27;30.63;6;
13168;48.0247;-3.6211;RCP2.6;2016;11.76;12;10.29;31.14;7;
13168;48.0247;-3.6211;RCP2.6;2017;12.05;11;8.36;28.09;6;
13168;48.0247;-3.6211;RCP2.6;2018;10.75;11;11.08;32.31;7;
13168;48.0247;-3.6211;RCP2.6;2019;10.55;11;10.33;29.85;8;
13168;48.0247;-3.6211;RCP2.6;2020;10.8;12;11.35;32.41;9;
13169;48.0301;-3.5141;RCP2.6;2006;10.79;8;7.3;24.2;3;
13169;48.0301;-3.5141;RCP2.6;2007;11.51;11;9.43;29.88;7;
13169;48.0301;-3.5141;RCP2.6;2008;11.04;12;11.28;28.8;6;
13169;48.0301;-3.5141;RCP2.6;2009;11.94;9;9.75;28.22;5;
13169;48.0301;-3.5141;RCP2.6;2010;11.49;17;11.57;29.34;8;
13169;48.0301;-3.5141;RCP2.6;2011;11.57;8;10.28;27.65;5;
13169;48.0301;-3.5141;RCP2.6;2012;11.82;10;10.53;26.24;4;
13169;48.0301;-3.5141;RCP2.6;2013;11.82;9;8.33;25.12;2;
13169;48.0301;-3.5141;RCP2.6;2014;11.73;10;9.06;27.17;5;
13169;48.0301;-3.5141;RCP2.6;2015;11.82;9;7.19;28.4;5;
13169;48.0301;-3.5141;RCP2.6;2016;12.06;12;9.26;31.04;7;
13169;48.0301;-3.5141;RCP2.6;2017;12.34;9;8.19;27.99;5;
13169;48.0301;-3.5141;RCP2.6;2018;11.07;12;10.41;33.84;7;
13169;48.0301;-3.5141;RCP2.6;2019;10.84;11;9.85;30.75;8;
13169;48.0301;-3.5141;RCP2.6;2020;11.12;10;10.08;31.76;7;
13170;48.0354;-3.4072;RCP2.6;2006;10.64;9;7.51;23.83;3;
13170;48.0354;-3.4072;RCP2.6;2007;11.34;12;9.88;31.21;6;
13170;48.0354;-3.4072;RCP2.6;2008;10.92;11;12.22;27.95;5;
13170;48.0354;-3.4072;RCP2.6;2009;11.85;9;9.83;29.13;6;
13170;48.0354;-3.4072;RCP2.6;2010;11.4;18;11.38;29.62;7;
13170;48.0354;-3.4072;RCP2.6;2011;11.44;8;9.99;27.41;4;
13170;48.0354;-3.4072;RCP2.6;2012;11.68;10;11.37;26.83;4;
13170;48.0354;-3.4072;RCP2.6;2013;11.69;9;8.81;25.29;3;
13170;48.0354;-3.4072;RCP2.6;2014;11.56;11;9.64;27.83;6;
13170;48.0354;-3.4072;RCP2.6;2015;11.68;8;7.2;29.46;5;
13170;48.0354;-3.4072;RCP2.6;2016;11.93;11;9.87;31.08;7;
13170;48.0354;-3.4072;RCP2.6;2017;12.19;11;7.74;29.97;5;
13170;48.0354;-3.4072;RCP2.6;2018;10.96;12;10.41;34.03;8;
13170;48.0354;-3.4072;RCP2.6;2019;10.71;10;9.91;30.39;8;
13170;48.0354;-3.4072;RCP2.6;2020;11.02;13;10.02;33.42;7;
13171;48.0406;-3.3002;RCP2.6;2006;10.61;8;8.28;28.66;5;
13171;48.0406;-3.3002;RCP2.6;2007;11.32;12;9.35;28.94;6;
13171;48.0406;-3.3002;RCP2.6;2008;10.8;12;12.11;29.17;7;
13171;48.0406;-3.3002;RCP2.6;2009;11.81;10;9.44;28.68;6;
13171;48.0406;-3.3002;RCP2.6;2010;11.31;16;11.36;32.73;9;
13171;48.0406;-3.3002;RCP2.6;2011;11.35;8;9.46;26.16;3;
13171;48.0406;-3.3002;RCP2.6;2012;11.65;8;9.9;30.72;5;
13171;48.0406;-3.3002;RCP2.6;2013;11.65;10;9.32;24.44;3;
13171;48.0406;-3.3002;RCP2.6;2014;11.56;8;8.58;29.73;6;
13171;48.0406;-3.3002;RCP2.6;2015;11.67;9;7.39;30.36;6;
13171;48.0406;-3.3002;RCP2.6;2016;11.88;12;10.29;30.29;6;
13171;48.0406;-3.3002;RCP2.6;2017;12.17;11;8.43;28.92;6;
13171;48.0406;-3.3002;RCP2.6;2018;10.94;14;9.86;32.95;7;
13171;48.0406;-3.3002;RCP2.6;2019;10.67;12;9.99;34.36;8;
13171;48.0406;-3.3002;RCP2.6;2020;10.91;11;9.72;31.26;8;
13172;48.0457;-3.1932;RCP2.6;2006;10.63;6;7.95;26.19;4;
13172;48.0457;-3.1932;RCP2.6;2007;11.34;11;9.49;30.97;5;
13172;48.0457;-3.1932;RCP2.6;2008;10.83;9;11.6;29.11;5;
13172;48.0457;-3.1932;RCP2.6;2009;11.85;9;9.69;27.16;4;
13172;48.0457;-3.1932;RCP2.6;2010;11.35;15;11.1;31.2;10;
13172;48.0457;-3.1932;RCP2.6;2011;11.38;7;10.12;22.35;2;
13172;48.0457;-3.1932;RCP2.6;2012;11.68;8;10.54;26.73;3;
13172;48.0457;-3.1932;RCP2.6;2013;11.65;8;9.91;23.27;3;
13172;48.0457;-3.1932;RCP2.6;2014;11.54;8;9.63;29.74;5;
13172;48.0457;-3.1932;RCP2.6;2015;11.71;8;7.16;27.77;5;
13172;48.0457;-3.1932;RCP2.6;2016;11.9;12;9.62;29.98;6;
13172;48.0457;-3.1932;RCP2.6;2017;12.15;10;7.88;28.85;5;
13172;48.0457;-3.1932;RCP2.6;2018;10.96;15;9.95;32.02;7;
13172;48.0457;-3.1932;RCP2.6;2019;10.69;11;10.26;33.55;8;
13172;48.0457;-3.1932;RCP2.6;2020;10.94;10;9.68;30.68;8;
13173;48.0507;-3.0861;RCP2.6;2006;10.51;6;5.79;25.11;5;
13173;48.0507;-3.0861;RCP2.6;2007;11.18;8;7.57;27.97;5;
13173;48.0507;-3.0861;RCP2.6;2008;10.69;9;9.02;24.78;4;
13173;48.0507;-3.0861;RCP2.6;2009;11.72;7;7.18;22.68;3;
13173;48.0507;-3.0861;RCP2.6;2010;11.23;12;8.62;30.63;6;
13173;48.0507;-3.0861;RCP2.6;2011;11.29;3;7.27;17.29;2;
13173;48.0507;-3.0861;RCP2.6;2012;11.54;7;8.26;22.73;3;
13173;48.0507;-3.0861;RCP2.6;2013;11.5;5;8.29;20.93;3;
13173;48.0507;-3.0861;RCP2.6;2014;11.36;6;8;22.75;4;
13173;48.0507;-3.0861;RCP2.6;2015;11.61;6;5.31;21.28;1;
13173;48.0507;-3.0861;RCP2.6;2016;11.81;11;8.26;31.53;6;
13173;48.0507;-3.0861;RCP2.6;2017;12.05;7;6.69;23.8;4;
13173;48.0507;-3.0861;RCP2.6;2018;10.85;11;8.62;27.46;5;
13173;48.0507;-3.0861;RCP2.6;2019;10.59;8;8.14;30.39;7;
13173;48.0507;-3.0861;RCP2.6;2020;10.8;9;7.66;28.08;5;
13174;48.0556;-2.9791;RCP2.6;2006;10.87;6;5.59;24.59;5;
13174;48.0556;-2.9791;RCP2.6;2007;11.53;6;7.39;27.39;5;
13174;48.0556;-2.9791;RCP2.6;2008;11.07;7;8.8;24.17;4;
13174;48.0556;-2.9791;RCP2.6;2009;12.09;6;6.99;22.13;3;
13174;48.0556;-2.9791;RCP2.6;2010;11.59;12;8.37;30.09;6;
13174;48.0556;-2.9791;RCP2.6;2011;11.65;3;7.1;16.87;2;
13174;48.0556;-2.9791;RCP2.6;2012;11.91;7;8.06;22.25;3;
13174;48.0556;-2.9791;RCP2.6;2013;11.87;4;8.09;20.26;3;
13174;48.0556;-2.9791;RCP2.6;2014;11.75;6;7.82;22.19;4;
13174;48.0556;-2.9791;RCP2.6;2015;11.98;5;5.19;20.75;1;
13174;48.0556;-2.9791;RCP2.6;2016;12.18;10;8.06;30.84;6;
13174;48.0556;-2.9791;RCP2.6;2017;12.41;7;6.53;23.22;4;
13174;48.0556;-2.9791;RCP2.6;2018;11.22;10;8.41;26.79;5;
13174;48.0556;-2.9791;RCP2.6;2019;10.96;8;7.92;29.65;7;
13174;48.0556;-2.9791;RCP2.6;2020;11.18;8;7.52;27.56;5;
13175;48.0604;-2.872;RCP2.6;2006;10.84;6;5.88;24.82;4;
13175;48.0604;-2.872;RCP2.6;2007;11.42;6;7.57;25.1;4;
13175;48.0604;-2.872;RCP2.6;2008;11.06;5;9.14;24.02;4;
13175;48.0604;-2.872;RCP2.6;2009;12.05;7;7.19;22.46;4;
13175;48.0604;-2.872;RCP2.6;2010;11.57;9;8.04;27.08;5;
13175;48.0604;-2.872;RCP2.6;2011;11.62;3;6.95;19.61;2;
13175;48.0604;-2.872;RCP2.6;2012;11.89;6;8.19;23.33;3;
13175;48.0604;-2.872;RCP2.6;2013;11.85;3;7.64;18.94;2;
13175;48.0604;-2.872;RCP2.6;2014;11.68;7;7.49;24.67;4;
13175;48.0604;-2.872;RCP2.6;2015;11.9;6;5.33;22.04;1;
13175;48.0604;-2.872;RCP2.6;2016;12.15;11;8.66;31.3;7;
13175;48.0604;-2.872;RCP2.6;2017;12.36;5;6.32;21.01;1;
13175;48.0604;-2.872;RCP2.6;2018;11.17;11;8.31;23.93;4;
13175;48.0604;-2.872;RCP2.6;2019;10.91;8;7.82;28.01;5;
13175;48.0604;-2.872;RCP2.6;2020;11.12;8;7.43;29.59;5;
13176;48.0652;-2.7649;RCP2.6;2006;10.9;6;5.85;24.4;4;
13176;48.0652;-2.7649;RCP2.6;2007;11.46;6;7.63;25.74;5;
13176;48.0652;-2.7649;RCP2.6;2008;11.11;5;9.19;22.23;3;
13176;48.0652;-2.7649;RCP2.6;2009;12.09;6;7.18;22.67;4;
13176;48.0652;-2.7649;RCP2.6;2010;11.63;8;7.48;23.88;3;
13176;48.0652;-2.7649;RCP2.6;2011;11.7;4;8.65;21.01;2;
13176;48.0652;-2.7649;RCP2.6;2012;11.95;3;7.62;19.14;3;
13176;48.0652;-2.7649;RCP2.6;2013;11.9;2;7.84;18.03;1;
13176;48.0652;-2.7649;RCP2.6;2014;11.71;7;7.24;22.95;4;
13176;48.0652;-2.7649;RCP2.6;2015;11.98;5;5.81;21.33;2;
13176;48.0652;-2.7649;RCP2.6;2016;12.21;10;8.62;31.71;7;
13176;48.0652;-2.7649;RCP2.6;2017;12.43;3;6.89;18.26;1;
13176;48.0652;-2.7649;RCP2.6;2018;11.24;9;8.41;23.75;3;
13176;48.0652;-2.7649;RCP2.6;2019;10.95;8;8.38;26.03;6;
13176;48.0652;-2.7649;RCP2.6;2020;11.21;10;7.09;31.07;6;
13177;48.0698;-2.6578;RCP2.6;2006;10.97;6;5.82;24.31;4;
13177;48.0698;-2.6578;RCP2.6;2007;11.53;6;7.58;25.6;5;
13177;48.0698;-2.6578;RCP2.6;2008;11.18;5;9.15;22.11;3;
13177;48.0698;-2.6578;RCP2.6;2009;12.17;5;7.14;22.61;4;
13177;48.0698;-2.6578;RCP2.6;2010;11.71;8;7.45;23.76;3;
13177;48.0698;-2.6578;RCP2.6;2011;11.78;4;8.61;20.9;2;
13177;48.0698;-2.6578;RCP2.6;2012;12.03;3;7.57;19.04;3;
13177;48.0698;-2.6578;RCP2.6;2013;11.98;2;7.8;17.94;1;
13177;48.0698;-2.6578;RCP2.6;2014;11.79;7;7.21;22.83;4;
13177;48.0698;-2.6578;RCP2.6;2015;12.05;5;5.82;21.22;2;
13177;48.0698;-2.6578;RCP2.6;2016;12.28;10;8.58;31.56;7;
13177;48.0698;-2.6578;RCP2.6;2017;12.51;3;6.86;18.17;1;
13177;48.0698;-2.6578;RCP2.6;2018;11.32;9;8.37;23.64;3;
13177;48.0698;-2.6578;RCP2.6;2019;11.02;8;8.34;25.9;6;
13177;48.0698;-2.6578;RCP2.6;2020;11.29;10;7.05;30.96;6;
13178;48.0743;-2.5507;RCP2.6;2006;10.98;5;6.26;22.89;5;
13178;48.0743;-2.5507;RCP2.6;2007;11.54;7;7.67;24.76;5;
13178;48.0743;-2.5507;RCP2.6;2008;11.27;3;8.08;17.06;1;
13178;48.0743;-2.5507;RCP2.6;2009;12.22;7;6.54;22.6;5;
13178;48.0743;-2.5507;RCP2.6;2010;11.72;4;7.01;21.55;4;
13178;48.0743;-2.5507;RCP2.6;2011;11.73;3;7.67;18.24;3;
13178;48.0743;-2.5507;RCP2.6;2012;12.04;2;7.13;15.89;2;
13178;48.0743;-2.5507;RCP2.6;2013;12;2;7.04;14.13;0;
13178;48.0743;-2.5507;RCP2.6;2014;11.83;5;6.91;21.59;4;
13178;48.0743;-2.5507;RCP2.6;2015;12.06;3;5.64;17.51;2;
13178;48.0743;-2.5507;RCP2.6;2016;12.24;8;7.82;24.77;7;
13178;48.0743;-2.5507;RCP2.6;2017;12.53;3;6.54;19.55;2;
13178;48.0743;-2.5507;RCP2.6;2018;11.33;5;7.44;21.17;3;
13178;48.0743;-2.5507;RCP2.6;2019;11.05;7;8.29;22.02;4;
13178;48.0743;-2.5507;RCP2.6;2020;11.3;8;8.03;27.94;7;
13179;48.0787;-2.4436;RCP2.6;2006;10.89;4;5.24;19.68;3;
13179;48.0787;-2.4436;RCP2.6;2007;11.49;7;7.11;24.48;5;
13179;48.0787;-2.4436;RCP2.6;2008;11.17;3;7.93;17.8;2;
13179;48.0787;-2.4436;RCP2.6;2009;12.16;6;5.88;23.9;5;
13179;48.0787;-2.4436;RCP2.6;2010;11.65;7;6.51;23.19;4;
13179;48.0787;-2.4436;RCP2.6;2011;11.72;3;6.78;18.07;3;
13179;48.0787;-2.4436;RCP2.6;2012;12.02;2;6.84;16.01;2;
13179;48.0787;-2.4436;RCP2.6;2013;11.95;0;6.19;15.64;0;
13179;48.0787;-2.4436;RCP2.6;2014;11.75;6;6.43;24.02;5;
13179;48.0787;-2.4436;RCP2.6;2015;12.05;2;5.01;18.44;1;
13179;48.0787;-2.4436;RCP2.6;2016;12.22;8;7.28;28.82;6;
13179;48.0787;-2.4436;RCP2.6;2017;12.51;3;6.03;18.22;1;
13179;48.0787;-2.4436;RCP2.6;2018;11.25;8;7.22;22.24;5;
13179;48.0787;-2.4436;RCP2.6;2019;11;7;8.12;22.39;5;
13179;48.0787;-2.4436;RCP2.6;2020;11.22;8;7.23;26.3;7;
13180;48.083;-2.3364;RCP2.6;2006;10.97;4;5.33;20.1;3;
13180;48.083;-2.3364;RCP2.6;2007;11.6;6;7.09;22.47;4;
13180;48.083;-2.3364;RCP2.6;2008;11.31;3;7.92;16.9;1;
13180;48.083;-2.3364;RCP2.6;2009;12.28;6;5.83;22.34;5;
13180;48.083;-2.3364;RCP2.6;2010;11.73;7;7.72;22.9;4;
13180;48.083;-2.3364;RCP2.6;2011;11.81;4;6.98;20.55;4;
13180;48.083;-2.3364;RCP2.6;2012;12.08;3;6.32;16.37;3;
13180;48.083;-2.3364;RCP2.6;2013;12.07;1;6.31;15.19;1;
13180;48.083;-2.3364;RCP2.6;2014;11.83;6;6.33;27.31;5;
13180;48.083;-2.3364;RCP2.6;2015;12.13;1;5;17.87;1;
13180;48.083;-2.3364;RCP2.6;2016;12.3;6;6.99;24.97;5;
13180;48.083;-2.3364;RCP2.6;2017;12.59;5;6.4;21.27;4;
13180;48.083;-2.3364;RCP2.6;2018;11.35;6;6.99;23.82;6;
13180;48.083;-2.3364;RCP2.6;2019;11.12;7;7.52;22.98;5;
13180;48.083;-2.3364;RCP2.6;2020;11.31;6;7.31;24.75;6;
13181;48.0873;-2.2292;RCP2.6;2006;10.83;3;5.86;17.42;4;
13181;48.0873;-2.2292;RCP2.6;2007;11.43;4;7.28;17.97;4;
13181;48.0873;-2.2292;RCP2.6;2008;11.23;1;6.68;14.55;1;
13181;48.0873;-2.2292;RCP2.6;2009;12.15;4;6.03;18.65;4;
13181;48.0873;-2.2292;RCP2.6;2010;11.6;3;6.62;17.66;4;
13181;48.0873;-2.2292;RCP2.6;2011;11.67;2;6.62;16.98;2;
13181;48.0873;-2.2292;RCP2.6;2012;11.94;3;6.51;14.94;3;
13181;48.0873;-2.2292;RCP2.6;2013;11.94;1;6.24;14.31;1;
13181;48.0873;-2.2292;RCP2.6;2014;11.69;4;6.42;21.17;6;
13181;48.0873;-2.2292;RCP2.6;2015;12;1;4.36;16.62;2;
13181;48.0873;-2.2292;RCP2.6;2016;12.14;5;7.6;22.98;7;
13181;48.0873;-2.2292;RCP2.6;2017;12.45;3;6.58;18.2;4;
13181;48.0873;-2.2292;RCP2.6;2018;11.19;5;6.67;20.43;5;
13181;48.0873;-2.2292;RCP2.6;2019;10.95;2;6.94;16.76;3;
13181;48.0873;-2.2292;RCP2.6;2020;11.19;5;8.01;22.97;6;
13182;48.0914;-2.122;RCP2.6;2006;10.78;3;5.88;17.47;4;
13182;48.0914;-2.122;RCP2.6;2007;11.39;4;7.3;18.01;4;
13182;48.0914;-2.122;RCP2.6;2008;11.18;1;6.7;14.59;1;
13182;48.0914;-2.122;RCP2.6;2009;12.1;4;6.05;18.7;4;
13182;48.0914;-2.122;RCP2.6;2010;11.56;3;6.64;17.72;4;
13182;48.0914;-2.122;RCP2.6;2011;11.63;2;6.64;17.02;2;
13182;48.0914;-2.122;RCP2.6;2012;11.89;3;6.53;14.98;3;
13182;48.0914;-2.122;RCP2.6;2013;11.89;1;6.26;14.35;1;
13182;48.0914;-2.122;RCP2.6;2014;11.64;4;6.44;21.23;6;
13182;48.0914;-2.122;RCP2.6;2015;11.96;1;4.37;16.67;2;
13182;48.0914;-2.122;RCP2.6;2016;12.09;5;7.62;23.03;7;
13182;48.0914;-2.122;RCP2.6;2017;12.4;3;6.6;18.26;4;
13182;48.0914;-2.122;RCP2.6;2018;11.14;5;6.69;20.48;5;
13182;48.0914;-2.122;RCP2.6;2019;10.91;2;6.93;16.81;3;
13182;48.0914;-2.122;RCP2.6;2020;11.14;5;8.03;23.03;6;
13183;48.0954;-2.0148;RCP2.6;2006;10.83;3;5.43;18.04;4;
13183;48.0954;-2.0148;RCP2.6;2007;11.38;3;6.45;19;5;
13183;48.0954;-2.0148;RCP2.6;2008;11.24;1;6.96;13.5;1;
13183;48.0954;-2.0148;RCP2.6;2009;12.14;4;5.99;19.64;4;
13183;48.0954;-2.0148;RCP2.6;2010;11.57;2;6.31;16.82;3;
13183;48.0954;-2.0148;RCP2.6;2011;11.64;3;6.38;18.54;4;
13183;48.0954;-2.0148;RCP2.6;2012;11.92;3;6.34;14.63;3;
13183;48.0954;-2.0148;RCP2.6;2013;11.93;1;6.52;14.17;1;
13183;48.0954;-2.0148;RCP2.6;2014;11.67;4;6.33;20.61;6;
13183;48.0954;-2.0148;RCP2.6;2015;11.97;1;4.87;16.31;3;
13183;48.0954;-2.0148;RCP2.6;2016;12.08;7;7.88;23.34;8;
13183;48.0954;-2.0148;RCP2.6;2017;12.42;3;6.66;19.07;5;
13183;48.0954;-2.0148;RCP2.6;2018;11.18;5;6.61;21.21;7;
13183;48.0954;-2.0148;RCP2.6;2019;10.95;2;7.18;16.58;3;
13183;48.0954;-2.0148;RCP2.6;2020;11.16;5;7.55;26.77;6;
13184;48.0994;-1.9076;RCP2.6;2006;11.17;3;5.56;18.09;3;
13184;48.0994;-1.9076;RCP2.6;2007;11.72;7;6.99;22.1;7;
13184;48.0994;-1.9076;RCP2.6;2008;11.59;2;7.72;15.8;2;
13184;48.0994;-1.9076;RCP2.6;2009;12.5;4;6.09;21.06;4;
13184;48.0994;-1.9076;RCP2.6;2010;11.93;3;6.68;18.66;3;
13184;48.0994;-1.9076;RCP2.6;2011;12.01;5;5.49;22.41;5;
13184;48.0994;-1.9076;RCP2.6;2012;12.33;3;6.52;16.18;3;
13184;48.0994;-1.9076;RCP2.6;2013;12.3;1;6.67;15.84;1;
13184;48.0994;-1.9076;RCP2.6;2014;12.06;6;6.88;26.09;6;
13184;48.0994;-1.9076;RCP2.6;2015;12.33;1;5.48;15.74;1;
13184;48.0994;-1.9076;RCP2.6;2016;12.45;7;7.68;24.47;7;
13184;48.0994;-1.9076;RCP2.6;2017;12.79;5;6.78;20.66;5;
13184;48.0994;-1.9076;RCP2.6;2018;11.6;7;7.07;21.55;7;
13184;48.0994;-1.9076;RCP2.6;2019;11.34;6;7.62;21.31;6;
13184;48.0994;-1.9076;RCP2.6;2020;11.54;6;8.6;25.06;6;
13185;48.1032;-1.8003;RCP2.6;2006;11.45;3;5.2;17.26;4;
13185;48.1032;-1.8003;RCP2.6;2007;12.01;2;6.12;17.55;5;
13185;48.1032;-1.8003;RCP2.6;2008;11.85;1;6.65;13.14;1;
13185;48.1032;-1.8003;RCP2.6;2009;12.77;4;5.63;18.24;4;
13185;48.1032;-1.8003;RCP2.6;2010;12.19;3;5.73;17;4;
13185;48.1032;-1.8003;RCP2.6;2011;12.26;4;5.06;18.96;5;
13185;48.1032;-1.8003;RCP2.6;2012;12.58;3;5.59;14.2;3;
13185;48.1032;-1.8003;RCP2.6;2013;12.57;1;6.19;13.42;1;
13185;48.1032;-1.8003;RCP2.6;2014;12.28;4;6.09;21.07;6;
13185;48.1032;-1.8003;RCP2.6;2015;12.61;1;4.55;14.57;2;
13185;48.1032;-1.8003;RCP2.6;2016;12.7;7;7;21.18;7;
13185;48.1032;-1.8003;RCP2.6;2017;13.03;2;5.83;16.9;4;
13185;48.1032;-1.8003;RCP2.6;2018;11.84;2;6.21;17.35;5;
13185;48.1032;-1.8003;RCP2.6;2019;11.57;2;6.77;18.03;5;
13185;48.1032;-1.8003;RCP2.6;2020;11.78;4;7.49;21.63;6;
13186;48.1069;-1.6931;RCP2.6;2006;11.45;2;5.74;16.23;4;
13186;48.1069;-1.6931;RCP2.6;2007;12.05;4;5.91;18.28;4;
13186;48.1069;-1.6931;RCP2.6;2008;11.82;1;7.21;13.24;1;
13186;48.1069;-1.6931;RCP2.6;2009;12.8;3;5.63;18.96;5;
13186;48.1069;-1.6931;RCP2.6;2010;12.18;1;5.85;16.03;1;
13186;48.1069;-1.6931;RCP2.6;2011;12.23;3;5.06;16.49;4;
13186;48.1069;-1.6931;RCP2.6;2012;12.59;3;6.18;14.36;3;
13186;48.1069;-1.6931;RCP2.6;2013;12.55;0;5.8;14.55;1;
13186;48.1069;-1.6931;RCP2.6;2014;12.29;4;5.69;19.04;5;
13186;48.1069;-1.6931;RCP2.6;2015;12.6;1;5.12;13.55;2;
13186;48.1069;-1.6931;RCP2.6;2016;12.72;5;7.39;20.87;8;
13186;48.1069;-1.6931;RCP2.6;2017;13;1;6.47;16;2;
13186;48.1069;-1.6931;RCP2.6;2018;11.83;2;6.67;18.24;5;
13186;48.1069;-1.6931;RCP2.6;2019;11.6;2;6.69;16.72;3;
13186;48.1069;-1.6931;RCP2.6;2020;11.77;4;7.49;19.67;5;
13187;48.1106;-1.5858;RCP2.6;2006;11.34;1;6.06;16.08;2;
13187;48.1106;-1.5858;RCP2.6;2007;11.93;2;6.15;17.81;4;
13187;48.1106;-1.5858;RCP2.6;2008;11.71;1;6.93;14.56;1;
13187;48.1106;-1.5858;RCP2.6;2009;12.68;3;6.22;16.68;3;
13187;48.1106;-1.5858;RCP2.6;2010;12.09;1;6.27;16.42;2;
13187;48.1106;-1.5858;RCP2.6;2011;12.14;3;5.27;14.86;3;
13187;48.1106;-1.5858;RCP2.6;2012;12.48;3;6.06;14.06;3;
13187;48.1106;-1.5858;RCP2.6;2013;12.45;1;5.94;15.08;1;
13187;48.1106;-1.5858;RCP2.6;2014;12.17;2;6.01;19.39;7;
13187;48.1106;-1.5858;RCP2.6;2015;12.46;1;5.08;12.47;2;
13187;48.1106;-1.5858;RCP2.6;2016;12.59;5;6.74;21.02;6;
13187;48.1106;-1.5858;RCP2.6;2017;12.86;1;6.76;15.83;2;
13187;48.1106;-1.5858;RCP2.6;2018;11.71;2;6.8;17.77;5;
13187;48.1106;-1.5858;RCP2.6;2019;11.48;3;6.56;17.24;4;
13187;48.1106;-1.5858;RCP2.6;2020;11.71;4;7.75;20.34;5;
13188;48.1141;-1.4785;RCP2.6;2006;11.27;1;6.12;16.15;2;
13188;48.1141;-1.4785;RCP2.6;2007;11.86;2;6.09;17.89;4;
13188;48.1141;-1.4785;RCP2.6;2008;11.64;1;6.99;14.63;1;
13188;48.1141;-1.4785;RCP2.6;2009;12.61;3;6.25;16.75;3;
13188;48.1141;-1.4785;RCP2.6;2010;12.02;1;6.3;16.49;2;
13188;48.1141;-1.4785;RCP2.6;2011;12.08;3;5.3;14.93;3;
13188;48.1141;-1.4785;RCP2.6;2012;12.41;3;6.09;14.12;3;
13188;48.1141;-1.4785;RCP2.6;2013;12.38;1;5.97;15.15;1;
13188;48.1141;-1.4785;RCP2.6;2014;12.1;2;6.03;19.47;7;
13188;48.1141;-1.4785;RCP2.6;2015;12.39;2;5.14;12.52;2;
13188;48.1141;-1.4785;RCP2.6;2016;12.52;5;6.76;21.11;6;
13188;48.1141;-1.4785;RCP2.6;2017;12.79;1;6.79;15.9;2;
13188;48.1141;-1.4785;RCP2.6;2018;11.64;2;6.83;17.85;5;
13188;48.1141;-1.4785;RCP2.6;2019;11.41;3;6.58;17.33;4;
13188;48.1141;-1.4785;RCP2.6;2020;11.64;4;7.79;20.4;5;
13189;48.1175;-1.3712;RCP2.6;2006;10.97;5;8.41;20.38;5;
13189;48.1175;-1.3712;RCP2.6;2007;11.64;3;6.74;18.48;3;
13189;48.1175;-1.3712;RCP2.6;2008;11.32;1;8.26;16.39;1;
13189;48.1175;-1.3712;RCP2.6;2009;12.37;3;7.65;19.43;3;
13189;48.1175;-1.3712;RCP2.6;2010;11.71;2;7.54;18.41;2;
13189;48.1175;-1.3712;RCP2.6;2011;11.78;3;6.63;17.84;3;
13189;48.1175;-1.3712;RCP2.6;2012;12.17;3;7.37;17.63;3;
13189;48.1175;-1.3712;RCP2.6;2013;12.06;1;7.04;15.15;1;
13189;48.1175;-1.3712;RCP2.6;2014;11.78;4;7.29;19.74;4;
13189;48.1175;-1.3712;RCP2.6;2015;12.08;2;6.01;15.78;2;
13189;48.1175;-1.3712;RCP2.6;2016;12.28;6;8.04;25.97;6;
13189;48.1175;-1.3712;RCP2.6;2017;12.5;2;8.02;18.45;2;
13189;48.1175;-1.3712;RCP2.6;2018;11.35;6;7.38;20.79;6;
13189;48.1175;-1.3712;RCP2.6;2019;11.14;4;7.49;19.89;4;
13189;48.1175;-1.3712;RCP2.6;2020;11.39;7;8.46;24.77;7;
13190;48.1209;-1.2639;RCP2.6;2006;10.95;5;8.45;20.4;5;
13190;48.1209;-1.2639;RCP2.6;2007;11.63;3;6.74;18.49;3;
13190;48.1209;-1.2639;RCP2.6;2008;11.31;1;8.26;16.4;1;
13190;48.1209;-1.2639;RCP2.6;2009;12.35;3;7.66;19.45;3;
13190;48.1209;-1.2639;RCP2.6;2010;11.7;2;7.54;18.42;2;
13190;48.1209;-1.2639;RCP2.6;2011;11.77;3;6.64;17.86;3;
13190;48.1209;-1.2639;RCP2.6;2012;12.16;3;7.38;17.58;3;
13190;48.1209;-1.2639;RCP2.6;2013;12.04;1;7.04;15.16;1;
13190;48.1209;-1.2639;RCP2.6;2014;11.76;4;7.3;19.76;4;
13190;48.1209;-1.2639;RCP2.6;2015;12.07;2;6.02;15.79;2;
13190;48.1209;-1.2639;RCP2.6;2016;12.26;6;8.05;26;6;
13190;48.1209;-1.2639;RCP2.6;2017;12.48;2;8.02;18.51;2;
13190;48.1209;-1.2639;RCP2.6;2018;11.34;6;7.39;20.81;6;
13190;48.1209;-1.2639;RCP2.6;2019;11.12;4;7.49;19.91;4;
13190;48.1209;-1.2639;RCP2.6;2020;11.38;7;8.47;24.79;7;
13191;48.1241;-1.1566;RCP2.6;2006;10.79;5;7.84;21.66;5;
13191;48.1241;-1.1566;RCP2.6;2007;11.42;4;6.61;19.06;4;
13191;48.1241;-1.1566;RCP2.6;2008;11.12;2;8.48;17.74;2;
13191;48.1241;-1.1566;RCP2.6;2009;12.16;3;7.77;18.87;3;
13191;48.1241;-1.1566;RCP2.6;2010;11.53;3;8.04;19.38;3;
13191;48.1241;-1.1566;RCP2.6;2011;11.59;2;6.99;17.98;2;
13191;48.1241;-1.1566;RCP2.6;2012;11.97;3;6.99;19.14;3;
13191;48.1241;-1.1566;RCP2.6;2013;11.88;2;6.83;15.07;2;
13191;48.1241;-1.1566;RCP2.6;2014;11.58;3;6.91;17.83;3;
13191;48.1241;-1.1566;RCP2.6;2015;11.87;3;6.24;16.2;3;
13191;48.1241;-1.1566;RCP2.6;2016;12.12;6;7.94;25.78;6;
13191;48.1241;-1.1566;RCP2.6;2017;12.29;4;7.98;19.61;4;
13191;48.1241;-1.1566;RCP2.6;2018;11.14;6;7.58;21.19;6;
13191;48.1241;-1.1566;RCP2.6;2019;10.93;5;7.84;21.66;5;
13191;48.1241;-1.1566;RCP2.6;2020;11.23;5;8.9;22.25;5;
13301;48.037;-4.6988;RCP2.6;2006;11.88;4;5.69;20.29;6;
13301;48.037;-4.6988;RCP2.6;2007;12.33;3;6.41;19.39;7;
13301;48.037;-4.6988;RCP2.6;2008;11.93;0;7.7;16.81;1;
13301;48.037;-4.6988;RCP2.6;2009;12.6;2;8.06;14.22;2;
13301;48.037;-4.6988;RCP2.6;2010;12.33;3;7.69;18.42;4;
13301;48.037;-4.6988;RCP2.6;2011;12.47;5;6.37;20.72;5;
13301;48.037;-4.6988;RCP2.6;2012;12.64;2;7.06;18.27;4;
13301;48.037;-4.6988;RCP2.6;2013;12.8;3;5.93;17.68;3;
13301;48.037;-4.6988;RCP2.6;2014;12.71;8;6.62;24.91;8;
13301;48.037;-4.6988;RCP2.6;2015;12.75;3;5.68;18.78;6;
13301;48.037;-4.6988;RCP2.6;2016;12.94;3;8.19;19.82;7;
13301;48.037;-4.6988;RCP2.6;2017;13.33;2;6.09;15.28;2;
13301;48.037;-4.6988;RCP2.6;2018;12.11;2;8.09;17.4;3;
13301;48.037;-4.6988;RCP2.6;2019;11.91;5;7.94;21.07;6;
13301;48.037;-4.6988;RCP2.6;2020;11.98;5;6.66;24.12;8;
13302;48.0434;-4.592;RCP2.6;2006;11.71;4;5.73;20.51;6;
13302;48.0434;-4.592;RCP2.6;2007;12.15;3;6.47;19.6;7;
13302;48.0434;-4.592;RCP2.6;2008;11.75;0;7.78;17.01;1;
13302;48.0434;-4.592;RCP2.6;2009;12.42;2;8.15;14.39;2;
13302;48.0434;-4.592;RCP2.6;2010;12.15;3;7.78;18.61;4;
13302;48.0434;-4.592;RCP2.6;2011;12.29;5;6.44;20.97;5;
13302;48.0434;-4.592;RCP2.6;2012;12.45;3;7.14;18.45;4;
13302;48.0434;-4.592;RCP2.6;2013;12.62;3;5.99;17.81;3;
13302;48.0434;-4.592;RCP2.6;2014;12.52;8;6.7;25.19;8;
13302;48.0434;-4.592;RCP2.6;2015;12.56;3;5.73;19;6;
13302;48.0434;-4.592;RCP2.6;2016;12.75;4;8.31;20.05;7;
13302;48.0434;-4.592;RCP2.6;2017;13.14;2;6.15;15.46;2;
13302;48.0434;-4.592;RCP2.6;2018;11.93;2;8.2;17.61;3;
13302;48.0434;-4.592;RCP2.6;2019;11.73;5;8.12;21.32;7;
13302;48.0434;-4.592;RCP2.6;2020;11.79;6;6.74;24.29;8;
13303;48.0497;-4.4851;RCP2.6;2006;11.63;5;5.76;20.61;6;
13303;48.0497;-4.4851;RCP2.6;2007;12.08;3;6.49;19.68;7;
13303;48.0497;-4.4851;RCP2.6;2008;11.69;0;8.07;17.09;2;
13303;48.0497;-4.4851;RCP2.6;2009;12.34;2;8.19;14.46;2;
13303;48.0497;-4.4851;RCP2.6;2010;12.07;3;7.85;18.69;4;
13303;48.0497;-4.4851;RCP2.6;2011;12.22;5;6.46;21.07;5;
13303;48.0497;-4.4851;RCP2.6;2012;12.37;3;7.18;18.53;4;
13303;48.0497;-4.4851;RCP2.6;2013;12.54;3;6.01;17.89;3;
13303;48.0497;-4.4851;RCP2.6;2014;12.44;8;6.73;25.3;8;
13303;48.0497;-4.4851;RCP2.6;2015;12.48;3;5.76;19.1;6;
13303;48.0497;-4.4851;RCP2.6;2016;12.67;5;8.35;20.14;7;
13303;48.0497;-4.4851;RCP2.6;2017;13.06;2;6.18;15.53;2;
13303;48.0497;-4.4851;RCP2.6;2018;11.85;2;8.24;17.7;3;
13303;48.0497;-4.4851;RCP2.6;2019;11.65;5;8.05;21.43;6;
13303;48.0497;-4.4851;RCP2.6;2020;11.72;7;6.77;24.36;8;
13304;48.0558;-4.3782;RCP2.6;2006;11.6;5;5.76;20.64;6;
13304;48.0558;-4.3782;RCP2.6;2007;12.06;3;6.51;19.72;7;
13304;48.0558;-4.3782;RCP2.6;2008;11.65;0;7.83;17.12;1;
13304;48.0558;-4.3782;RCP2.6;2009;12.31;2;8.2;14.5;2;
13304;48.0558;-4.3782;RCP2.6;2010;12.04;3;7.83;18.72;4;
13304;48.0558;-4.3782;RCP2.6;2011;12.18;5;6.47;21.11;5;
13304;48.0558;-4.3782;RCP2.6;2012;12.34;3;7.19;18.56;4;
13304;48.0558;-4.3782;RCP2.6;2013;12.51;3;6.03;17.92;3;
13304;48.0558;-4.3782;RCP2.6;2014;12.4;8;6.75;25.35;8;
13304;48.0558;-4.3782;RCP2.6;2015;12.46;3;5.77;19.14;6;
13304;48.0558;-4.3782;RCP2.6;2016;12.64;5;8.36;20.18;7;
13304;48.0558;-4.3782;RCP2.6;2017;13.03;2;6.19;15.56;2;
13304;48.0558;-4.3782;RCP2.6;2018;11.82;2;8.26;17.73;3;
13304;48.0558;-4.3782;RCP2.6;2019;11.62;5;8.06;21.47;7;
13304;48.0558;-4.3782;RCP2.6;2020;11.68;7;6.87;24.39;8;
13305;48.0619;-4.2713;RCP2.6;2006;11.27;8;8.02;27.79;5;
13305;48.0619;-4.2713;RCP2.6;2007;11.83;10;8.38;29.16;6;
13305;48.0619;-4.2713;RCP2.6;2008;11.38;11;11.7;27.82;5;
13305;48.0619;-4.2713;RCP2.6;2009;12.15;6;10.86;22.03;2;
13305;48.0619;-4.2713;RCP2.6;2010;11.81;11;11.71;28.7;5;
13305;48.0619;-4.2713;RCP2.6;2011;11.93;12;8.99;27.19;5;
13305;48.0619;-4.2713;RCP2.6;2012;12.2;8;10.75;25.03;3;
13305;48.0619;-4.2713;RCP2.6;2013;12.3;8;8.6;23.97;1;
13305;48.0619;-4.2713;RCP2.6;2014;12.18;10;9.43;33.16;7;
13305;48.0619;-4.2713;RCP2.6;2015;12.23;9;6.83;28.15;6;
13305;48.0619;-4.2713;RCP2.6;2016;12.46;13;10.97;29.78;6;
13305;48.0619;-4.2713;RCP2.6;2017;12.77;6;8.7;24.29;3;
13305;48.0619;-4.2713;RCP2.6;2018;11.47;16;11.25;27.29;4;
13305;48.0619;-4.2713;RCP2.6;2019;11.29;12;11.36;29.91;7;
13305;48.0619;-4.2713;RCP2.6;2020;11.5;9;10.24;35.43;7;
13306;48.0679;-4.1643;RCP2.6;2006;10.98;8;8.18;28.26;5;
13306;48.0679;-4.1643;RCP2.6;2007;11.53;11;8.62;29.7;6;
13306;48.0679;-4.1643;RCP2.6;2008;11.07;11;11.94;28.37;5;
13306;48.0679;-4.1643;RCP2.6;2009;11.84;8;11.07;22.42;2;
13306;48.0679;-4.1643;RCP2.6;2010;11.5;12;11.99;29.27;5;
13306;48.0679;-4.1643;RCP2.6;2011;11.62;12;9.15;27.73;5;
13306;48.0679;-4.1643;RCP2.6;2012;11.89;8;10.96;25.5;3;
13306;48.0679;-4.1643;RCP2.6;2013;11.99;9;8.87;24.44;1;
13306;48.0679;-4.1643;RCP2.6;2014;11.86;10;9.53;33.81;7;
13306;48.0679;-4.1643;RCP2.6;2015;11.92;9;6.96;28.68;6;
13306;48.0679;-4.1643;RCP2.6;2016;12.15;13;11.17;30.37;6;
13306;48.0679;-4.1643;RCP2.6;2017;12.46;6;8.87;24.77;3;
13306;48.0679;-4.1643;RCP2.6;2018;11.17;17;11.47;27.83;4;
13306;48.0679;-4.1643;RCP2.6;2019;10.99;13;11.59;30.5;7;
13306;48.0679;-4.1643;RCP2.6;2020;11.19;9;10.45;35.92;7;
13307;48.0738;-4.0573;RCP2.6;2006;10.98;7;8.69;28.39;5;
13307;48.0738;-4.0573;RCP2.6;2007;11.57;13;9.19;29.85;6;
13307;48.0738;-4.0573;RCP2.6;2008;11.11;11;11.99;29.63;5;
13307;48.0738;-4.0573;RCP2.6;2009;11.89;6;9.38;25.41;3;
13307;48.0738;-4.0573;RCP2.6;2010;11.59;13;12.36;29.93;5;
13307;48.0738;-4.0573;RCP2.6;2011;11.67;10;9.35;28.03;5;
13307;48.0738;-4.0573;RCP2.6;2012;11.93;7;11.18;23.69;3;
13307;48.0738;-4.0573;RCP2.6;2013;11.99;10;8.78;24.13;1;
13307;48.0738;-4.0573;RCP2.6;2014;11.86;10;10.24;30.36;6;
13307;48.0738;-4.0573;RCP2.6;2015;11.94;8;7.14;28.46;5;
13307;48.0738;-4.0573;RCP2.6;2016;12.15;14;11.11;28.83;7;
13307;48.0738;-4.0573;RCP2.6;2017;12.46;9;8.81;24.91;2;
13307;48.0738;-4.0573;RCP2.6;2018;11.17;16;11.91;28.58;5;
13307;48.0738;-4.0573;RCP2.6;2019;11.02;14;11.65;30.78;8;
13307;48.0738;-4.0573;RCP2.6;2020;11.24;9;10.95;35.4;7;
13308;48.0796;-3.9503;RCP2.6;2006;10.75;7;9.19;26.56;3;
13308;48.0796;-3.9503;RCP2.6;2007;11.39;15;9.61;30.76;6;
13308;48.0796;-3.9503;RCP2.6;2008;10.9;13;12.44;31.87;6;
13308;48.0796;-3.9503;RCP2.6;2009;11.73;5;10.34;23.83;2;
13308;48.0796;-3.9503;RCP2.6;2010;11.43;15;12.32;32.96;6;
13308;48.0796;-3.9503;RCP2.6;2011;11.47;11;11.4;26.55;3;
13308;48.0796;-3.9503;RCP2.6;2012;11.74;7;11.61;23.97;2;
13308;48.0796;-3.9503;RCP2.6;2013;11.79;10;9.15;24.08;0;
13308;48.0796;-3.9503;RCP2.6;2014;11.65;10;11.57;29.16;4;
13308;48.0796;-3.9503;RCP2.6;2015;11.73;8;8.05;30.64;6;
13308;48.0796;-3.9503;RCP2.6;2016;11.96;12;11.3;31.35;7;
13308;48.0796;-3.9503;RCP2.6;2017;12.28;9;9.5;26.92;3;
13308;48.0796;-3.9503;RCP2.6;2018;10.91;14;12.35;30.24;5;
13308;48.0796;-3.9503;RCP2.6;2019;10.83;11;12.29;31.69;8;
13308;48.0796;-3.9503;RCP2.6;2020;11;11;11.61;32.24;5;
13309;48.0853;-3.8433;RCP2.6;2006;10.62;8;9.25;26.77;3;
13309;48.0853;-3.8433;RCP2.6;2007;11.26;15;9.69;31.02;6;
13309;48.0853;-3.8433;RCP2.6;2008;10.76;13;12.71;32.14;6;
13309;48.0853;-3.8433;RCP2.6;2009;11.6;6;10.42;24.01;2;
13309;48.0853;-3.8433;RCP2.6;2010;11.3;15;12.42;33.23;6;
13309;48.0853;-3.8433;RCP2.6;2011;11.34;12;11.5;26.77;3;
13309;48.0853;-3.8433;RCP2.6;2012;11.6;7;11.71;24.17;2;
13309;48.0853;-3.8433;RCP2.6;2013;11.65;10;9.23;24.28;0;
13309;48.0853;-3.8433;RCP2.6;2014;11.51;10;11.65;29.4;4;
13309;48.0853;-3.8433;RCP2.6;2015;11.59;8;8.12;30.88;6;
13309;48.0853;-3.8433;RCP2.6;2016;11.83;12;11.4;31.61;7;
13309;48.0853;-3.8433;RCP2.6;2017;12.15;9;9.57;27.13;3;
13309;48.0853;-3.8433;RCP2.6;2018;10.78;14;12.51;30.5;6;
13309;48.0853;-3.8433;RCP2.6;2019;10.7;12;12.38;31.96;8;
13309;48.0853;-3.8433;RCP2.6;2020;10.87;11;11.7;32.43;5;
13310;48.0909;-3.7363;RCP2.6;2006;10.43;6;8.91;28.34;4;
13310;48.0909;-3.7363;RCP2.6;2007;11.07;14;9.78;30.81;5;
13310;48.0909;-3.7363;RCP2.6;2008;10.61;15;13.39;30.22;8;
13310;48.0909;-3.7363;RCP2.6;2009;11.44;9;11.68;25.24;3;
13310;48.0909;-3.7363;RCP2.6;2010;11.1;18;13.86;34.02;7;
13310;48.0909;-3.7363;RCP2.6;2011;11.19;10;12.14;28.16;4;
13310;48.0909;-3.7363;RCP2.6;2012;11.42;12;12.22;25.67;2;
13310;48.0909;-3.7363;RCP2.6;2013;11.42;11;9.42;25.03;1;
13310;48.0909;-3.7363;RCP2.6;2014;11.29;11;10.56;27.05;3;
13310;48.0909;-3.7363;RCP2.6;2015;11.4;9;9.08;31.89;6;
13310;48.0909;-3.7363;RCP2.6;2016;11.66;13;11.68;31.54;7;
13310;48.0909;-3.7363;RCP2.6;2017;11.94;12;9.2;27.27;4;
13310;48.0909;-3.7363;RCP2.6;2018;10.66;14;11.8;34.79;8;
13310;48.0909;-3.7363;RCP2.6;2019;10.49;13;11.68;31.58;7;
13310;48.0909;-3.7363;RCP2.6;2020;10.72;12;12.39;35.54;6;
13311;48.0964;-3.6292;RCP2.6;2006;10.57;8;7.42;24.57;3;
13311;48.0964;-3.6292;RCP2.6;2007;11.28;12;9.58;30.34;7;
13311;48.0964;-3.6292;RCP2.6;2008;10.81;13;11.46;29.24;6;
13311;48.0964;-3.6292;RCP2.6;2009;11.71;9;9.86;28.66;5;
13311;48.0964;-3.6292;RCP2.6;2010;11.27;17;11.76;29.79;7;
13311;48.0964;-3.6292;RCP2.6;2011;11.34;9;10.43;28.07;5;
13311;48.0964;-3.6292;RCP2.6;2012;11.59;10;10.68;26.65;4;
13311;48.0964;-3.6292;RCP2.6;2013;11.59;9;8.46;25.51;2;
13311;48.0964;-3.6292;RCP2.6;2014;11.49;11;9.2;27.58;5;
13311;48.0964;-3.6292;RCP2.6;2015;11.6;9;7.42;28.82;5;
13311;48.0964;-3.6292;RCP2.6;2016;11.84;12;9.4;31.52;7;
13311;48.0964;-3.6292;RCP2.6;2017;12.11;9;8.31;28.43;5;
13311;48.0964;-3.6292;RCP2.6;2018;10.86;12;10.57;34.34;7;
13311;48.0964;-3.6292;RCP2.6;2019;10.62;11;10.01;31.23;8;
13311;48.0964;-3.6292;RCP2.6;2020;10.89;10;10.22;32.17;7;
13312;48.1018;-3.5221;RCP2.6;2006;10.46;8;7.48;24.76;3;
13312;48.1018;-3.5221;RCP2.6;2007;11.17;12;9.65;30.57;7;
13312;48.1018;-3.5221;RCP2.6;2008;10.69;13;11.55;29.46;6;
13312;48.1018;-3.5221;RCP2.6;2009;11.6;9;9.93;28.88;5;
13312;48.1018;-3.5221;RCP2.6;2010;11.16;17;11.84;30.01;7;
13312;48.1018;-3.5221;RCP2.6;2011;11.22;9;10.52;28.29;5;
13312;48.1018;-3.5221;RCP2.6;2012;11.47;10;10.75;26.86;4;
13312;48.1018;-3.5221;RCP2.6;2013;11.47;9;8.53;25.71;2;
13312;48.1018;-3.5221;RCP2.6;2014;11.37;11;9.27;27.78;5;
13312;48.1018;-3.5221;RCP2.6;2015;11.48;9;7.35;29.04;5;
13312;48.1018;-3.5221;RCP2.6;2016;11.72;12;9.47;31.77;7;
13312;48.1018;-3.5221;RCP2.6;2017;11.99;9;8.38;28.65;5;
13312;48.1018;-3.5221;RCP2.6;2018;10.75;12;10.66;34.6;7;
13312;48.1018;-3.5221;RCP2.6;2019;10.5;11;10.09;31.47;8;
13312;48.1018;-3.5221;RCP2.6;2020;10.77;10;10.29;32.38;7;
13313;48.1071;-3.415;RCP2.6;2006;10.25;10;7.75;24.49;3;
13313;48.1071;-3.415;RCP2.6;2007;10.94;14;10.17;32.09;6;
13313;48.1071;-3.415;RCP2.6;2008;10.51;11;12.45;28.7;5;
13313;48.1071;-3.415;RCP2.6;2009;11.44;10;10.15;29.94;6;
13313;48.1071;-3.415;RCP2.6;2010;10.99;18;11.69;30.3;7;
13313;48.1071;-3.415;RCP2.6;2011;11.03;10;10.27;28.16;4;
13313;48.1071;-3.415;RCP2.6;2012;11.26;11;11.66;27.56;4;
13313;48.1071;-3.415;RCP2.6;2013;11.28;9;9.08;26;3;
13313;48.1071;-3.415;RCP2.6;2014;11.13;11;9.88;28.59;6;
13313;48.1071;-3.415;RCP2.6;2015;11.27;8;7.43;30.25;5;
13313;48.1071;-3.415;RCP2.6;2016;11.52;12;10.15;31.8;7;
13313;48.1071;-3.415;RCP2.6;2017;11.78;11;8.06;30.79;5;
13313;48.1071;-3.415;RCP2.6;2018;10.55;12;10.7;34.94;8;
13313;48.1071;-3.415;RCP2.6;2019;10.31;10;10.2;31.23;8;
13313;48.1071;-3.415;RCP2.6;2020;10.6;13;10.31;34.1;7;
13314;48.1124;-3.3079;RCP2.6;2006;10.17;10;7.91;24.63;3;
13314;48.1124;-3.3079;RCP2.6;2007;10.87;14;10.22;32.28;6;
13314;48.1124;-3.3079;RCP2.6;2008;10.43;12;12.47;28.85;5;
13314;48.1124;-3.3079;RCP2.6;2009;11.36;10;10.2;30.1;6;
13314;48.1124;-3.3079;RCP2.6;2010;10.91;18;11.66;30.45;7;
13314;48.1124;-3.3079;RCP2.6;2011;10.95;10;10.32;28.31;4;
13314;48.1124;-3.3079;RCP2.6;2012;11.18;11;11.72;27.71;4;
13314;48.1124;-3.3079;RCP2.6;2013;11.2;9;9.13;26.14;3;
13314;48.1124;-3.3079;RCP2.6;2014;11.04;11;9.94;28.74;6;
13314;48.1124;-3.3079;RCP2.6;2015;11.19;8;7.47;30.4;5;
13314;48.1124;-3.3079;RCP2.6;2016;11.44;12;10.2;31.95;7;
13314;48.1124;-3.3079;RCP2.6;2017;11.7;11;8.2;30.95;5;
13314;48.1124;-3.3079;RCP2.6;2018;10.47;12;10.76;35.12;8;
13314;48.1124;-3.3079;RCP2.6;2019;10.23;10;10.25;31.4;8;
13314;48.1124;-3.3079;RCP2.6;2020;10.52;13;10.36;34.24;7;
13315;48.1175;-3.2007;RCP2.6;2006;10.27;7;8.04;27.34;3;
13315;48.1175;-3.2007;RCP2.6;2007;10.91;13;10.02;28.81;5;
13315;48.1175;-3.2007;RCP2.6;2008;10.47;12;12.04;28.07;4;
13315;48.1175;-3.2007;RCP2.6;2009;11.44;9;9.7;30.16;5;
13315;48.1175;-3.2007;RCP2.6;2010;10.98;17;11.76;29.12;6;
13315;48.1175;-3.2007;RCP2.6;2011;11.04;10;9.86;23.36;1;
13315;48.1175;-3.2007;RCP2.6;2012;11.27;13;11.57;28.78;4;
13315;48.1175;-3.2007;RCP2.6;2013;11.25;10;9.98;26.35;4;
13315;48.1175;-3.2007;RCP2.6;2014;11.09;9;10.37;28.26;5;
13315;48.1175;-3.2007;RCP2.6;2015;11.27;9;6.98;28.24;4;
13315;48.1175;-3.2007;RCP2.6;2016;11.53;11;9.99;33.16;5;
13315;48.1175;-3.2007;RCP2.6;2017;11.76;10;8.63;29.81;6;
13315;48.1175;-3.2007;RCP2.6;2018;10.55;13;10.49;34.32;6;
13315;48.1175;-3.2007;RCP2.6;2019;10.31;10;10.44;31.85;8;
13315;48.1175;-3.2007;RCP2.6;2020;10.61;10;10.19;34.58;7;
13316;48.1225;-3.0935;RCP2.6;2006;10.5;7;8.38;25.67;3;
13316;48.1225;-3.0935;RCP2.6;2007;11.16;11;9.98;28.62;5;
13316;48.1225;-3.0935;RCP2.6;2008;10.75;11;11.69;26.36;4;
13316;48.1225;-3.0935;RCP2.6;2009;11.73;8;9.19;28.77;4;
13316;48.1225;-3.0935;RCP2.6;2010;11.23;14;11.36;28.63;6;
13316;48.1225;-3.0935;RCP2.6;2011;11.29;11;9.69;23.47;2;
13316;48.1225;-3.0935;RCP2.6;2012;11.52;13;10.77;30.54;6;
13316;48.1225;-3.0935;RCP2.6;2013;11.52;7;10.02;26.67;4;
13316;48.1225;-3.0935;RCP2.6;2014;11.34;8;10.17;26.54;3;
13316;48.1225;-3.0935;RCP2.6;2015;11.56;8;7.51;24.28;3;
13316;48.1225;-3.0935;RCP2.6;2016;11.78;13;9.91;31.81;8;
13316;48.1225;-3.0935;RCP2.6;2017;12.02;8;7.54;27.55;4;
13316;48.1225;-3.0935;RCP2.6;2018;10.85;15;10.55;30.57;8;
13316;48.1225;-3.0935;RCP2.6;2019;10.58;12;10.45;31.14;8;
13316;48.1225;-3.0935;RCP2.6;2020;10.85;10;9.25;33.85;5;
13317;48.1274;-2.9864;RCP2.6;2006;10.97;5;6.22;22.94;4;
13317;48.1274;-2.9864;RCP2.6;2007;11.57;10;8.12;24.4;4;
13317;48.1274;-2.9864;RCP2.6;2008;11.22;6;8.86;22.19;4;
13317;48.1274;-2.9864;RCP2.6;2009;12.16;6;6.87;23.58;4;
13317;48.1274;-2.9864;RCP2.6;2010;11.69;11;8.73;26.86;6;
13317;48.1274;-2.9864;RCP2.6;2011;11.77;4;7.29;19.59;2;
13317;48.1274;-2.9864;RCP2.6;2012;12.01;8;8.25;27.56;7;
13317;48.1274;-2.9864;RCP2.6;2013;11.97;6;7.94;21.99;4;
13317;48.1274;-2.9864;RCP2.6;2014;11.8;7;7.74;21.13;3;
13317;48.1274;-2.9864;RCP2.6;2015;12.06;4;5.35;20.87;3;
13317;48.1274;-2.9864;RCP2.6;2016;12.29;10;7.91;32.08;8;
13317;48.1274;-2.9864;RCP2.6;2017;12.49;6;6.35;23.05;4;
13317;48.1274;-2.9864;RCP2.6;2018;11.29;10;8.65;27.04;6;
13317;48.1274;-2.9864;RCP2.6;2019;11.06;9;7.94;27.17;7;
13317;48.1274;-2.9864;RCP2.6;2020;11.33;8;7.63;29.45;6;
13318;48.1322;-2.8791;RCP2.6;2006;10.73;6;6.12;22.77;4;
13318;48.1322;-2.8791;RCP2.6;2007;11.27;11;8.32;25.85;5;
13318;48.1322;-2.8791;RCP2.6;2008;10.99;4;8.92;20.18;2;
13318;48.1322;-2.8791;RCP2.6;2009;11.94;7;6.51;23.05;4;
13318;48.1322;-2.8791;RCP2.6;2010;11.45;10;8.54;26.07;5;
13318;48.1322;-2.8791;RCP2.6;2011;11.53;5;7.54;21;3;
13318;48.1322;-2.8791;RCP2.6;2012;11.76;7;8.31;26.91;6;
13318;48.1322;-2.8791;RCP2.6;2013;11.74;4;8.73;20.81;2;
13318;48.1322;-2.8791;RCP2.6;2014;11.54;7;8.11;25.47;5;
13318;48.1322;-2.8791;RCP2.6;2015;11.77;5;5.36;20.71;2;
13318;48.1322;-2.8791;RCP2.6;2016;12.02;11;8.55;32.24;8;
13318;48.1322;-2.8791;RCP2.6;2017;12.24;4;6.37;19.51;2;
13318;48.1322;-2.8791;RCP2.6;2018;11.04;10;8.6;27.51;6;
13318;48.1322;-2.8791;RCP2.6;2019;10.78;9;8.17;26.76;6;
13318;48.1322;-2.8791;RCP2.6;2020;11.03;8;7.69;29.48;6;
13319;48.1369;-2.7719;RCP2.6;2006;10.84;5;5.69;28.27;5;
13319;48.1369;-2.7719;RCP2.6;2007;11.4;8;7.82;26.77;7;
13319;48.1369;-2.7719;RCP2.6;2008;11.18;2;8.3;15.81;2;
13319;48.1369;-2.7719;RCP2.6;2009;12.06;5;6.97;22.83;5;
13319;48.1369;-2.7719;RCP2.6;2010;11.57;4;7.56;19.94;3;
13319;48.1369;-2.7719;RCP2.6;2011;11.66;4;7.29;19.73;3;
13319;48.1369;-2.7719;RCP2.6;2012;11.89;4;7.79;19.06;4;
13319;48.1369;-2.7719;RCP2.6;2013;11.86;1;7.74;15.38;1;
13319;48.1369;-2.7719;RCP2.6;2014;11.69;6;7.26;21.14;4;
13319;48.1369;-2.7719;RCP2.6;2015;11.88;2;5.64;19;2;
13319;48.1369;-2.7719;RCP2.6;2016;12.11;9;7.73;30.51;6;
13319;48.1369;-2.7719;RCP2.6;2017;12.37;2;6.49;16.72;2;
13319;48.1369;-2.7719;RCP2.6;2018;11.18;5;7.56;23.72;5;
13319;48.1369;-2.7719;RCP2.6;2019;10.92;7;8.33;22.03;5;
13319;48.1369;-2.7719;RCP2.6;2020;11.18;8;7.78;27.9;8;
13320;48.1416;-2.6647;RCP2.6;2006;10.77;5;5.7;28.29;5;
13320;48.1416;-2.6647;RCP2.6;2007;11.34;8;7.85;26.89;7;
13320;48.1416;-2.6647;RCP2.6;2008;11.1;2;8.49;15.86;2;
13320;48.1416;-2.6647;RCP2.6;2009;12;5;7;22.93;5;
13320;48.1416;-2.6647;RCP2.6;2010;11.51;4;7.59;20.03;3;
13320;48.1416;-2.6647;RCP2.6;2011;11.59;4;7.32;19.8;3;
13320;48.1416;-2.6647;RCP2.6;2012;11.82;4;7.86;19.15;4;
13320;48.1416;-2.6647;RCP2.6;2013;11.79;1;7.76;15.45;1;
13320;48.1416;-2.6647;RCP2.6;2014;11.62;6;7.32;21.09;4;
13320;48.1416;-2.6647;RCP2.6;2015;11.81;2;5.67;19.07;2;
13320;48.1416;-2.6647;RCP2.6;2016;12.04;10;7.77;30.64;6;
13320;48.1416;-2.6647;RCP2.6;2017;12.3;2;6.52;16.8;2;
13320;48.1416;-2.6647;RCP2.6;2018;11.11;5;7.6;23.83;5;
13320;48.1416;-2.6647;RCP2.6;2019;10.85;7;8.37;22.13;5;
13320;48.1416;-2.6647;RCP2.6;2020;11.12;8;7.82;28.01;8;
13321;48.1461;-2.5574;RCP2.6;2006;10.64;5;5.99;22.98;4;
13321;48.1461;-2.5574;RCP2.6;2007;11.2;8;7.32;27.22;6;
13321;48.1461;-2.5574;RCP2.6;2008;10.98;3;8.7;16.63;2;
13321;48.1461;-2.5574;RCP2.6;2009;11.86;6;6.78;25.04;6;
13321;48.1461;-2.5574;RCP2.6;2010;11.42;5;7.21;21.62;4;
13321;48.1461;-2.5574;RCP2.6;2011;11.48;5;7.6;20.51;3;
13321;48.1461;-2.5574;RCP2.6;2012;11.71;3;7.65;16.76;3;
13321;48.1461;-2.5574;RCP2.6;2013;11.67;2;6.7;15.06;2;
13321;48.1461;-2.5574;RCP2.6;2014;11.49;5;7.32;20.55;2;
13321;48.1461;-2.5574;RCP2.6;2015;11.69;4;5.99;18.9;2;
13321;48.1461;-2.5574;RCP2.6;2016;11.91;10;7.84;28.02;8;
13321;48.1461;-2.5574;RCP2.6;2017;12.18;3;6.71;18.88;2;
13321;48.1461;-2.5574;RCP2.6;2018;11;7;7.92;24.95;6;
13321;48.1461;-2.5574;RCP2.6;2019;10.74;7;8.31;21.91;4;
13321;48.1461;-2.5574;RCP2.6;2020;11.04;8;8.77;25.9;6;
13322;48.1505;-2.4501;RCP2.6;2006;10.54;5;5.37;21.29;4;
13322;48.1505;-2.4501;RCP2.6;2007;11.13;8;6.89;28.82;6;
13322;48.1505;-2.4501;RCP2.6;2008;10.87;3;8.13;17.23;2;
13322;48.1505;-2.4501;RCP2.6;2009;11.79;6;6.22;28.6;6;
13322;48.1505;-2.4501;RCP2.6;2010;11.34;5;6.77;23.19;4;
13322;48.1505;-2.4501;RCP2.6;2011;11.46;6;7.52;22.83;5;
13322;48.1505;-2.4501;RCP2.6;2012;11.68;3;7.11;16.75;3;
13322;48.1505;-2.4501;RCP2.6;2013;11.6;1;6.29;16.46;0;
13322;48.1505;-2.4501;RCP2.6;2014;11.38;5;6.56;20.09;3;
13322;48.1505;-2.4501;RCP2.6;2015;11.67;4;5.22;19.59;0;
13322;48.1505;-2.4501;RCP2.6;2016;11.88;12;7.6;28.55;8;
13322;48.1505;-2.4501;RCP2.6;2017;12.13;3;6.25;17.3;1;
13322;48.1505;-2.4501;RCP2.6;2018;10.9;7;8.22;24.91;6;
13322;48.1505;-2.4501;RCP2.6;2019;10.69;7;7.91;22.45;4;
13322;48.1505;-2.4501;RCP2.6;2020;10.94;8;7.7;27.65;8;
13323;48.1548;-2.3428;RCP2.6;2006;10.66;3;6.1;17.15;3;
13323;48.1548;-2.3428;RCP2.6;2007;11.27;3;6.96;19.48;5;
13323;48.1548;-2.3428;RCP2.6;2008;11.04;1;6.93;13.47;1;
13323;48.1548;-2.3428;RCP2.6;2009;11.99;4;5.86;20.29;6;
13323;48.1548;-2.3428;RCP2.6;2010;11.43;4;6.85;19.25;4;
13323;48.1548;-2.3428;RCP2.6;2011;11.49;2;6.9;15.92;2;
13323;48.1548;-2.3428;RCP2.6;2012;11.77;3;6.66;16.85;3;
13323;48.1548;-2.3428;RCP2.6;2013;11.72;1;6.19;13.56;1;
13323;48.1548;-2.3428;RCP2.6;2014;11.55;5;6.12;22.6;5;
13323;48.1548;-2.3428;RCP2.6;2015;11.79;3;4.98;16;3;
13323;48.1548;-2.3428;RCP2.6;2016;11.96;5;7.72;21.87;6;
13323;48.1548;-2.3428;RCP2.6;2017;12.29;4;5.7;19.91;5;
13323;48.1548;-2.3428;RCP2.6;2018;11.07;4;6.5;19.14;4;
13323;48.1548;-2.3428;RCP2.6;2019;10.8;4;6.96;20.24;6;
13323;48.1548;-2.3428;RCP2.6;2020;11.03;6;7.47;22.63;6;
13324;48.1591;-2.2355;RCP2.6;2006;10.77;3;5.9;18.51;4;
13324;48.1591;-2.2355;RCP2.6;2007;11.34;4;7.03;17.69;4;
13324;48.1591;-2.2355;RCP2.6;2008;11.18;1;6.81;14.14;1;
13324;48.1591;-2.2355;RCP2.6;2009;12.09;4;6.03;19.19;4;
13324;48.1591;-2.2355;RCP2.6;2010;11.54;3;6.47;19.04;4;
13324;48.1591;-2.2355;RCP2.6;2011;11.59;2;6.47;16.21;2;
13324;48.1591;-2.2355;RCP2.6;2012;11.86;3;6.19;15.17;3;
13324;48.1591;-2.2355;RCP2.6;2013;11.85;1;6.2;14.88;1;
13324;48.1591;-2.2355;RCP2.6;2014;11.66;4;6.29;20.26;4;
13324;48.1591;-2.2355;RCP2.6;2015;11.91;1;4.47;16.52;3;
13324;48.1591;-2.2355;RCP2.6;2016;12.06;6;7.45;23.53;6;
13324;48.1591;-2.2355;RCP2.6;2017;12.4;3;6.4;18.25;4;
13324;48.1591;-2.2355;RCP2.6;2018;11.16;5;6.67;21.11;5;
13324;48.1591;-2.2355;RCP2.6;2019;10.89;3;6.96;18.98;5;
13324;48.1591;-2.2355;RCP2.6;2020;11.13;5;7.4;21.33;6;
13325;48.1632;-2.1281;RCP2.6;2006;10.84;3;5.86;17.41;4;
13325;48.1632;-2.1281;RCP2.6;2007;11.44;4;7.27;17.96;4;
13325;48.1632;-2.1281;RCP2.6;2008;11.24;1;6.68;14.54;1;
13325;48.1632;-2.1281;RCP2.6;2009;12.16;4;6.03;18.65;4;
13325;48.1632;-2.1281;RCP2.6;2010;11.61;3;6.62;17.66;4;
13325;48.1632;-2.1281;RCP2.6;2011;11.68;2;6.62;16.97;2;
13325;48.1632;-2.1281;RCP2.6;2012;11.94;3;6.51;14.93;3;
13325;48.1632;-2.1281;RCP2.6;2013;11.95;1;6.24;14.3;1;
13325;48.1632;-2.1281;RCP2.6;2014;11.7;4;6.42;21.16;6;
13325;48.1632;-2.1281;RCP2.6;2015;12.01;1;4.36;16.61;2;
13325;48.1632;-2.1281;RCP2.6;2016;12.15;5;7.6;22.97;7;
13325;48.1632;-2.1281;RCP2.6;2017;12.45;3;6.58;18.2;4;
13325;48.1632;-2.1281;RCP2.6;2018;11.2;5;6.67;20.42;5;
13325;48.1632;-2.1281;RCP2.6;2019;10.96;2;6.93;16.75;3;
13325;48.1632;-2.1281;RCP2.6;2020;11.19;5;8;22.96;6;
13326;48.1673;-2.0208;RCP2.6;2006;11.01;3;5.35;17.85;4;
13326;48.1673;-2.0208;RCP2.6;2007;11.55;3;6.39;18.8;5;
13326;48.1673;-2.0208;RCP2.6;2008;11.41;1;6.87;13.51;1;
13326;48.1673;-2.0208;RCP2.6;2009;12.31;4;5.96;19.43;4;
13326;48.1673;-2.0208;RCP2.6;2010;11.75;2;6.28;16.64;3;
13326;48.1673;-2.0208;RCP2.6;2011;11.81;2;6.46;18.34;4;
13326;48.1673;-2.0208;RCP2.6;2012;12.1;3;6.27;14.47;3;
13326;48.1673;-2.0208;RCP2.6;2013;12.11;1;6.47;14.03;1;
13326;48.1673;-2.0208;RCP2.6;2014;11.85;4;6.31;20.4;6;
13326;48.1673;-2.0208;RCP2.6;2015;12.14;1;4.82;16.13;3;
13326;48.1673;-2.0208;RCP2.6;2016;12.27;7;7.81;23.39;8;
13326;48.1673;-2.0208;RCP2.6;2017;12.59;3;6.6;18.88;5;
13326;48.1673;-2.0208;RCP2.6;2018;11.36;4;6.59;20.98;6;
13326;48.1673;-2.0208;RCP2.6;2019;11.12;2;7.1;16.39;3;
13326;48.1673;-2.0208;RCP2.6;2020;11.34;5;7.47;26.48;6;
13327;48.1712;-1.9134;RCP2.6;2006;10.99;3;5.76;17.15;4;
13327;48.1712;-1.9134;RCP2.6;2007;11.54;3;6.17;19.82;8;
13327;48.1712;-1.9134;RCP2.6;2008;11.43;1;6.95;13.18;1;
13327;48.1712;-1.9134;RCP2.6;2009;12.31;4;5.94;18.57;4;
13327;48.1712;-1.9134;RCP2.6;2010;11.73;2;6.2;16.94;3;
13327;48.1712;-1.9134;RCP2.6;2011;11.8;4;5.56;19.27;5;
13327;48.1712;-1.9134;RCP2.6;2012;12.11;3;6;15.35;3;
13327;48.1712;-1.9134;RCP2.6;2013;12.11;1;6.23;14.17;1;
13327;48.1712;-1.9134;RCP2.6;2014;11.84;5;6.57;21.27;7;
13327;48.1712;-1.9134;RCP2.6;2015;12.12;2;5.04;15.65;2;
13327;48.1712;-1.9134;RCP2.6;2016;12.23;7;7.42;22.94;8;
13327;48.1712;-1.9134;RCP2.6;2017;12.58;3;6.44;18.73;5;
13327;48.1712;-1.9134;RCP2.6;2018;11.37;2;6.87;17.76;3;
13327;48.1712;-1.9134;RCP2.6;2019;11.13;2;6.98;17.29;2;
13327;48.1712;-1.9134;RCP2.6;2020;11.35;7;7.65;27.75;7;
13328;48.175;-1.806;RCP2.6;2006;11.23;3;5.26;17.5;4;
13328;48.175;-1.806;RCP2.6;2007;11.79;3;6.21;17.89;5;
13328;48.175;-1.806;RCP2.6;2008;11.62;1;6.83;13.32;1;
13328;48.175;-1.806;RCP2.6;2009;12.54;4;5.72;18.5;4;
13328;48.175;-1.806;RCP2.6;2010;11.96;3;5.8;17.24;4;
13328;48.175;-1.806;RCP2.6;2011;12.04;4;4.94;19.23;5;
13328;48.175;-1.806;RCP2.6;2012;12.35;3;5.61;14.37;3;
13328;48.175;-1.806;RCP2.6;2013;12.35;1;6.28;13.61;1;
13328;48.175;-1.806;RCP2.6;2014;12.05;4;6.17;21.37;6;
13328;48.175;-1.806;RCP2.6;2015;12.39;1;4.61;14.78;2;
13328;48.175;-1.806;RCP2.6;2016;12.48;7;7.1;21.47;7;
13328;48.175;-1.806;RCP2.6;2017;12.8;2;5.9;17.13;4;
13328;48.175;-1.806;RCP2.6;2018;11.61;2;6.3;17.61;5;
13328;48.175;-1.806;RCP2.6;2019;11.35;2;6.84;18.28;5;
13328;48.175;-1.806;RCP2.6;2020;11.56;4;7.59;21.83;6;
13329;48.1788;-1.6986;RCP2.6;2006;11.26;3;5.61;16.59;3;
13329;48.1788;-1.6986;RCP2.6;2007;11.86;3;5.95;18.23;5;
13329;48.1788;-1.6986;RCP2.6;2008;11.66;1;7.4;13.23;1;
13329;48.1788;-1.6986;RCP2.6;2009;12.56;3;6.18;17.27;4;
13329;48.1788;-1.6986;RCP2.6;2010;11.98;2;6.21;18.42;5;
13329;48.1788;-1.6986;RCP2.6;2011;12.06;3;4.96;17.98;5;
13329;48.1788;-1.6986;RCP2.6;2012;12.4;3;5.61;15.94;3;
13329;48.1788;-1.6986;RCP2.6;2013;12.36;0;5.93;13.1;1;
13329;48.1788;-1.6986;RCP2.6;2014;12.06;6;6.33;21.34;6;
13329;48.1788;-1.6986;RCP2.6;2015;12.38;1;4.83;14.08;2;
13329;48.1788;-1.6986;RCP2.6;2016;12.49;6;7.4;21.59;8;
13329;48.1788;-1.6986;RCP2.6;2017;12.8;0;6.17;17.22;2;
13329;48.1788;-1.6986;RCP2.6;2018;11.64;1;6.64;16.77;4;
13329;48.1788;-1.6986;RCP2.6;2019;11.39;2;6.74;18.04;5;
13329;48.1788;-1.6986;RCP2.6;2020;11.62;4;7.9;21.12;6;
13330;48.1824;-1.5912;RCP2.6;2006;11.22;1;6.14;17.33;3;
13330;48.1824;-1.5912;RCP2.6;2007;11.81;2;5.89;17.3;3;
13330;48.1824;-1.5912;RCP2.6;2008;11.61;1;6.9;15.05;1;
13330;48.1824;-1.5912;RCP2.6;2009;12.53;2;6.78;16.76;3;
13330;48.1824;-1.5912;RCP2.6;2010;11.96;1;6.75;15.68;2;
13330;48.1824;-1.5912;RCP2.6;2011;12.02;2;5.6;16.08;3;
13330;48.1824;-1.5912;RCP2.6;2012;12.35;3;5.81;17.39;3;
13330;48.1824;-1.5912;RCP2.6;2013;12.35;0;6.14;13.83;1;
13330;48.1824;-1.5912;RCP2.6;2014;12.02;3;6.39;19.19;6;
13330;48.1824;-1.5912;RCP2.6;2015;12.31;1;5.38;15.56;2;
13330;48.1824;-1.5912;RCP2.6;2016;12.46;6;6.99;22.14;8;
13330;48.1824;-1.5912;RCP2.6;2017;12.74;0;7.23;15.25;2;
13330;48.1824;-1.5912;RCP2.6;2018;11.58;1;7.01;17.32;2;
13330;48.1824;-1.5912;RCP2.6;2019;11.38;2;7.19;17.96;4;
13330;48.1824;-1.5912;RCP2.6;2020;11.62;4;7.65;21.92;5;
13331;48.186;-1.4837;RCP2.6;2006;10.88;4;6.43;20.45;5;
13331;48.186;-1.4837;RCP2.6;2007;11.47;3;6.24;19.18;5;
13331;48.186;-1.4837;RCP2.6;2008;11.32;1;7.19;15.39;1;
13331;48.186;-1.4837;RCP2.6;2009;12.19;2;6.98;16.28;3;
13331;48.186;-1.4837;RCP2.6;2010;11.61;1;7.06;16.11;1;
13331;48.186;-1.4837;RCP2.6;2011;11.68;2;5.92;16.15;3;
13331;48.186;-1.4837;RCP2.6;2012;12.01;4;6.35;18.73;4;
13331;48.186;-1.4837;RCP2.6;2013;12.01;1;6.36;14.05;1;
13331;48.186;-1.4837;RCP2.6;2014;11.71;5;6.41;20.21;7;
13331;48.186;-1.4837;RCP2.6;2015;11.95;1;5.83;16.43;2;
13331;48.186;-1.4837;RCP2.6;2016;12.11;6;7.28;23.54;8;
13331;48.186;-1.4837;RCP2.6;2017;12.41;1;7.3;17.55;3;
13331;48.186;-1.4837;RCP2.6;2018;11.24;2;7.35;17.94;2;
13331;48.186;-1.4837;RCP2.6;2019;11.06;2;7.06;17.48;2;
13331;48.186;-1.4837;RCP2.6;2020;11.3;5;7.8;23.84;5;
13332;48.1894;-1.3763;RCP2.6;2006;10.91;5;8.06;20.79;4;
13332;48.1894;-1.3763;RCP2.6;2007;11.55;3;6.08;17.92;3;
13332;48.1894;-1.3763;RCP2.6;2008;11.26;1;7.5;15.67;1;
13332;48.1894;-1.3763;RCP2.6;2009;12.27;2;7.83;17.6;2;
13332;48.1894;-1.3763;RCP2.6;2010;11.64;2;7.71;17.41;2;
13332;48.1894;-1.3763;RCP2.6;2011;11.7;3;6.76;16.75;3;
13332;48.1894;-1.3763;RCP2.6;2012;12.09;4;6.93;17.71;3;
13332;48.1894;-1.3763;RCP2.6;2013;12.01;1;6.83;15.11;1;
13332;48.1894;-1.3763;RCP2.6;2014;11.67;1;7.29;18.52;1;
13332;48.1894;-1.3763;RCP2.6;2015;11.98;2;6.02;15.6;2;
13332;48.1894;-1.3763;RCP2.6;2016;12.17;7;7.94;24.48;7;
13332;48.1894;-1.3763;RCP2.6;2017;12.43;2;8.34;18.69;2;
13332;48.1894;-1.3763;RCP2.6;2018;11.26;3;7.74;18.78;3;
13332;48.1894;-1.3763;RCP2.6;2019;11.05;4;7.63;19.86;3;
13332;48.1894;-1.3763;RCP2.6;2020;11.35;8;8.16;25.36;8;
13333;48.1928;-1.2688;RCP2.6;2006;10.79;5;8.12;20.94;4;
13333;48.1928;-1.2688;RCP2.6;2007;11.43;3;6.12;18.05;3;
13333;48.1928;-1.2688;RCP2.6;2008;11.15;1;7.55;15.78;1;
13333;48.1928;-1.2688;RCP2.6;2009;12.15;2;7.87;17.73;2;
13333;48.1928;-1.2688;RCP2.6;2010;11.52;3;7.72;17.54;2;
13333;48.1928;-1.2688;RCP2.6;2011;11.58;3;6.8;16.88;3;
13333;48.1928;-1.2688;RCP2.6;2012;11.98;4;6.98;17.8;3;
13333;48.1928;-1.2688;RCP2.6;2013;11.89;1;6.86;15.22;1;
13333;48.1928;-1.2688;RCP2.6;2014;11.56;1;7.34;18.66;1;
13333;48.1928;-1.2688;RCP2.6;2015;11.86;2;6.06;15.72;2;
13333;48.1928;-1.2688;RCP2.6;2016;12.05;7;8.02;24.66;7;
13333;48.1928;-1.2688;RCP2.6;2017;12.32;3;8.4;18.83;2;
13333;48.1928;-1.2688;RCP2.6;2018;11.15;3;7.79;18.87;3;
13333;48.1928;-1.2688;RCP2.6;2019;10.94;4;7.69;20.01;3;
13333;48.1928;-1.2688;RCP2.6;2020;11.23;8;8.22;25.53;8;
13334;48.196;-1.1613;RCP2.6;2006;10.7;4;8.18;19.89;4;
13334;48.196;-1.1613;RCP2.6;2007;11.3;3;6.29;18.74;2;
13334;48.196;-1.1613;RCP2.6;2008;11.03;1;8.11;17.57;1;
13334;48.196;-1.1613;RCP2.6;2009;12.06;4;7.91;19.66;4;
13334;48.196;-1.1613;RCP2.6;2010;11.44;4;8.32;19.81;4;
13334;48.196;-1.1613;RCP2.6;2011;11.51;2;7.24;18.41;2;
13334;48.196;-1.1613;RCP2.6;2012;11.88;4;7.31;19.97;4;
13334;48.196;-1.1613;RCP2.6;2013;11.8;1;6.55;15.44;1;
13334;48.196;-1.1613;RCP2.6;2014;11.45;3;7.69;17.02;2;
13334;48.196;-1.1613;RCP2.6;2015;11.73;3;5.79;15.45;3;
13334;48.196;-1.1613;RCP2.6;2016;11.98;6;7.95;23.27;6;
13334;48.196;-1.1613;RCP2.6;2017;12.2;2;8.2;18.99;2;
13334;48.196;-1.1613;RCP2.6;2018;11.02;4;7.17;19.69;4;
13334;48.196;-1.1613;RCP2.6;2019;10.82;4;7.94;20.68;4;
13334;48.196;-1.1613;RCP2.6;2020;11.15;6;8.57;24.61;6;
13449;48.1396;-4.1732;RCP2.6;2006;11.04;6;8.06;24.84;5;
13449;48.1396;-4.1732;RCP2.6;2007;11.62;5;7.95;25.71;5;
13449;48.1396;-4.1732;RCP2.6;2008;11.16;8;11.18;24.25;5;
13449;48.1396;-4.1732;RCP2.6;2009;11.92;3;10.81;18.66;1;
13449;48.1396;-4.1732;RCP2.6;2010;11.59;7;10.74;24.75;5;
13449;48.1396;-4.1732;RCP2.6;2011;11.71;8;8.54;24.19;4;
13449;48.1396;-4.1732;RCP2.6;2012;11.99;6;9.9;22.05;4;
13449;48.1396;-4.1732;RCP2.6;2013;12.07;6;8.33;21.76;1;
13449;48.1396;-4.1732;RCP2.6;2014;12;10;9.03;28.93;6;
13449;48.1396;-4.1732;RCP2.6;2015;12.04;7;6.8;25.8;6;
13449;48.1396;-4.1732;RCP2.6;2016;12.23;10;10.43;26.7;5;
13449;48.1396;-4.1732;RCP2.6;2017;12.57;6;8.61;22.38;3;
13449;48.1396;-4.1732;RCP2.6;2018;11.27;9;10.35;23.39;4;
13449;48.1396;-4.1732;RCP2.6;2019;11.07;10;10.63;25.44;6;
13449;48.1396;-4.1732;RCP2.6;2020;11.26;9;9.48;30.33;7;
13450;48.1455;-4.0661;RCP2.6;2006;10.84;7;9.5;26.91;4;
13450;48.1455;-4.0661;RCP2.6;2007;11.45;13;9.58;29.47;5;
13450;48.1455;-4.0661;RCP2.6;2008;10.97;12;12.6;31.85;5;
13450;48.1455;-4.0661;RCP2.6;2009;11.79;6;10.24;23.87;3;
13450;48.1455;-4.0661;RCP2.6;2010;11.45;14;12.46;33.8;6;
13450;48.1455;-4.0661;RCP2.6;2011;11.55;11;10.51;27.6;3;
13450;48.1455;-4.0661;RCP2.6;2012;11.83;8;11.36;24.3;2;
13450;48.1455;-4.0661;RCP2.6;2013;11.88;9;9.29;24.32;0;
13450;48.1455;-4.0661;RCP2.6;2014;11.77;10;10.98;31.65;7;
13450;48.1455;-4.0661;RCP2.6;2015;11.83;8;7.57;29.53;5;
13450;48.1455;-4.0661;RCP2.6;2016;12.05;14;12.04;31.53;6;
13450;48.1455;-4.0661;RCP2.6;2017;12.37;9;9.66;24.53;3;
13450;48.1455;-4.0661;RCP2.6;2018;11.04;15;12.5;28.67;5;
13450;48.1455;-4.0661;RCP2.6;2019;10.89;12;12.49;32.65;8;
13450;48.1455;-4.0661;RCP2.6;2020;11.09;9;10.84;33.07;6;
13451;48.1513;-3.9589;RCP2.6;2006;10.62;7;8.48;23.93;4;
13451;48.1513;-3.9589;RCP2.6;2007;11.27;11;8.71;26.94;6;
13451;48.1513;-3.9589;RCP2.6;2008;10.79;11;10.95;25.49;6;
13451;48.1513;-3.9589;RCP2.6;2009;11.57;5;9.11;21.58;3;
13451;48.1513;-3.9589;RCP2.6;2010;11.3;12;10.72;26.64;6;
13451;48.1513;-3.9589;RCP2.6;2011;11.33;9;10.3;24.42;3;
13451;48.1513;-3.9589;RCP2.6;2012;11.59;5;10.34;21.18;3;
13451;48.1513;-3.9589;RCP2.6;2013;11.63;7;8.06;21.5;0;
13451;48.1513;-3.9589;RCP2.6;2014;11.54;7;9.75;24.82;5;
13451;48.1513;-3.9589;RCP2.6;2015;11.59;8;7.29;27.6;6;
13451;48.1513;-3.9589;RCP2.6;2016;11.78;10;10.34;25.84;7;
13451;48.1513;-3.9589;RCP2.6;2017;12.13;7;8.23;25.4;5;
13451;48.1513;-3.9589;RCP2.6;2018;10.81;9;11.79;26.01;5;
13451;48.1513;-3.9589;RCP2.6;2019;10.72;10;10.89;25.34;7;
13451;48.1513;-3.9589;RCP2.6;2020;10.85;9;10.97;29.27;6;
13452;48.157;-3.8518;RCP2.6;2006;10.69;7;8.45;23.82;4;
13452;48.157;-3.8518;RCP2.6;2007;11.34;11;8.67;26.81;6;
13452;48.157;-3.8518;RCP2.6;2008;10.86;11;10.9;25.25;5;
13452;48.157;-3.8518;RCP2.6;2009;11.64;5;8.99;21.45;3;
13452;48.157;-3.8518;RCP2.6;2010;11.38;12;10.67;26.52;6;
13452;48.157;-3.8518;RCP2.6;2011;11.41;9;10.26;24.31;4;
13452;48.157;-3.8518;RCP2.6;2012;11.66;5;10.29;21.08;3;
13452;48.157;-3.8518;RCP2.6;2013;11.71;7;8.02;21.4;0;
13452;48.157;-3.8518;RCP2.6;2014;11.61;7;9.76;24.7;5;
13452;48.157;-3.8518;RCP2.6;2015;11.66;8;7.25;27.48;6;
13452;48.157;-3.8518;RCP2.6;2016;11.86;10;10.29;25.72;7;
13452;48.157;-3.8518;RCP2.6;2017;12.2;7;8.19;25.28;5;
13452;48.157;-3.8518;RCP2.6;2018;10.88;9;11.74;25.89;5;
13452;48.157;-3.8518;RCP2.6;2019;10.79;10;10.84;25.1;7;
13452;48.157;-3.8518;RCP2.6;2020;10.92;9;10.93;29.19;6;
13453;48.1626;-3.7446;RCP2.6;2006;10.58;6;7.88;23;2;
13453;48.1626;-3.7446;RCP2.6;2007;11.25;10;8.7;26.31;6;
13453;48.1626;-3.7446;RCP2.6;2008;10.78;10;10.65;25.6;6;
13453;48.1626;-3.7446;RCP2.6;2009;11.56;3;9.08;19.44;2;
13453;48.1626;-3.7446;RCP2.6;2010;11.28;12;10.92;28.05;7;
13453;48.1626;-3.7446;RCP2.6;2011;11.34;7;9.88;25.17;5;
13453;48.1626;-3.7446;RCP2.6;2012;11.55;6;9.82;20.54;2;
13453;48.1626;-3.7446;RCP2.6;2013;11.58;5;8.42;21.93;1;
13453;48.1626;-3.7446;RCP2.6;2014;11.51;9;9.51;24.1;3;
13453;48.1626;-3.7446;RCP2.6;2015;11.56;8;7.38;25.49;5;
13453;48.1626;-3.7446;RCP2.6;2016;11.77;11;9.69;26.56;9;
13453;48.1626;-3.7446;RCP2.6;2017;12.11;8;8.38;22.67;3;
13453;48.1626;-3.7446;RCP2.6;2018;10.78;9;11.63;27.32;7;
13453;48.1626;-3.7446;RCP2.6;2019;10.7;10;10.21;24.35;4;
13453;48.1626;-3.7446;RCP2.6;2020;10.86;10;10.47;26;6;
13454;48.1682;-3.6374;RCP2.6;2006;10.29;4;7.91;20.27;2;
13454;48.1682;-3.6374;RCP2.6;2007;10.98;10;9.26;26.22;5;
13454;48.1682;-3.6374;RCP2.6;2008;10.51;9;11.2;25.65;5;
13454;48.1682;-3.6374;RCP2.6;2009;11.32;5;9.16;21.73;1;
13454;48.1682;-3.6374;RCP2.6;2010;11.03;12;11.29;29.16;7;
13454;48.1682;-3.6374;RCP2.6;2011;11.08;8;9.41;23.58;4;
13454;48.1682;-3.6374;RCP2.6;2012;11.25;6;10.43;20.48;2;
13454;48.1682;-3.6374;RCP2.6;2013;11.28;7;8.58;24.54;4;
13454;48.1682;-3.6374;RCP2.6;2014;11.21;10;10.1;24.38;3;
13454;48.1682;-3.6374;RCP2.6;2015;11.27;8;7.5;24.12;4;
13454;48.1682;-3.6374;RCP2.6;2016;11.5;11;9.91;26.59;7;
13454;48.1682;-3.6374;RCP2.6;2017;11.78;6;8.06;25.25;4;
13454;48.1682;-3.6374;RCP2.6;2018;10.53;11;10.97;29.35;8;
13454;48.1682;-3.6374;RCP2.6;2019;10.39;8;10.72;24.86;4;
13454;48.1682;-3.6374;RCP2.6;2020;10.61;8;9.96;25.53;6;
13455;48.1736;-3.5301;RCP2.6;2006;10.26;6;8.13;23.7;1;
13455;48.1736;-3.5301;RCP2.6;2007;10.97;13;9.66;33.19;6;
13455;48.1736;-3.5301;RCP2.6;2008;10.48;12;11.44;30.39;6;
13455;48.1736;-3.5301;RCP2.6;2009;11.39;10;9.55;23;3;
13455;48.1736;-3.5301;RCP2.6;2010;11;14;12.31;29.72;6;
13455;48.1736;-3.5301;RCP2.6;2011;11.05;9;10.3;28.01;4;
13455;48.1736;-3.5301;RCP2.6;2012;11.25;12;10.82;25.57;1;
13455;48.1736;-3.5301;RCP2.6;2013;11.27;8;8.68;26.19;3;
13455;48.1736;-3.5301;RCP2.6;2014;11.18;11;10.23;28.55;4;
13455;48.1736;-3.5301;RCP2.6;2015;11.27;9;7.51;27.57;4;
13455;48.1736;-3.5301;RCP2.6;2016;11.55;12;10.02;31.56;7;
13455;48.1736;-3.5301;RCP2.6;2017;11.81;9;8.54;29.19;4;
13455;48.1736;-3.5301;RCP2.6;2018;10.47;11;11.53;33.7;8;
13455;48.1736;-3.5301;RCP2.6;2019;10.32;11;11.37;31.31;7;
13455;48.1736;-3.5301;RCP2.6;2020;10.6;9;10.09;30.55;6;
13456;48.1789;-3.4229;RCP2.6;2006;10.32;4;7.88;19.88;3;
13456;48.1789;-3.4229;RCP2.6;2007;10.92;10;10.06;25.03;8;
13456;48.1789;-3.4229;RCP2.6;2008;10.52;6;10.01;23.58;4;
13456;48.1789;-3.4229;RCP2.6;2009;11.45;4;7.77;20.3;3;
13456;48.1789;-3.4229;RCP2.6;2010;11.05;13;10.45;24.04;5;
13456;48.1789;-3.4229;RCP2.6;2011;11.07;4;9.1;19.74;3;
13456;48.1789;-3.4229;RCP2.6;2012;11.25;6;10.18;21.47;2;
13456;48.1789;-3.4229;RCP2.6;2013;11.27;6;8.95;23.07;4;
13456;48.1789;-3.4229;RCP2.6;2014;11.15;10;9.74;21.59;3;
13456;48.1789;-3.4229;RCP2.6;2015;11.26;5;6.32;21.94;4;
13456;48.1789;-3.4229;RCP2.6;2016;11.55;8;9.11;25.43;8;
13456;48.1789;-3.4229;RCP2.6;2017;11.8;6;7.11;23.91;5;
13456;48.1789;-3.4229;RCP2.6;2018;10.51;11;9.97;30;10;
13456;48.1789;-3.4229;RCP2.6;2019;10.31;7;9.11;25.12;6;
13456;48.1789;-3.4229;RCP2.6;2020;10.67;8;9.67;26.9;6;
13457;48.1841;-3.3156;RCP2.6;2006;10.35;3;7.86;19.84;3;
13457;48.1841;-3.3156;RCP2.6;2007;10.95;10;10.04;24.98;8;
13457;48.1841;-3.3156;RCP2.6;2008;10.55;6;9.99;23.53;4;
13457;48.1841;-3.3156;RCP2.6;2009;11.48;4;7.76;20.25;3;
13457;48.1841;-3.3156;RCP2.6;2010;11.08;13;10.43;23.99;5;
13457;48.1841;-3.3156;RCP2.6;2011;11.11;4;9.08;19.69;3;
13457;48.1841;-3.3156;RCP2.6;2012;11.28;6;10.15;21.42;2;
13457;48.1841;-3.3156;RCP2.6;2013;11.3;6;8.93;23.02;4;
13457;48.1841;-3.3156;RCP2.6;2014;11.19;10;9.72;21.55;3;
13457;48.1841;-3.3156;RCP2.6;2015;11.29;5;6.3;21.89;4;
13457;48.1841;-3.3156;RCP2.6;2016;11.59;8;9.09;25.38;8;
13457;48.1841;-3.3156;RCP2.6;2017;11.84;6;7.08;23.86;5;
13457;48.1841;-3.3156;RCP2.6;2018;10.55;11;9.95;29.93;10;
13457;48.1841;-3.3156;RCP2.6;2019;10.34;7;9.09;25.07;6;
13457;48.1841;-3.3156;RCP2.6;2020;10.7;8;9.64;26.85;6;
13458;48.1892;-3.2083;RCP2.6;2006;10.43;4;8.01;19.81;3;
13458;48.1892;-3.2083;RCP2.6;2007;10.99;11;9.87;24.4;6;
13458;48.1892;-3.2083;RCP2.6;2008;10.59;5;9.85;21.41;3;
13458;48.1892;-3.2083;RCP2.6;2009;11.56;5;7.68;20.75;3;
13458;48.1892;-3.2083;RCP2.6;2010;11.12;12;9.88;24.29;6;
13458;48.1892;-3.2083;RCP2.6;2011;11.17;6;9.07;22.21;1;
13458;48.1892;-3.2083;RCP2.6;2012;11.35;8;9.82;22.74;3;
13458;48.1892;-3.2083;RCP2.6;2013;11.34;6;9.32;24.2;5;
13458;48.1892;-3.2083;RCP2.6;2014;11.25;6;9.79;22.2;2;
13458;48.1892;-3.2083;RCP2.6;2015;11.35;5;6.81;21.05;2;
13458;48.1892;-3.2083;RCP2.6;2016;11.64;10;9.72;27.57;7;
13458;48.1892;-3.2083;RCP2.6;2017;11.89;7;7.03;24.51;5;
13458;48.1892;-3.2083;RCP2.6;2018;10.62;11;9.52;29.52;8;
13458;48.1892;-3.2083;RCP2.6;2019;10.41;8;9.44;23.86;5;
13458;48.1892;-3.2083;RCP2.6;2020;10.75;9;9.92;27.1;7;
13459;48.1942;-3.101;RCP2.6;2006;10.24;8;8.77;24.08;2;
13459;48.1942;-3.101;RCP2.6;2007;10.86;13;10.43;32.36;6;
13459;48.1942;-3.101;RCP2.6;2008;10.47;11;12.07;24.67;3;
13459;48.1942;-3.101;RCP2.6;2009;11.42;11;9.16;27.54;4;
13459;48.1942;-3.101;RCP2.6;2010;10.98;14;11.65;28.61;5;
13459;48.1942;-3.101;RCP2.6;2011;11.03;12;10.64;25.54;4;
13459;48.1942;-3.101;RCP2.6;2012;11.22;13;10.97;32.13;7;
13459;48.1942;-3.101;RCP2.6;2013;11.25;9;11.34;28.4;4;
13459;48.1942;-3.101;RCP2.6;2014;11.07;12;10.94;28.28;5;
13459;48.1942;-3.101;RCP2.6;2015;11.23;10;7.87;23.61;3;
13459;48.1942;-3.101;RCP2.6;2016;11.51;13;10.32;36.46;8;
13459;48.1942;-3.101;RCP2.6;2017;11.74;8;7.52;28.99;5;
13459;48.1942;-3.101;RCP2.6;2018;10.49;15;11.63;39.05;8;
13459;48.1942;-3.101;RCP2.6;2019;10.28;12;10.86;32.75;7;
13459;48.1942;-3.101;RCP2.6;2020;10.6;10;10.07;33.05;7;
13460;48.1992;-2.9936;RCP2.6;2006;10.69;4;7.85;20.08;3;
13460;48.1992;-2.9936;RCP2.6;2007;11.25;8;9.56;23.95;6;
13460;48.1992;-2.9936;RCP2.6;2008;10.93;3;9.68;19.24;3;
13460;48.1992;-2.9936;RCP2.6;2009;11.86;4;7.69;20.83;4;
13460;48.1992;-2.9936;RCP2.6;2010;11.42;11;9.26;24.43;6;
13460;48.1992;-2.9936;RCP2.6;2011;11.45;6;8.79;20.96;3;
13460;48.1992;-2.9936;RCP2.6;2012;11.65;8;9.78;25.54;7;
13460;48.1992;-2.9936;RCP2.6;2013;11.68;5;9.56;22.04;4;
13460;48.1992;-2.9936;RCP2.6;2014;11.53;8;9.21;21.98;4;
13460;48.1992;-2.9936;RCP2.6;2015;11.67;4;6.64;19.99;2;
13460;48.1992;-2.9936;RCP2.6;2016;11.93;12;9.18;28.85;7;
13460;48.1992;-2.9936;RCP2.6;2017;12.17;6;7.01;21.69;4;
13460;48.1992;-2.9936;RCP2.6;2018;10.93;11;10.18;27.59;8;
13460;48.1992;-2.9936;RCP2.6;2019;10.71;7;9.01;24.81;5;
13460;48.1992;-2.9936;RCP2.6;2020;11.05;7;9.52;26.72;7;
13461;48.204;-2.8863;RCP2.6;2006;10.66;5;6.07;25.23;4;
13461;48.204;-2.8863;RCP2.6;2007;11.18;6;8.19;22.74;5;
13461;48.204;-2.8863;RCP2.6;2008;10.94;2;8.49;17.39;2;
13461;48.204;-2.8863;RCP2.6;2009;11.86;5;6.63;22.65;4;
13461;48.204;-2.8863;RCP2.6;2010;11.37;6;7.86;23.31;6;
13461;48.204;-2.8863;RCP2.6;2011;11.42;4;7.46;19.95;3;
13461;48.204;-2.8863;RCP2.6;2012;11.65;7;7.89;21.74;3;
13461;48.204;-2.8863;RCP2.6;2013;11.64;3;8.17;17.71;2;
13461;48.204;-2.8863;RCP2.6;2014;11.47;7;7.81;21.77;4;
13461;48.204;-2.8863;RCP2.6;2015;11.67;4;5.4;18.84;2;
13461;48.204;-2.8863;RCP2.6;2016;11.9;10;7.97;30.06;8;
13461;48.204;-2.8863;RCP2.6;2017;12.14;2;6.57;17.81;2;
13461;48.204;-2.8863;RCP2.6;2018;10.96;8;7.81;24.2;6;
13461;48.204;-2.8863;RCP2.6;2019;10.71;7;7.81;21.58;3;
13461;48.204;-2.8863;RCP2.6;2020;10.95;9;8.42;27.9;6;
13462;48.2087;-2.7789;RCP2.6;2006;10.47;5;5.8;28.36;5;
13462;48.2087;-2.7789;RCP2.6;2007;11.04;8;8.1;27.45;7;
13462;48.2087;-2.7789;RCP2.6;2008;10.79;2;8.58;16.06;2;
13462;48.2087;-2.7789;RCP2.6;2009;11.69;5;7.15;23.39;5;
13462;48.2087;-2.7789;RCP2.6;2010;11.21;6;7.74;20.39;3;
13462;48.2087;-2.7789;RCP2.6;2011;11.29;4;7.65;20.14;3;
13462;48.2087;-2.7789;RCP2.6;2012;11.52;4;7.97;19.43;4;
13462;48.2087;-2.7789;RCP2.6;2013;11.48;1;7.95;15.76;1;
13462;48.2087;-2.7789;RCP2.6;2014;11.3;6;7.47;21.48;4;
13462;48.2087;-2.7789;RCP2.6;2015;11.5;2;5.79;19.41;2;
13462;48.2087;-2.7789;RCP2.6;2016;11.72;10;7.93;31.21;6;
13462;48.2087;-2.7789;RCP2.6;2017;11.99;2;6.66;17.15;2;
13462;48.2087;-2.7789;RCP2.6;2018;10.8;6;7.76;24.33;5;
13462;48.2087;-2.7789;RCP2.6;2019;10.54;7;8.55;22.55;5;
13462;48.2087;-2.7789;RCP2.6;2020;10.81;8;7.97;28.55;8;
13463;48.2134;-2.6715;RCP2.6;2006;10.4;5;5.82;28.37;5;
13463;48.2134;-2.6715;RCP2.6;2007;10.97;8;8.12;27.57;7;
13463;48.2134;-2.6715;RCP2.6;2008;10.72;2;8.62;16.13;2;
13463;48.2134;-2.6715;RCP2.6;2009;11.63;5;7.18;23.5;5;
13463;48.2134;-2.6715;RCP2.6;2010;11.14;6;7.77;20.48;3;
13463;48.2134;-2.6715;RCP2.6;2011;11.22;5;7.66;20.57;3;
13463;48.2134;-2.6715;RCP2.6;2012;11.45;4;8.01;19.52;4;
13463;48.2134;-2.6715;RCP2.6;2013;11.41;1;7.95;15.83;1;
13463;48.2134;-2.6715;RCP2.6;2014;11.23;6;7.5;21.56;4;
13463;48.2134;-2.6715;RCP2.6;2015;11.43;2;5.81;19.5;2;
13463;48.2134;-2.6715;RCP2.6;2016;11.65;10;8.01;31.33;6;
13463;48.2134;-2.6715;RCP2.6;2017;11.93;2;6.69;17.23;2;
13463;48.2134;-2.6715;RCP2.6;2018;10.74;7;7.8;24.44;5;
13463;48.2134;-2.6715;RCP2.6;2019;10.48;7;8.59;22.65;5;
13463;48.2134;-2.6715;RCP2.6;2020;10.74;8;8.01;28.66;8;
13464;48.2179;-2.5641;RCP2.6;2006;10.36;5;6.11;23.17;4;
13464;48.2179;-2.5641;RCP2.6;2007;10.92;8;7.62;27.75;6;
13464;48.2179;-2.5641;RCP2.6;2008;10.68;3;8.88;16.95;2;
13464;48.2179;-2.5641;RCP2.6;2009;11.58;6;6.85;25.46;6;
13464;48.2179;-2.5641;RCP2.6;2010;11.14;5;7.43;22.03;4;
13464;48.2179;-2.5641;RCP2.6;2011;11.2;5;7.74;20.91;3;
13464;48.2179;-2.5641;RCP2.6;2012;11.43;3;7.8;17.08;3;
13464;48.2179;-2.5641;RCP2.6;2013;11.39;2;6.82;15.34;2;
13464;48.2179;-2.5641;RCP2.6;2014;11.19;5;7.47;20.93;2;
13464;48.2179;-2.5641;RCP2.6;2015;11.4;4;5.84;19.23;2;
13464;48.2179;-2.5641;RCP2.6;2016;11.61;11;7.99;28.56;8;
13464;48.2179;-2.5641;RCP2.6;2017;11.89;3;6.84;19.23;2;
13464;48.2179;-2.5641;RCP2.6;2018;10.71;7;8.1;25.43;6;
13464;48.2179;-2.5641;RCP2.6;2019;10.46;7;8.46;22.34;4;
13464;48.2179;-2.5641;RCP2.6;2020;10.75;8;8.96;26.4;7;
13465;48.2223;-2.4566;RCP2.6;2006;10.32;5;6.49;21.34;4;
13465;48.2223;-2.4566;RCP2.6;2007;10.91;7;8;28.63;6;
13465;48.2223;-2.4566;RCP2.6;2008;10.67;2;8.43;19.07;1;
13465;48.2223;-2.4566;RCP2.6;2009;11.58;7;7.07;23.66;4;
13465;48.2223;-2.4566;RCP2.6;2010;11.09;5;7.71;23.27;4;
13465;48.2223;-2.4566;RCP2.6;2011;11.12;6;7.67;22.3;4;
13465;48.2223;-2.4566;RCP2.6;2012;11.35;4;8.16;20.22;3;
13465;48.2223;-2.4566;RCP2.6;2013;11.34;2;7.44;15.98;1;
13465;48.2223;-2.4566;RCP2.6;2014;11.14;6;7.65;21.51;4;
13465;48.2223;-2.4566;RCP2.6;2015;11.35;3;5.89;18.23;3;
13465;48.2223;-2.4566;RCP2.6;2016;11.56;8;7.85;28.59;8;
13465;48.2223;-2.4566;RCP2.6;2017;11.84;6;7.02;21.13;4;
13465;48.2223;-2.4566;RCP2.6;2018;10.69;6;7.7;24.94;5;
13465;48.2223;-2.4566;RCP2.6;2019;10.43;9;8.4;23.26;4;
13465;48.2223;-2.4566;RCP2.6;2020;10.7;7;9.37;27.13;6;
13466;48.2267;-2.3492;RCP2.6;2006;10.43;3;6.12;18.34;3;
13466;48.2267;-2.3492;RCP2.6;2007;11.03;5;6.99;23.52;6;
13466;48.2267;-2.3492;RCP2.6;2008;10.85;1;6.92;13.99;1;
13466;48.2267;-2.3492;RCP2.6;2009;11.74;5;5.84;20.32;5;
13466;48.2267;-2.3492;RCP2.6;2010;11.24;4;6.41;20.97;5;
13466;48.2267;-2.3492;RCP2.6;2011;11.31;3;6.93;17.99;4;
13466;48.2267;-2.3492;RCP2.6;2012;11.55;3;6.65;16.99;4;
13466;48.2267;-2.3492;RCP2.6;2013;11.47;1;6.19;16.19;1;
13466;48.2267;-2.3492;RCP2.6;2014;11.31;3;6.67;18.98;5;
13466;48.2267;-2.3492;RCP2.6;2015;11.54;2;5.01;16.73;3;
13466;48.2267;-2.3492;RCP2.6;2016;11.74;8;7.42;25.46;9;
13466;48.2267;-2.3492;RCP2.6;2017;12.05;4;6.32;19.27;5;
13466;48.2267;-2.3492;RCP2.6;2018;10.85;4;6.77;19.98;4;
13466;48.2267;-2.3492;RCP2.6;2019;10.58;4;6.96;19.93;5;
13466;48.2267;-2.3492;RCP2.6;2020;10.85;6;8.26;23.55;6;
13467;48.2309;-2.2417;RCP2.6;2006;10.63;4;5.95;19.35;4;
13467;48.2309;-2.2417;RCP2.6;2007;11.2;5;7.13;22.35;5;
13467;48.2309;-2.2417;RCP2.6;2008;11.07;2;7.01;13.84;2;
13467;48.2309;-2.2417;RCP2.6;2009;11.92;5;5.85;20.97;5;
13467;48.2309;-2.2417;RCP2.6;2010;11.4;4;6.73;19.83;4;
13467;48.2309;-2.2417;RCP2.6;2011;11.48;3;6.8;16.99;4;
13467;48.2309;-2.2417;RCP2.6;2012;11.71;3;6.21;16.13;3;
13467;48.2309;-2.2417;RCP2.6;2013;11.68;0;6.44;14.39;0;
13467;48.2309;-2.2417;RCP2.6;2014;11.51;4;6.74;19.95;6;
13467;48.2309;-2.2417;RCP2.6;2015;11.71;2;5.19;15.56;2;
13467;48.2309;-2.2417;RCP2.6;2016;11.89;7;7.95;24.94;8;
13467;48.2309;-2.2417;RCP2.6;2017;12.24;3;6.31;18.39;3;
13467;48.2309;-2.2417;RCP2.6;2018;11.02;4;6.52;19.64;5;
13467;48.2309;-2.2417;RCP2.6;2019;10.78;4;7.28;19.35;4;
13467;48.2309;-2.2417;RCP2.6;2020;11.04;5;8.08;21.64;6;
13468;48.235;-2.1342;RCP2.6;2006;10.75;5;5.65;21.66;5;
13468;48.235;-2.1342;RCP2.6;2007;11.37;5;7.1;22.39;5;
13468;48.235;-2.1342;RCP2.6;2008;11.19;2;6.79;14.29;2;
13468;48.235;-2.1342;RCP2.6;2009;12.05;4;5.88;19.84;5;
13468;48.235;-2.1342;RCP2.6;2010;11.52;4;6.72;20.44;5;
13468;48.235;-2.1342;RCP2.6;2011;11.63;3;6.84;17.49;3;
13468;48.235;-2.1342;RCP2.6;2012;11.85;3;6.53;15.22;3;
13468;48.235;-2.1342;RCP2.6;2013;11.84;0;6.56;14.38;0;
13468;48.235;-2.1342;RCP2.6;2014;11.61;4;6.72;20.02;5;
13468;48.235;-2.1342;RCP2.6;2015;11.88;2;4.91;15.98;2;
13468;48.235;-2.1342;RCP2.6;2016;12.03;6;7.86;24.29;7;
13468;48.235;-2.1342;RCP2.6;2017;12.36;3;6.05;17.56;4;
13468;48.235;-2.1342;RCP2.6;2018;11.12;4;6.84;18.99;4;
13468;48.235;-2.1342;RCP2.6;2019;10.91;3;7.3;17.96;4;
13468;48.235;-2.1342;RCP2.6;2020;11.16;5;8.15;20.82;5;
13469;48.2391;-2.0267;RCP2.6;2006;10.81;4;5.2;18.86;4;
13469;48.2391;-2.0267;RCP2.6;2007;11.39;3;6.02;19.39;5;
13469;48.2391;-2.0267;RCP2.6;2008;11.24;1;6.77;14.24;2;
13469;48.2391;-2.0267;RCP2.6;2009;12.11;4;6.1;20.37;5;
13469;48.2391;-2.0267;RCP2.6;2010;11.56;5;6.43;20.37;5;
13469;48.2391;-2.0267;RCP2.6;2011;11.67;3;6.28;16.98;3;
13469;48.2391;-2.0267;RCP2.6;2012;11.89;3;6.3;16.59;3;
13469;48.2391;-2.0267;RCP2.6;2013;11.9;0;6.57;13.19;0;
13469;48.2391;-2.0267;RCP2.6;2014;11.66;4;6.71;19.21;4;
13469;48.2391;-2.0267;RCP2.6;2015;11.93;0;5.4;15.72;0;
13469;48.2391;-2.0267;RCP2.6;2016;12.05;6;7.53;22.79;8;
13469;48.2391;-2.0267;RCP2.6;2017;12.4;3;6.22;16.97;3;
13469;48.2391;-2.0267;RCP2.6;2018;11.18;3;7.16;19.47;6;
13469;48.2391;-2.0267;RCP2.6;2019;10.96;3;7.09;17.95;4;
13469;48.2391;-2.0267;RCP2.6;2020;11.23;6;8.37;23.56;6;
13470;48.243;-1.9192;RCP2.6;2006;10.63;5;5.41;21.27;5;
13470;48.243;-1.9192;RCP2.6;2007;11.2;3;6.32;19.42;5;
13470;48.243;-1.9192;RCP2.6;2008;11.03;1;7.24;13.68;2;
13470;48.243;-1.9192;RCP2.6;2009;11.94;4;6.53;20.33;5;
13470;48.243;-1.9192;RCP2.6;2010;11.38;3;6.94;19.24;5;
13470;48.243;-1.9192;RCP2.6;2011;11.47;4;5.88;19.9;4;
13470;48.243;-1.9192;RCP2.6;2012;11.69;3;6.45;15.06;3;
13470;48.243;-1.9192;RCP2.6;2013;11.73;0;6.48;14.72;0;
13470;48.243;-1.9192;RCP2.6;2014;11.44;5;7.09;23.67;6;
13470;48.243;-1.9192;RCP2.6;2015;11.72;1;5.31;15.39;1;
13470;48.243;-1.9192;RCP2.6;2016;11.84;8;8.21;23.51;10;
13470;48.243;-1.9192;RCP2.6;2017;12.19;2;6.64;18.16;3;
13470;48.243;-1.9192;RCP2.6;2018;10.97;3;7.16;19.62;5;
13470;48.243;-1.9192;RCP2.6;2019;10.77;2;6.69;18.27;4;
13470;48.243;-1.9192;RCP2.6;2020;11.07;8;7.89;27.86;8;
13471;48.2469;-1.8117;RCP2.6;2006;10.77;5;5.36;21.08;5;
13471;48.2469;-1.8117;RCP2.6;2007;11.33;3;6.26;19.25;5;
13471;48.2469;-1.8117;RCP2.6;2008;11.18;1;7.18;13.56;2;
13471;48.2469;-1.8117;RCP2.6;2009;12.09;4;6.47;20.28;5;
13471;48.2469;-1.8117;RCP2.6;2010;11.53;2;6.88;19.1;5;
13471;48.2469;-1.8117;RCP2.6;2011;11.61;4;5.83;19.88;4;
13471;48.2469;-1.8117;RCP2.6;2012;11.83;3;6.39;14.98;3;
13471;48.2469;-1.8117;RCP2.6;2013;11.88;0;6.42;14.6;0;
13471;48.2469;-1.8117;RCP2.6;2014;11.6;5;7.03;23.48;6;
13471;48.2469;-1.8117;RCP2.6;2015;11.87;0;5.27;15.25;1;
13471;48.2469;-1.8117;RCP2.6;2016;11.99;8;8.14;23.35;10;
13471;48.2469;-1.8117;RCP2.6;2017;12.33;2;6.6;18;3;
13471;48.2469;-1.8117;RCP2.6;2018;11.11;3;7.1;19.5;5;
13471;48.2469;-1.8117;RCP2.6;2019;10.92;2;6.67;18.13;4;
13471;48.2469;-1.8117;RCP2.6;2020;11.21;8;7.82;27.7;8;
13472;48.2506;-1.7041;RCP2.6;2006;10.85;4;5.57;20.23;4;
13472;48.2506;-1.7041;RCP2.6;2007;11.41;5;6.09;20.13;6;
13472;48.2506;-1.7041;RCP2.6;2008;11.25;1;6.9;13.61;1;
13472;48.2506;-1.7041;RCP2.6;2009;12.15;3;7.01;17.1;3;
13472;48.2506;-1.7041;RCP2.6;2010;11.58;4;6.85;19.07;4;
13472;48.2506;-1.7041;RCP2.6;2011;11.66;3;5.66;17.55;4;
13472;48.2506;-1.7041;RCP2.6;2012;11.95;3;6.28;16.43;3;
13472;48.2506;-1.7041;RCP2.6;2013;11.93;0;6.22;14.44;0;
13472;48.2506;-1.7041;RCP2.6;2014;11.65;6;6.85;22.49;7;
13472;48.2506;-1.7041;RCP2.6;2015;11.91;0;5.98;15.32;1;
13472;48.2506;-1.7041;RCP2.6;2016;12.03;8;7.94;24.93;8;
13472;48.2506;-1.7041;RCP2.6;2017;12.39;1;7.15;17.69;3;
13472;48.2506;-1.7041;RCP2.6;2018;11.19;2;7.01;17.75;3;
13472;48.2506;-1.7041;RCP2.6;2019;10.97;2;6.58;18.32;3;
13472;48.2506;-1.7041;RCP2.6;2020;11.3;7;7.72;26.39;8;
13473;48.2543;-1.5965;RCP2.6;2006;10.96;4;6.21;20.3;5;
13473;48.2543;-1.5965;RCP2.6;2007;11.53;4;6.13;19.72;7;
13473;48.2543;-1.5965;RCP2.6;2008;11.39;1;6.95;14.8;1;
13473;48.2543;-1.5965;RCP2.6;2009;12.28;2;6.94;15.28;2;
13473;48.2543;-1.5965;RCP2.6;2010;11.7;1;6.54;16.32;2;
13473;48.2543;-1.5965;RCP2.6;2011;11.76;3;6.12;16.33;4;
13473;48.2543;-1.5965;RCP2.6;2012;12.08;3;6.6;18.42;4;
13473;48.2543;-1.5965;RCP2.6;2013;12.09;1;6.08;14.51;1;
13473;48.2543;-1.5965;RCP2.6;2014;11.79;3;6.95;19.02;5;
13473;48.2543;-1.5965;RCP2.6;2015;12.02;1;5.64;14.86;3;
13473;48.2543;-1.5965;RCP2.6;2016;12.18;7;7.89;22.77;7;
13473;48.2543;-1.5965;RCP2.6;2017;12.5;1;7.33;16.89;2;
13473;48.2543;-1.5965;RCP2.6;2018;11.32;2;7.73;17.66;3;
13473;48.2543;-1.5965;RCP2.6;2019;11.13;2;6.9;17.41;3;
13473;48.2543;-1.5965;RCP2.6;2020;11.39;6;7.89;23.9;7;
13474;48.2578;-1.489;RCP2.6;2006;10.98;4;7.24;20.1;4;
13474;48.2578;-1.489;RCP2.6;2007;11.61;4;6.73;20.24;4;
13474;48.2578;-1.489;RCP2.6;2008;11.35;1;8.02;16.36;1;
13474;48.2578;-1.489;RCP2.6;2009;12.32;2;7.47;17.3;2;
13474;48.2578;-1.489;RCP2.6;2010;11.72;2;7.71;18.68;2;
13474;48.2578;-1.489;RCP2.6;2011;11.78;4;6.25;18.45;4;
13474;48.2578;-1.489;RCP2.6;2012;12.12;4;7.53;20.17;4;
13474;48.2578;-1.489;RCP2.6;2013;12.11;1;7.22;14.71;1;
13474;48.2578;-1.489;RCP2.6;2014;11.75;5;7.88;21.41;5;
13474;48.2578;-1.489;RCP2.6;2015;12.06;2;6.43;14.71;2;
13474;48.2578;-1.489;RCP2.6;2016;12.2;7;8.04;25.17;7;
13474;48.2578;-1.489;RCP2.6;2017;12.52;1;8.34;17.21;1;
13474;48.2578;-1.489;RCP2.6;2018;11.34;3;8.08;19.08;3;
13474;48.2578;-1.489;RCP2.6;2019;11.15;3;7.58;19.65;3;
13474;48.2578;-1.489;RCP2.6;2020;11.41;6;8.3;25.65;6;
13475;48.2613;-1.3814;RCP2.6;2006;10.92;5;8.05;20.77;4;
13475;48.2613;-1.3814;RCP2.6;2007;11.56;3;6.07;17.9;3;
13475;48.2613;-1.3814;RCP2.6;2008;11.27;1;7.49;15.66;1;
13475;48.2613;-1.3814;RCP2.6;2009;12.29;2;7.83;17.58;2;
13475;48.2613;-1.3814;RCP2.6;2010;11.65;2;7.7;17.4;2;
13475;48.2613;-1.3814;RCP2.6;2011;11.71;3;6.75;16.73;3;
13475;48.2613;-1.3814;RCP2.6;2012;12.11;3;6.92;17.69;3;
13475;48.2613;-1.3814;RCP2.6;2013;12.02;1;6.82;15.09;1;
13475;48.2613;-1.3814;RCP2.6;2014;11.69;1;7.3;18.5;1;
13475;48.2613;-1.3814;RCP2.6;2015;11.99;2;6.01;15.59;2;
13475;48.2613;-1.3814;RCP2.6;2016;12.17;7;7.93;24.45;7;
13475;48.2613;-1.3814;RCP2.6;2017;12.45;2;8.34;18.68;2;
13475;48.2613;-1.3814;RCP2.6;2018;11.29;3;7.73;18.77;3;
13475;48.2613;-1.3814;RCP2.6;2019;11.07;4;7.62;19.84;3;
13475;48.2613;-1.3814;RCP2.6;2020;11.38;8;8.15;25.34;8;
13476;48.2646;-1.2738;RCP2.6;2006;10.86;4;8.22;19.7;4;
13476;48.2646;-1.2738;RCP2.6;2007;11.46;2;6.22;18.54;2;
13476;48.2646;-1.2738;RCP2.6;2008;11.19;1;7.93;17.4;1;
13476;48.2646;-1.2738;RCP2.6;2009;12.22;4;7.83;19.46;4;
13476;48.2646;-1.2738;RCP2.6;2010;11.6;4;8.34;19.61;4;
13476;48.2646;-1.2738;RCP2.6;2011;11.66;2;7.11;18.22;2;
13476;48.2646;-1.2738;RCP2.6;2012;12.04;4;7.23;19.63;4;
13476;48.2646;-1.2738;RCP2.6;2013;11.96;1;6.49;15.28;1;
13476;48.2646;-1.2738;RCP2.6;2014;11.61;3;7.52;16.84;2;
13476;48.2646;-1.2738;RCP2.6;2015;11.88;3;5.81;15.28;3;
13476;48.2646;-1.2738;RCP2.6;2016;12.13;6;7.86;23.03;6;
13476;48.2646;-1.2738;RCP2.6;2017;12.36;2;8.07;18.8;2;
13476;48.2646;-1.2738;RCP2.6;2018;11.19;4;7.1;19.53;4;
13476;48.2646;-1.2738;RCP2.6;2019;10.98;4;7.86;20.47;4;
13476;48.2646;-1.2738;RCP2.6;2020;11.33;6;8.48;24.38;6;
13477;48.2679;-1.1661;RCP2.6;2006;10.69;4;8.18;19.91;4;
13477;48.2679;-1.1661;RCP2.6;2007;11.29;3;6.3;18.75;2;
13477;48.2679;-1.1661;RCP2.6;2008;11.02;1;8.12;17.59;1;
13477;48.2679;-1.1661;RCP2.6;2009;12.04;4;7.91;19.68;4;
13477;48.2679;-1.1661;RCP2.6;2010;11.43;4;8.33;19.83;4;
13477;48.2679;-1.1661;RCP2.6;2011;11.49;2;7.25;18.42;2;
13477;48.2679;-1.1661;RCP2.6;2012;11.86;4;7.32;19.85;4;
13477;48.2679;-1.1661;RCP2.6;2013;11.78;1;6.55;15.45;1;
13477;48.2679;-1.1661;RCP2.6;2014;11.43;3;7.7;17.04;2;
13477;48.2679;-1.1661;RCP2.6;2015;11.71;3;5.8;15.46;3;
13477;48.2679;-1.1661;RCP2.6;2016;11.97;6;7.95;23.29;6;
13477;48.2679;-1.1661;RCP2.6;2017;12.18;2;8.21;19.01;2;
13477;48.2679;-1.1661;RCP2.6;2018;11.01;4;7.18;19.71;4;
13477;48.2679;-1.1661;RCP2.6;2019;10.81;5;7.94;20.8;4;
13477;48.2679;-1.1661;RCP2.6;2020;11.14;6;8.57;24.63;6;
13591;48.2053;-4.2893;RCP2.6;2006;11.37;4;6.07;19.87;5;
13591;48.2053;-4.2893;RCP2.6;2007;11.92;4;6.57;19.69;4;
13591;48.2053;-4.2893;RCP2.6;2008;11.5;1;8.12;18.93;2;
13591;48.2053;-4.2893;RCP2.6;2009;12.13;1;7.22;17.08;1;
13591;48.2053;-4.2893;RCP2.6;2010;11.89;3;7.68;18.98;3;
13591;48.2053;-4.2893;RCP2.6;2011;12.02;5;6.75;20.98;5;
13591;48.2053;-4.2893;RCP2.6;2012;12.21;2;8.2;16.37;2;
13591;48.2053;-4.2893;RCP2.6;2013;12.34;2;5.96;18.42;2;
13591;48.2053;-4.2893;RCP2.6;2014;12.2;7;6.73;24.06;7;
13591;48.2053;-4.2893;RCP2.6;2015;12.24;3;5.13;18.92;4;
13591;48.2053;-4.2893;RCP2.6;2016;12.42;5;7.55;22.57;6;
13591;48.2053;-4.2893;RCP2.6;2017;12.8;2;6.69;16.45;2;
13591;48.2053;-4.2893;RCP2.6;2018;11.59;5;8.62;22.01;6;
13591;48.2053;-4.2893;RCP2.6;2019;11.43;5;8.66;20.43;7;
13591;48.2053;-4.2893;RCP2.6;2020;11.56;7;7.39;24.89;7;
13592;48.2113;-4.1821;RCP2.6;2006;10.88;8;7.22;24.42;4;
13592;48.2113;-4.1821;RCP2.6;2007;11.5;9;8.52;22.78;4;
13592;48.2113;-4.1821;RCP2.6;2008;11.04;7;10.53;24.21;3;
13592;48.2113;-4.1821;RCP2.6;2009;11.74;3;9.21;19.71;2;
13592;48.2113;-4.1821;RCP2.6;2010;11.44;10;9.63;24.65;5;
13592;48.2113;-4.1821;RCP2.6;2011;11.59;7;8.82;25.68;6;
13592;48.2113;-4.1821;RCP2.6;2012;11.83;6;10.13;21.18;2;
13592;48.2113;-4.1821;RCP2.6;2013;11.97;7;7.84;22.68;2;
13592;48.2113;-4.1821;RCP2.6;2014;11.86;10;8.63;30.31;6;
13592;48.2113;-4.1821;RCP2.6;2015;11.88;10;6.5;25.73;5;
13592;48.2113;-4.1821;RCP2.6;2016;12.06;11;10.16;29.49;6;
13592;48.2113;-4.1821;RCP2.6;2017;12.47;7;8.68;21.8;1;
13592;48.2113;-4.1821;RCP2.6;2018;11.13;12;10.93;24.97;5;
13592;48.2113;-4.1821;RCP2.6;2019;10.96;11;10.91;25.72;6;
13592;48.2113;-4.1821;RCP2.6;2020;11.1;10;9.28;27.44;6;
13593;48.2172;-4.0748;RCP2.6;2006;11.13;7;8.15;23.55;4;
13593;48.2172;-4.0748;RCP2.6;2007;11.78;10;8.14;25.38;5;
13593;48.2172;-4.0748;RCP2.6;2008;11.29;8;10.39;23.97;4;
13593;48.2172;-4.0748;RCP2.6;2009;12.07;6;8.46;21.43;1;
13593;48.2172;-4.0748;RCP2.6;2010;11.74;9;10.19;25.73;6;
13593;48.2172;-4.0748;RCP2.6;2011;11.9;7;9.3;23.86;4;
13593;48.2172;-4.0748;RCP2.6;2012;12.16;4;10.06;19.88;2;
13593;48.2172;-4.0748;RCP2.6;2013;12.19;6;8.05;21.76;1;
13593;48.2172;-4.0748;RCP2.6;2014;12.11;8;8.85;26.41;6;
13593;48.2172;-4.0748;RCP2.6;2015;12.15;7;6.6;23.68;4;
13593;48.2172;-4.0748;RCP2.6;2016;12.32;10;9.67;30.51;5;
13593;48.2172;-4.0748;RCP2.6;2017;12.7;7;8.52;22.63;4;
13593;48.2172;-4.0748;RCP2.6;2018;11.36;11;11.24;24.69;6;
13593;48.2172;-4.0748;RCP2.6;2019;11.21;9;10.28;24.81;6;
13593;48.2172;-4.0748;RCP2.6;2020;11.42;9;9.86;27.98;6;
13594;48.223;-3.9675;RCP2.6;2006;10.85;7;8.69;23.79;2;
13594;48.223;-3.9675;RCP2.6;2007;11.57;10;9.36;28.36;7;
13594;48.223;-3.9675;RCP2.6;2008;11.03;12;11.72;30.35;7;
13594;48.223;-3.9675;RCP2.6;2009;11.93;6;9.47;21.49;2;
13594;48.223;-3.9675;RCP2.6;2010;11.5;12;11.62;31.27;6;
13594;48.223;-3.9675;RCP2.6;2011;11.63;9;10.53;22.65;2;
13594;48.223;-3.9675;RCP2.6;2012;11.91;7;11.37;22.04;2;
13594;48.223;-3.9675;RCP2.6;2013;11.95;7;8.7;22.38;1;
13594;48.223;-3.9675;RCP2.6;2014;11.82;8;10.39;26.96;5;
13594;48.223;-3.9675;RCP2.6;2015;11.91;8;7.49;26.23;5;
13594;48.223;-3.9675;RCP2.6;2016;12.12;9;10.09;26.57;6;
13594;48.223;-3.9675;RCP2.6;2017;12.48;7;9.37;23.03;3;
13594;48.223;-3.9675;RCP2.6;2018;11.09;12;12.5;25.86;5;
13594;48.223;-3.9675;RCP2.6;2019;10.94;12;11.59;28.3;8;
13594;48.223;-3.9675;RCP2.6;2020;11.16;8;10.39;27.06;5;
13595;48.2287;-3.8602;RCP2.6;2006;10.73;7;8.76;23.96;2;
13595;48.2287;-3.8602;RCP2.6;2007;11.45;10;9.43;28.7;7;
13595;48.2287;-3.8602;RCP2.6;2008;10.91;12;11.81;30.6;7;
13595;48.2287;-3.8602;RCP2.6;2009;11.81;6;9.53;21.67;2;
13595;48.2287;-3.8602;RCP2.6;2010;11.38;12;11.72;31.51;6;
13595;48.2287;-3.8602;RCP2.6;2011;11.52;9;10.61;22.83;3;
13595;48.2287;-3.8602;RCP2.6;2012;11.79;7;11.54;22.21;2;
13595;48.2287;-3.8602;RCP2.6;2013;11.83;7;8.77;22.56;1;
13595;48.2287;-3.8602;RCP2.6;2014;11.7;8;10.47;27.16;5;
13595;48.2287;-3.8602;RCP2.6;2015;11.79;8;7.55;26.42;5;
13595;48.2287;-3.8602;RCP2.6;2016;12;9;10.17;26.89;6;
13595;48.2287;-3.8602;RCP2.6;2017;12.35;7;9.41;23.22;3;
13595;48.2287;-3.8602;RCP2.6;2018;10.97;13;12.6;26.07;5;
13595;48.2287;-3.8602;RCP2.6;2019;10.83;12;11.68;28.92;8;
13595;48.2287;-3.8602;RCP2.6;2020;11.04;9;10.47;27.26;5;
13596;48.2344;-3.7529;RCP2.6;2006;10.74;7;9.05;22.85;3;
13596;48.2344;-3.7529;RCP2.6;2007;11.43;11;9.98;28.67;6;
13596;48.2344;-3.7529;RCP2.6;2008;10.94;14;11.65;30.4;6;
13596;48.2344;-3.7529;RCP2.6;2009;11.83;5;9.48;21.2;2;
13596;48.2344;-3.7529;RCP2.6;2010;11.41;13;11.19;30.61;6;
13596;48.2344;-3.7529;RCP2.6;2011;11.53;9;10.35;22.42;2;
13596;48.2344;-3.7529;RCP2.6;2012;11.75;7;11.22;22.29;2;
13596;48.2344;-3.7529;RCP2.6;2013;11.81;7;9.27;22.32;1;
13596;48.2344;-3.7529;RCP2.6;2014;11.68;9;10.87;25.02;3;
13596;48.2344;-3.7529;RCP2.6;2015;11.76;8;7.9;27.05;4;
13596;48.2344;-3.7529;RCP2.6;2016;12;9;9.64;28.15;7;
13596;48.2344;-3.7529;RCP2.6;2017;12.34;7;8.67;22.9;3;
13596;48.2344;-3.7529;RCP2.6;2018;10.98;10;12.15;27.48;6;
13596;48.2344;-3.7529;RCP2.6;2019;10.84;11;11.36;27.48;7;
13596;48.2344;-3.7529;RCP2.6;2020;11.05;11;10.41;27.6;5;
13597;48.2399;-3.6455;RCP2.6;2006;10.71;6;9.27;22.09;1;
13597;48.2399;-3.6455;RCP2.6;2007;11.44;11;10.07;28.83;9;
13597;48.2399;-3.6455;RCP2.6;2008;10.93;13;11.16;28.42;7;
13597;48.2399;-3.6455;RCP2.6;2009;11.86;5;9.8;21.53;2;
13597;48.2399;-3.6455;RCP2.6;2010;11.42;13;11.7;28.94;6;
13597;48.2399;-3.6455;RCP2.6;2011;11.56;7;10.09;22.17;3;
13597;48.2399;-3.6455;RCP2.6;2012;11.74;8;11.43;23.02;2;
13597;48.2399;-3.6455;RCP2.6;2013;11.77;8;9.33;22.99;3;
13597;48.2399;-3.6455;RCP2.6;2014;11.66;11;11.45;24.52;3;
13597;48.2399;-3.6455;RCP2.6;2015;11.75;8;8.11;24.04;4;
13597;48.2399;-3.6455;RCP2.6;2016;12.01;10;10.51;28.13;8;
13597;48.2399;-3.6455;RCP2.6;2017;12.3;8;8.98;22.74;3;
13597;48.2399;-3.6455;RCP2.6;2018;10.93;10;12.34;29.17;7;
13597;48.2399;-3.6455;RCP2.6;2019;10.81;11;11.42;27.92;6;
13597;48.2399;-3.6455;RCP2.6;2020;11.05;11;10.92;27.28;4;
13598;48.2453;-3.5382;RCP2.6;2006;10.58;4;8.94;19.6;2;
13598;48.2453;-3.5382;RCP2.6;2007;11.27;11;9.25;26.79;6;
13598;48.2453;-3.5382;RCP2.6;2008;10.81;11;10.71;24.41;4;
13598;48.2453;-3.5382;RCP2.6;2009;11.62;5;9.27;21.64;1;
13598;48.2453;-3.5382;RCP2.6;2010;11.29;11;10.13;27.07;7;
13598;48.2453;-3.5382;RCP2.6;2011;11.41;5;9.09;21.39;3;
13598;48.2453;-3.5382;RCP2.6;2012;11.57;7;10.52;21.75;2;
13598;48.2453;-3.5382;RCP2.6;2013;11.6;7;8.24;22.39;2;
13598;48.2453;-3.5382;RCP2.6;2014;11.5;9;10.18;23.06;3;
13598;48.2453;-3.5382;RCP2.6;2015;11.57;7;7.1;24.28;4;
13598;48.2453;-3.5382;RCP2.6;2016;11.8;10;9.86;26.44;6;
13598;48.2453;-3.5382;RCP2.6;2017;12.09;6;8.09;21.7;2;
13598;48.2453;-3.5382;RCP2.6;2018;10.8;10;11.3;26.32;7;
13598;48.2453;-3.5382;RCP2.6;2019;10.69;8;10.67;24.52;4;
13598;48.2453;-3.5382;RCP2.6;2020;10.91;10;9.53;27.01;5;
13599;48.2506;-3.4308;RCP2.6;2006;10.47;3;7.8;19.69;3;
13599;48.2506;-3.4308;RCP2.6;2007;11.06;10;10.01;24.79;8;
13599;48.2506;-3.4308;RCP2.6;2008;10.67;6;9.86;23.35;4;
13599;48.2506;-3.4308;RCP2.6;2009;11.6;4;7.69;20.09;3;
13599;48.2506;-3.4308;RCP2.6;2010;11.2;12;10.34;23.79;5;
13599;48.2506;-3.4308;RCP2.6;2011;11.22;4;9.01;19.53;3;
13599;48.2506;-3.4308;RCP2.6;2012;11.4;6;10.07;21.26;2;
13599;48.2506;-3.4308;RCP2.6;2013;11.42;6;8.85;22.86;4;
13599;48.2506;-3.4308;RCP2.6;2014;11.31;9;9.6;21.38;3;
13599;48.2506;-3.4308;RCP2.6;2015;11.41;5;6.25;21.73;4;
13599;48.2506;-3.4308;RCP2.6;2016;11.71;9;9.02;25.17;8;
13599;48.2506;-3.4308;RCP2.6;2017;11.96;6;6.98;23.69;5;
13599;48.2506;-3.4308;RCP2.6;2018;10.66;11;9.87;29.69;10;
13599;48.2506;-3.4308;RCP2.6;2019;10.46;7;9.02;24.86;6;
13599;48.2506;-3.4308;RCP2.6;2020;10.82;8;9.54;26.68;6;
13600;48.2559;-3.3233;RCP2.6;2006;10.37;4;8.04;19.88;3;
13600;48.2559;-3.3233;RCP2.6;2007;10.94;11;9.86;24.49;6;
13600;48.2559;-3.3233;RCP2.6;2008;10.54;5;9.86;21.49;3;
13600;48.2559;-3.3233;RCP2.6;2009;11.51;5;7.71;20.83;3;
13600;48.2559;-3.3233;RCP2.6;2010;11.07;12;9.92;24.38;6;
13600;48.2559;-3.3233;RCP2.6;2011;11.12;6;9.1;22.29;1;
13600;48.2559;-3.3233;RCP2.6;2012;11.3;8;9.85;22.82;3;
13600;48.2559;-3.3233;RCP2.6;2013;11.28;6;9.35;24.28;5;
13600;48.2559;-3.3233;RCP2.6;2014;11.19;7;9.82;22.28;2;
13600;48.2559;-3.3233;RCP2.6;2015;11.3;5;6.83;21.12;2;
13600;48.2559;-3.3233;RCP2.6;2016;11.58;10;9.75;27.65;7;
13600;48.2559;-3.3233;RCP2.6;2017;11.84;7;7.05;24.59;5;
13600;48.2559;-3.3233;RCP2.6;2018;10.57;11;9.56;29.63;8;
13600;48.2559;-3.3233;RCP2.6;2019;10.36;8;9.47;23.94;5;
13600;48.2559;-3.3233;RCP2.6;2020;10.7;9;9.9;27.17;7;
13601;48.261;-3.2159;RCP2.6;2006;10.57;4;7.93;19.62;3;
13601;48.261;-3.2159;RCP2.6;2007;11.14;11;9.74;24.15;6;
13601;48.261;-3.2159;RCP2.6;2008;10.75;5;9.76;21.19;3;
13601;48.261;-3.2159;RCP2.6;2009;11.71;5;7.61;20.54;3;
13601;48.261;-3.2159;RCP2.6;2010;11.27;11;9.79;24.04;7;
13601;48.261;-3.2159;RCP2.6;2011;11.32;6;8.99;21.98;2;
13601;48.261;-3.2159;RCP2.6;2012;11.51;8;9.71;22.51;3;
13601;48.261;-3.2159;RCP2.6;2013;11.49;6;9.23;23.96;5;
13601;48.261;-3.2159;RCP2.6;2014;11.4;6;9.69;21.97;2;
13601;48.261;-3.2159;RCP2.6;2015;11.51;5;6.74;20.85;2;
13601;48.261;-3.2159;RCP2.6;2016;11.79;10;9.62;27.36;7;
13601;48.261;-3.2159;RCP2.6;2017;12.04;7;6.96;24.27;5;
13601;48.261;-3.2159;RCP2.6;2018;10.76;11;9.4;29.21;8;
13601;48.261;-3.2159;RCP2.6;2019;10.57;8;9.34;23.61;5;
13601;48.261;-3.2159;RCP2.6;2020;10.91;9;9.79;26.88;7;
13602;48.266;-3.1084;RCP2.6;2006;10.5;4;7.87;20.29;3;
13602;48.266;-3.1084;RCP2.6;2007;11.06;8;9.7;24.29;6;
13602;48.266;-3.1084;RCP2.6;2008;10.73;4;9.89;19.48;3;
13602;48.266;-3.1084;RCP2.6;2009;11.67;4;7.82;21.09;4;
13602;48.266;-3.1084;RCP2.6;2010;11.23;11;9.39;24.7;6;
13602;48.266;-3.1084;RCP2.6;2011;11.26;6;9;21.24;3;
13602;48.266;-3.1084;RCP2.6;2012;11.45;8;9.91;25.86;7;
13602;48.266;-3.1084;RCP2.6;2013;11.48;5;9.92;22.31;4;
13602;48.266;-3.1084;RCP2.6;2014;11.32;8;9.33;22.27;4;
13602;48.266;-3.1084;RCP2.6;2015;11.46;4;6.73;20.23;2;
13602;48.266;-3.1084;RCP2.6;2016;11.73;12;9.31;29.16;7;
13602;48.266;-3.1084;RCP2.6;2017;11.97;6;7.09;21.98;4;
13602;48.266;-3.1084;RCP2.6;2018;10.73;11;10.33;27.97;8;
13602;48.266;-3.1084;RCP2.6;2019;10.51;7;9.1;25.16;5;
13602;48.266;-3.1084;RCP2.6;2020;10.85;7;9.65;26.91;7;
13603;48.2709;-3.0009;RCP2.6;2006;10.19;5;8.05;20.65;3;
13603;48.2709;-3.0009;RCP2.6;2007;10.75;9;9.59;24.83;6;
13603;48.2709;-3.0009;RCP2.6;2008;10.4;4;10.11;19.9;3;
13603;48.2709;-3.0009;RCP2.6;2009;11.35;4;7.99;21.53;4;
13603;48.2709;-3.0009;RCP2.6;2010;10.92;14;9.71;25.13;7;
13603;48.2709;-3.0009;RCP2.6;2011;10.94;7;9.25;21.59;3;
13603;48.2709;-3.0009;RCP2.6;2012;11.12;8;10.13;26.34;7;
13603;48.2709;-3.0009;RCP2.6;2013;11.15;5;10.14;22.73;4;
13603;48.2709;-3.0009;RCP2.6;2014;10.99;8;9.54;22.76;4;
13603;48.2709;-3.0009;RCP2.6;2015;11.14;5;6.87;20.61;2;
13603;48.2709;-3.0009;RCP2.6;2016;11.4;12;9.52;29.66;6;
13603;48.2709;-3.0009;RCP2.6;2017;11.65;6;7.22;22.36;4;
13603;48.2709;-3.0009;RCP2.6;2018;10.42;11;10.52;28.6;8;
13603;48.2709;-3.0009;RCP2.6;2019;10.19;7;9.29;25.72;5;
13603;48.2709;-3.0009;RCP2.6;2020;10.54;8;9.86;27.23;7;
13604;48.2758;-2.8934;RCP2.6;2006;10.25;5;6.64;23.17;4;
13604;48.2758;-2.8934;RCP2.6;2007;10.81;8;8.34;26.92;7;
13604;48.2758;-2.8934;RCP2.6;2008;10.56;2;8.1;15.28;2;
13604;48.2758;-2.8934;RCP2.6;2009;11.43;5;6.94;23.43;5;
13604;48.2758;-2.8934;RCP2.6;2010;11.02;6;8.06;24.53;5;
13604;48.2758;-2.8934;RCP2.6;2011;11.1;6;8.09;22.48;4;
13604;48.2758;-2.8934;RCP2.6;2012;11.28;9;8.76;23.64;6;
13604;48.2758;-2.8934;RCP2.6;2013;11.24;5;8.46;20.68;3;
13604;48.2758;-2.8934;RCP2.6;2014;11.08;7;8.43;22.8;4;
13604;48.2758;-2.8934;RCP2.6;2015;11.26;5;6.15;21.34;3;
13604;48.2758;-2.8934;RCP2.6;2016;11.5;12;8.61;28.43;9;
13604;48.2758;-2.8934;RCP2.6;2017;11.73;3;6.82;18.8;2;
13604;48.2758;-2.8934;RCP2.6;2018;10.51;9;8.8;29.43;7;
13604;48.2758;-2.8934;RCP2.6;2019;10.32;7;8.07;22.67;4;
13604;48.2758;-2.8934;RCP2.6;2020;10.64;8;8.35;28.91;7;
13605;48.2805;-2.7859;RCP2.6;2006;10.19;6;6.16;23.07;4;
13605;48.2805;-2.7859;RCP2.6;2007;10.79;8;8;28.34;6;
13605;48.2805;-2.7859;RCP2.6;2008;10.53;2;8.81;15.63;2;
13605;48.2805;-2.7859;RCP2.6;2009;11.38;6;7.05;25.95;5;
13605;48.2805;-2.7859;RCP2.6;2010;10.98;7;7.79;24.06;4;
13605;48.2805;-2.7859;RCP2.6;2011;11.08;6;8.13;23.61;4;
13605;48.2805;-2.7859;RCP2.6;2012;11.23;5;8.23;21.06;4;
13605;48.2805;-2.7859;RCP2.6;2013;11.2;4;8.3;19.24;3;
13605;48.2805;-2.7859;RCP2.6;2014;11.04;5;7.72;21.67;4;
13605;48.2805;-2.7859;RCP2.6;2015;11.21;5;6.15;20.74;2;
13605;48.2805;-2.7859;RCP2.6;2016;11.47;12;7.86;32.29;8;
13605;48.2805;-2.7859;RCP2.6;2017;11.69;2;6.91;17.24;2;
13605;48.2805;-2.7859;RCP2.6;2018;10.47;8;9.26;29.33;6;
13605;48.2805;-2.7859;RCP2.6;2019;10.28;7;8.38;24.71;5;
13605;48.2805;-2.7859;RCP2.6;2020;10.6;9;8.06;29.83;9;
13606;48.2851;-2.6784;RCP2.6;2006;10.39;6;6.13;22.77;4;
13606;48.2851;-2.6784;RCP2.6;2007;10.98;8;7.94;28.04;6;
13606;48.2851;-2.6784;RCP2.6;2008;10.74;2;8.7;15.43;2;
13606;48.2851;-2.6784;RCP2.6;2009;11.58;6;7.03;25.64;5;
13606;48.2851;-2.6784;RCP2.6;2010;11.17;6;7.71;23.79;4;
13606;48.2851;-2.6784;RCP2.6;2011;11.27;5;8.03;23.38;4;
13606;48.2851;-2.6784;RCP2.6;2012;11.43;4;8.12;20.79;4;
13606;48.2851;-2.6784;RCP2.6;2013;11.4;4;8.19;18.99;3;
13606;48.2851;-2.6784;RCP2.6;2014;11.25;5;7.63;21.39;4;
13606;48.2851;-2.6784;RCP2.6;2015;11.41;5;6.08;20.47;2;
13606;48.2851;-2.6784;RCP2.6;2016;11.67;12;7.79;31.88;8;
13606;48.2851;-2.6784;RCP2.6;2017;11.89;2;6.82;17.03;2;
13606;48.2851;-2.6784;RCP2.6;2018;10.67;8;9.14;28.96;6;
13606;48.2851;-2.6784;RCP2.6;2019;10.48;7;8.28;24.39;5;
13606;48.2851;-2.6784;RCP2.6;2020;10.8;9;7.95;29.5;9;
13607;48.2897;-2.5708;RCP2.6;2006;10.08;6;6.01;23.13;4;
13607;48.2897;-2.5708;RCP2.6;2007;10.67;7;7.81;27.25;5;
13607;48.2897;-2.5708;RCP2.6;2008;10.36;3;8.23;17.47;2;
13607;48.2897;-2.5708;RCP2.6;2009;11.24;6;7.33;28.11;6;
13607;48.2897;-2.5708;RCP2.6;2010;10.85;7;7.56;22.83;4;
13607;48.2897;-2.5708;RCP2.6;2011;10.95;5;7.92;22.87;4;
13607;48.2897;-2.5708;RCP2.6;2012;11.08;4;8.02;18.59;3;
13607;48.2897;-2.5708;RCP2.6;2013;11.06;4;7.77;20.07;0;
13607;48.2897;-2.5708;RCP2.6;2014;10.9;5;7.74;21.23;3;
13607;48.2897;-2.5708;RCP2.6;2015;11.07;3;6.38;19.29;2;
13607;48.2897;-2.5708;RCP2.6;2016;11.34;11;7.04;33.09;9;
13607;48.2897;-2.5708;RCP2.6;2017;11.58;2;6.86;18.1;2;
13607;48.2897;-2.5708;RCP2.6;2018;10.34;8;9.28;28.5;6;
13607;48.2897;-2.5708;RCP2.6;2019;10.15;8;8.6;25.19;5;
13607;48.2897;-2.5708;RCP2.6;2020;10.49;8;8.73;28.96;7;
13608;48.2941;-2.4632;RCP2.6;2006;10.41;6;6.27;21.83;4;
13608;48.2941;-2.4632;RCP2.6;2007;11;6;7.39;23.11;4;
13608;48.2941;-2.4632;RCP2.6;2008;10.73;3;7.94;16.27;1;
13608;48.2941;-2.4632;RCP2.6;2009;11.61;5;7.07;24.06;5;
13608;48.2941;-2.4632;RCP2.6;2010;11.17;6;7.18;22.86;4;
13608;48.2941;-2.4632;RCP2.6;2011;11.24;6;8.5;21.92;4;
13608;48.2941;-2.4632;RCP2.6;2012;11.38;3;7.97;17.97;3;
13608;48.2941;-2.4632;RCP2.6;2013;11.39;1;7.2;17.38;1;
13608;48.2941;-2.4632;RCP2.6;2014;11.24;5;7.71;20.66;2;
13608;48.2941;-2.4632;RCP2.6;2015;11.43;3;5.69;17.76;1;
13608;48.2941;-2.4632;RCP2.6;2016;11.66;9;7.52;29.65;9;
13608;48.2941;-2.4632;RCP2.6;2017;11.92;0;7.12;18.29;0;
13608;48.2941;-2.4632;RCP2.6;2018;10.71;7;8.82;27.26;6;
13608;48.2941;-2.4632;RCP2.6;2019;10.51;8;8.41;24.96;6;
13608;48.2941;-2.4632;RCP2.6;2020;10.8;6;8.34;28.34;6;
13609;48.2985;-2.3556;RCP2.6;2006;10.5;4;6.2;19.15;4;
13609;48.2985;-2.3556;RCP2.6;2007;11.1;5;6.29;22.91;5;
13609;48.2985;-2.3556;RCP2.6;2008;10.88;1;7.24;13.2;2;
13609;48.2985;-2.3556;RCP2.6;2009;11.74;4;6.19;20.38;5;
13609;48.2985;-2.3556;RCP2.6;2010;11.28;5;6.58;21.16;5;
13609;48.2985;-2.3556;RCP2.6;2011;11.4;2;7.2;17.92;2;
13609;48.2985;-2.3556;RCP2.6;2012;11.54;3;6.93;17.21;3;
13609;48.2985;-2.3556;RCP2.6;2013;11.51;0;5.99;15.83;0;
13609;48.2985;-2.3556;RCP2.6;2014;11.37;2;6.54;18.82;4;
13609;48.2985;-2.3556;RCP2.6;2015;11.59;2;5.66;15.37;2;
13609;48.2985;-2.3556;RCP2.6;2016;11.8;8;7;25.93;9;
13609;48.2985;-2.3556;RCP2.6;2017;12.11;1;6.14;16.06;2;
13609;48.2985;-2.3556;RCP2.6;2018;10.83;5;7.33;22.98;5;
13609;48.2985;-2.3556;RCP2.6;2019;10.63;4;7.16;19.99;4;
13609;48.2985;-2.3556;RCP2.6;2020;10.92;6;7.84;23.84;6;
13610;48.3027;-2.248;RCP2.6;2006;10.77;4;5.58;20.64;4;
13610;48.3027;-2.248;RCP2.6;2007;11.33;4;5.88;18.86;4;
13610;48.3027;-2.248;RCP2.6;2008;11.17;1;6.68;14.42;2;
13610;48.3027;-2.248;RCP2.6;2009;12.01;4;6.15;19.59;5;
13610;48.3027;-2.248;RCP2.6;2010;11.49;3;6.8;19.5;5;
13610;48.3027;-2.248;RCP2.6;2011;11.61;2;7.05;16.51;4;
13610;48.3027;-2.248;RCP2.6;2012;11.77;4;6.44;19.27;4;
13610;48.3027;-2.248;RCP2.6;2013;11.81;0;6.36;14.31;0;
13610;48.3027;-2.248;RCP2.6;2014;11.64;3;6.63;17.58;4;
13610;48.3027;-2.248;RCP2.6;2015;11.8;1;6;15.01;2;
13610;48.3027;-2.248;RCP2.6;2016;12.02;8;7.19;24.22;10;
13610;48.3027;-2.248;RCP2.6;2017;12.37;1;6.37;17.04;2;
13610;48.3027;-2.248;RCP2.6;2018;11.11;4;7.61;20.74;6;
13610;48.3027;-2.248;RCP2.6;2019;10.91;3;7.13;19.48;5;
13610;48.3027;-2.248;RCP2.6;2020;11.13;6;7.73;24.91;6;
13611;48.3068;-2.1404;RCP2.6;2006;10.89;4;5.3;20.41;5;
13611;48.3068;-2.1404;RCP2.6;2007;11.42;3;6.59;17.46;3;
13611;48.3068;-2.1404;RCP2.6;2008;11.3;1;6.77;14.27;1;
13611;48.3068;-2.1404;RCP2.6;2009;12.14;4;6.59;20.13;5;
13611;48.3068;-2.1404;RCP2.6;2010;11.63;3;6.83;18.78;5;
13611;48.3068;-2.1404;RCP2.6;2011;11.73;3;6.69;17.46;4;
13611;48.3068;-2.1404;RCP2.6;2012;11.92;4;6.01;19.33;5;
13611;48.3068;-2.1404;RCP2.6;2013;11.92;0;5.83;13.27;0;
13611;48.3068;-2.1404;RCP2.6;2014;11.77;3;6.52;16.59;3;
13611;48.3068;-2.1404;RCP2.6;2015;11.96;0;6.12;14.93;1;
13611;48.3068;-2.1404;RCP2.6;2016;12.11;9;7.72;25.11;10;
13611;48.3068;-2.1404;RCP2.6;2017;12.51;2;6.51;17.28;4;
13611;48.3068;-2.1404;RCP2.6;2018;11.23;4;7.54;19.15;4;
13611;48.3068;-2.1404;RCP2.6;2019;11.05;4;7.08;20.23;5;
13611;48.3068;-2.1404;RCP2.6;2020;11.3;6;7.72;24.71;7;
13612;48.3109;-2.0327;RCP2.6;2006;10.97;4;5.27;20.32;5;
13612;48.3109;-2.0327;RCP2.6;2007;11.49;3;6.56;17.38;3;
13612;48.3109;-2.0327;RCP2.6;2008;11.38;1;6.74;14.2;1;
13612;48.3109;-2.0327;RCP2.6;2009;12.21;4;6.56;20.03;5;
13612;48.3109;-2.0327;RCP2.6;2010;11.7;3;6.79;18.69;5;
13612;48.3109;-2.0327;RCP2.6;2011;11.8;3;6.64;17.41;4;
13612;48.3109;-2.0327;RCP2.6;2012;11.99;4;5.98;19.25;5;
13612;48.3109;-2.0327;RCP2.6;2013;11.99;0;5.81;13.2;0;
13612;48.3109;-2.0327;RCP2.6;2014;11.85;3;6.5;16.51;3;
13612;48.3109;-2.0327;RCP2.6;2015;12.04;0;6.09;14.86;1;
13612;48.3109;-2.0327;RCP2.6;2016;12.19;9;7.69;25;10;
13612;48.3109;-2.0327;RCP2.6;2017;12.58;2;6.46;17.2;4;
13612;48.3109;-2.0327;RCP2.6;2018;11.3;4;7.5;19.07;4;
13612;48.3109;-2.0327;RCP2.6;2019;11.12;4;7.05;20.13;5;
13612;48.3109;-2.0327;RCP2.6;2020;11.38;6;7.69;24.65;7;
13613;48.3148;-1.925;RCP2.6;2006;10.81;5;5.09;21.04;5;
13613;48.3148;-1.925;RCP2.6;2007;11.35;2;6.64;18.09;4;
13613;48.3148;-1.925;RCP2.6;2008;11.22;1;6.94;13.62;1;
13613;48.3148;-1.925;RCP2.6;2009;12.07;2;6.61;18.31;4;
13613;48.3148;-1.925;RCP2.6;2010;11.51;4;6.87;19.1;4;
13613;48.3148;-1.925;RCP2.6;2011;11.65;4;6.18;19.92;5;
13613;48.3148;-1.925;RCP2.6;2012;11.83;3;6.5;15.38;3;
13613;48.3148;-1.925;RCP2.6;2013;11.89;0;6.1;13.96;0;
13613;48.3148;-1.925;RCP2.6;2014;11.63;4;7.12;17.88;4;
13613;48.3148;-1.925;RCP2.6;2015;11.88;1;5.59;14.99;1;
13613;48.3148;-1.925;RCP2.6;2016;12.01;8;7.76;23.65;9;
13613;48.3148;-1.925;RCP2.6;2017;12.37;1;6.83;16.28;3;
13613;48.3148;-1.925;RCP2.6;2018;11.11;4;7.68;19.62;5;
13613;48.3148;-1.925;RCP2.6;2019;10.96;4;6.83;19.59;4;
13613;48.3148;-1.925;RCP2.6;2020;11.21;7;7.41;24.99;7;
13614;48.3187;-1.8174;RCP2.6;2006;11;5;5.28;20.78;5;
13614;48.3187;-1.8174;RCP2.6;2007;11.55;3;6.18;18.98;5;
13614;48.3187;-1.8174;RCP2.6;2008;11.41;1;6.95;13.37;2;
13614;48.3187;-1.8174;RCP2.6;2009;12.31;4;6.24;20.14;5;
13614;48.3187;-1.8174;RCP2.6;2010;11.76;2;6.68;18.87;5;
13614;48.3187;-1.8174;RCP2.6;2011;11.83;4;5.9;19.59;4;
13614;48.3187;-1.8174;RCP2.6;2012;12.06;3;6.29;14.79;3;
13614;48.3187;-1.8174;RCP2.6;2013;12.11;0;6.33;14.4;0;
13614;48.3187;-1.8174;RCP2.6;2014;11.84;5;6.83;23.24;6;
13614;48.3187;-1.8174;RCP2.6;2015;12.1;0;5.2;15.04;1;
13614;48.3187;-1.8174;RCP2.6;2016;12.23;8;8.02;23.52;10;
13614;48.3187;-1.8174;RCP2.6;2017;12.55;2;6.51;17.74;3;
13614;48.3187;-1.8174;RCP2.6;2018;11.35;3;7;19.29;5;
13614;48.3187;-1.8174;RCP2.6;2019;11.15;2;6.77;18.06;4;
13614;48.3187;-1.8174;RCP2.6;2020;11.44;8;7.72;27.46;8;
13615;48.3224;-1.7097;RCP2.6;2006;10.96;4;5.54;20.25;4;
13615;48.3224;-1.7097;RCP2.6;2007;11.52;4;6.04;19.98;6;
13615;48.3224;-1.7097;RCP2.6;2008;11.37;1;6.85;13.52;1;
13615;48.3224;-1.7097;RCP2.6;2009;12.26;3;6.97;16.97;3;
13615;48.3224;-1.7097;RCP2.6;2010;11.69;3;6.8;18.93;4;
13615;48.3224;-1.7097;RCP2.6;2011;11.76;3;5.63;17.42;4;
13615;48.3224;-1.7097;RCP2.6;2012;12.06;3;6.26;16.32;3;
13615;48.3224;-1.7097;RCP2.6;2013;12.05;0;6.18;14.35;0;
13615;48.3224;-1.7097;RCP2.6;2014;11.76;6;6.8;22.32;7;
13615;48.3224;-1.7097;RCP2.6;2015;12.03;0;5.96;15.21;1;
13615;48.3224;-1.7097;RCP2.6;2016;12.15;8;7.86;24.76;8;
13615;48.3224;-1.7097;RCP2.6;2017;12.5;1;7.1;17.57;3;
13615;48.3224;-1.7097;RCP2.6;2018;11.3;2;6.97;17.62;3;
13615;48.3224;-1.7097;RCP2.6;2019;11.08;2;6.54;18.35;3;
13615;48.3224;-1.7097;RCP2.6;2020;11.41;7;7.66;26.24;8;
13616;48.3261;-1.6019;RCP2.6;2006;10.87;4;6.11;20.41;5;
13616;48.3261;-1.6019;RCP2.6;2007;11.44;4;6.03;19.83;7;
13616;48.3261;-1.6019;RCP2.6;2008;11.3;1;6.99;14.89;1;
13616;48.3261;-1.6019;RCP2.6;2009;12.19;2;6.97;15.38;2;
13616;48.3261;-1.6019;RCP2.6;2010;11.61;1;6.58;16.4;2;
13616;48.3261;-1.6019;RCP2.6;2011;11.67;3;6.16;16.43;4;
13616;48.3261;-1.6019;RCP2.6;2012;11.98;3;6.6;18.52;4;
13616;48.3261;-1.6019;RCP2.6;2013;12;1;6.07;14.59;1;
13616;48.3261;-1.6019;RCP2.6;2014;11.69;3;6.99;19.14;5;
13616;48.3261;-1.6019;RCP2.6;2015;11.92;2;5.67;14.95;3;
13616;48.3261;-1.6019;RCP2.6;2016;12.08;7;7.94;22.9;7;
13616;48.3261;-1.6019;RCP2.6;2017;12.41;1;7.37;17;2;
13616;48.3261;-1.6019;RCP2.6;2018;11.23;2;7.78;17.76;2;
13616;48.3261;-1.6019;RCP2.6;2019;11.04;2;6.94;17.51;3;
13616;48.3261;-1.6019;RCP2.6;2020;11.3;6;7.93;24.01;7;
13617;48.3296;-1.4942;RCP2.6;2006;11.04;4;7.21;20.02;4;
13617;48.3296;-1.4942;RCP2.6;2007;11.67;4;6.8;20.15;4;
13617;48.3296;-1.4942;RCP2.6;2008;11.42;1;7.99;16.29;1;
13617;48.3296;-1.4942;RCP2.6;2009;12.39;2;7.43;17.23;2;
13617;48.3296;-1.4942;RCP2.6;2010;11.79;2;7.74;18.6;2;
13617;48.3296;-1.4942;RCP2.6;2011;11.84;4;6.23;18.38;4;
13617;48.3296;-1.4942;RCP2.6;2012;12.19;4;7.5;20.09;4;
13617;48.3296;-1.4942;RCP2.6;2013;12.17;1;6.96;14.65;1;
13617;48.3296;-1.4942;RCP2.6;2014;11.81;5;7.85;21.32;5;
13617;48.3296;-1.4942;RCP2.6;2015;12.12;2;6.4;14.65;2;
13617;48.3296;-1.4942;RCP2.6;2016;12.27;7;8.15;25.07;7;
13617;48.3296;-1.4942;RCP2.6;2017;12.58;1;8.3;17.13;1;
13617;48.3296;-1.4942;RCP2.6;2018;11.41;3;8.04;19;3;
13617;48.3296;-1.4942;RCP2.6;2019;11.21;3;7.47;19.57;3;
13617;48.3296;-1.4942;RCP2.6;2020;11.48;6;8.27;25.57;6;
13618;48.3331;-1.3865;RCP2.6;2006;10.96;3;7.82;19.12;3;
13618;48.3331;-1.3865;RCP2.6;2007;11.58;4;6.4;19.9;4;
13618;48.3331;-1.3865;RCP2.6;2008;11.29;1;7.47;15.8;1;
13618;48.3331;-1.3865;RCP2.6;2009;12.3;2;7.52;15.52;2;
13618;48.3331;-1.3865;RCP2.6;2010;11.69;4;7.8;18.52;4;
13618;48.3331;-1.3865;RCP2.6;2011;11.76;3;6.21;18.84;3;
13618;48.3331;-1.3865;RCP2.6;2012;12.14;4;7.53;19.47;4;
13618;48.3331;-1.3865;RCP2.6;2013;12.06;1;6.67;14.37;2;
13618;48.3331;-1.3865;RCP2.6;2014;11.74;3;7.84;19.16;4;
13618;48.3331;-1.3865;RCP2.6;2015;11.99;2;6.31;14.65;2;
13618;48.3331;-1.3865;RCP2.6;2016;12.18;6;8.41;25.15;7;
13618;48.3331;-1.3865;RCP2.6;2017;12.49;1;8.18;18.24;1;
13618;48.3331;-1.3865;RCP2.6;2018;11.32;3;8.16;18.52;3;
13618;48.3331;-1.3865;RCP2.6;2019;11.1;2;8.4;19.06;3;
13618;48.3331;-1.3865;RCP2.6;2020;11.41;6;7.43;23.77;6;
13619;48.3365;-1.2787;RCP2.6;2006;10.78;6;7.64;21.73;6;
13619;48.3365;-1.2787;RCP2.6;2007;11.42;2;6.44;18.57;2;
13619;48.3365;-1.2787;RCP2.6;2008;11.14;2;7.53;17.39;2;
13619;48.3365;-1.2787;RCP2.6;2009;12.13;3;7.63;16.58;3;
13619;48.3365;-1.2787;RCP2.6;2010;11.55;5;8.09;20.86;5;
13619;48.3365;-1.2787;RCP2.6;2011;11.61;3;6.74;19.67;3;
13619;48.3365;-1.2787;RCP2.6;2012;11.99;4;7.94;20.67;4;
13619;48.3365;-1.2787;RCP2.6;2013;11.9;2;5.99;15.8;2;
13619;48.3365;-1.2787;RCP2.6;2014;11.56;2;7.56;17.96;1;
13619;48.3365;-1.2787;RCP2.6;2015;11.82;3;6.06;15.63;2;
13619;48.3365;-1.2787;RCP2.6;2016;12.03;7;8.67;24.52;7;
13619;48.3365;-1.2787;RCP2.6;2017;12.31;4;8.6;19.42;4;
13619;48.3365;-1.2787;RCP2.6;2018;11.13;4;7.43;19.62;4;
13619;48.3365;-1.2787;RCP2.6;2019;10.91;2;8.36;19.65;2;
13619;48.3365;-1.2787;RCP2.6;2020;11.28;6;8.25;24.91;6;
13620;48.3397;-1.1709;RCP2.6;2006;10.78;6;7.64;21.74;6;
13620;48.3397;-1.1709;RCP2.6;2007;11.41;2;6.44;18.58;2;
13620;48.3397;-1.1709;RCP2.6;2008;11.14;2;7.54;17.39;2;
13620;48.3397;-1.1709;RCP2.6;2009;12.12;3;7.63;16.59;3;
13620;48.3397;-1.1709;RCP2.6;2010;11.54;5;8.1;20.87;5;
13620;48.3397;-1.1709;RCP2.6;2011;11.61;3;6.75;19.68;3;
13620;48.3397;-1.1709;RCP2.6;2012;11.99;4;7.94;20.68;4;
13620;48.3397;-1.1709;RCP2.6;2013;11.89;2;6;15.81;2;
13620;48.3397;-1.1709;RCP2.6;2014;11.55;2;7.57;17.96;1;
13620;48.3397;-1.1709;RCP2.6;2015;11.81;3;6.06;15.64;2;
13620;48.3397;-1.1709;RCP2.6;2016;12.02;7;8.68;24.53;7;
13620;48.3397;-1.1709;RCP2.6;2017;12.3;4;8.47;19.42;4;
13620;48.3397;-1.1709;RCP2.6;2018;11.12;4;7.42;19.63;4;
13620;48.3397;-1.1709;RCP2.6;2019;10.91;3;8.36;19.66;2;
13620;48.3397;-1.1709;RCP2.6;2020;11.27;6;8.25;24.92;6;
13621;48.3429;-1.0632;RCP2.6;2006;10.33;5;8.31;22.58;4;
13621;48.3429;-1.0632;RCP2.6;2007;10.9;2;7.21;16.38;2;
13621;48.3429;-1.0632;RCP2.6;2008;10.67;5;8.19;20.9;5;
13621;48.3429;-1.0632;RCP2.6;2009;11.62;4;7.76;20.43;4;
13621;48.3429;-1.0632;RCP2.6;2010;11.1;6;8.65;28.23;6;
13621;48.3429;-1.0632;RCP2.6;2011;11.14;4;7.4;21.01;4;
13621;48.3429;-1.0632;RCP2.6;2012;11.49;5;8.24;26.99;5;
13621;48.3429;-1.0632;RCP2.6;2013;11.42;2;5.9;17.05;1;
13621;48.3429;-1.0632;RCP2.6;2014;11.04;4;7.27;19.36;2;
13621;48.3429;-1.0632;RCP2.6;2015;11.33;3;6.3;16.28;3;
13621;48.3429;-1.0632;RCP2.6;2016;11.56;6;8.87;23.71;6;
13621;48.3429;-1.0632;RCP2.6;2017;11.83;4;9.29;20.23;4;
13621;48.3429;-1.0632;RCP2.6;2018;10.61;6;7.59;20.66;4;
13621;48.3429;-1.0632;RCP2.6;2019;10.39;4;8.86;19.58;3;
13621;48.3429;-1.0632;RCP2.6;2020;10.81;6;8.37;22.05;5;
13731;48.2583;-4.6204;RCP2.6;2006;11.92;5;5.93;20.37;5;
13731;48.2583;-4.6204;RCP2.6;2007;12.49;3;6.02;18.72;4;
13731;48.2583;-4.6204;RCP2.6;2008;12.08;2;8.08;18.54;4;
13731;48.2583;-4.6204;RCP2.6;2009;12.73;2;6.72;17.35;3;
13731;48.2583;-4.6204;RCP2.6;2010;12.47;5;7.47;21.04;5;
13731;48.2583;-4.6204;RCP2.6;2011;12.63;2;6.62;18.03;3;
13731;48.2583;-4.6204;RCP2.6;2012;12.82;2;8.06;16.75;2;
13731;48.2583;-4.6204;RCP2.6;2013;12.93;1;6.21;17.79;2;
13731;48.2583;-4.6204;RCP2.6;2014;12.76;5;6.47;23.75;7;
13731;48.2583;-4.6204;RCP2.6;2015;12.84;3;4.82;17.88;3;
13731;48.2583;-4.6204;RCP2.6;2016;13;6;8.22;22.09;7;
13731;48.2583;-4.6204;RCP2.6;2017;13.37;1;6.62;17.62;2;
13731;48.2583;-4.6204;RCP2.6;2018;12.12;3;7.63;19.62;8;
13731;48.2583;-4.6204;RCP2.6;2019;12.02;3;8.48;19.42;6;
13731;48.2583;-4.6204;RCP2.6;2020;12.14;3;6.77;18.96;4;
13732;48.2646;-4.5131;RCP2.6;2006;11.73;5;5.99;20.56;5;
13732;48.2646;-4.5131;RCP2.6;2007;12.29;3;6.1;19.29;5;
13732;48.2646;-4.5131;RCP2.6;2008;11.89;2;8.19;18.66;4;
13732;48.2646;-4.5131;RCP2.6;2009;12.53;2;6.8;17.49;3;
13732;48.2646;-4.5131;RCP2.6;2010;12.27;5;7.57;21.28;5;
13732;48.2646;-4.5131;RCP2.6;2011;12.43;2;6.69;18.26;3;
13732;48.2646;-4.5131;RCP2.6;2012;12.61;2;8.16;17.23;2;
13732;48.2646;-4.5131;RCP2.6;2013;12.73;1;6.29;18.02;2;
13732;48.2646;-4.5131;RCP2.6;2014;12.55;5;6.5;24.01;7;
13732;48.2646;-4.5131;RCP2.6;2015;12.63;3;4.84;18.11;3;
13732;48.2646;-4.5131;RCP2.6;2016;12.8;6;8.34;22.36;7;
13732;48.2646;-4.5131;RCP2.6;2017;13.17;1;6.67;17.85;2;
13732;48.2646;-4.5131;RCP2.6;2018;11.93;4;7.73;19.87;8;
13732;48.2646;-4.5131;RCP2.6;2019;11.83;3;8.58;19.63;5;
13732;48.2646;-4.5131;RCP2.6;2020;11.94;3;6.86;19.19;4;
13733;48.2709;-4.4058;RCP2.6;2006;11.71;5;6;20.58;5;
13733;48.2709;-4.4058;RCP2.6;2007;12.27;3;6.11;19.32;5;
13733;48.2709;-4.4058;RCP2.6;2008;11.86;2;8.43;18.68;4;
13733;48.2709;-4.4058;RCP2.6;2009;12.51;2;6.81;17.76;3;
13733;48.2709;-4.4058;RCP2.6;2010;12.25;5;7.58;21.3;5;
13733;48.2709;-4.4058;RCP2.6;2011;12.41;2;6.7;18.29;3;
13733;48.2709;-4.4058;RCP2.6;2012;12.59;2;8.17;16.98;2;
13733;48.2709;-4.4058;RCP2.6;2013;12.71;1;6.3;18.05;2;
13733;48.2709;-4.4058;RCP2.6;2014;12.53;5;6.5;24.04;7;
13733;48.2709;-4.4058;RCP2.6;2015;12.61;3;4.85;18.14;3;
13733;48.2709;-4.4058;RCP2.6;2016;12.77;6;8.35;22.39;7;
13733;48.2709;-4.4058;RCP2.6;2017;13.14;1;6.68;17.87;2;
13733;48.2709;-4.4058;RCP2.6;2018;11.91;4;7.74;19.9;8;
13733;48.2709;-4.4058;RCP2.6;2019;11.8;3;8.59;19.66;5;
13733;48.2709;-4.4058;RCP2.6;2020;11.91;3;6.87;19.21;4;
13734;48.277;-4.2984;RCP2.6;2006;11.58;5;6.05;20.72;5;
13734;48.277;-4.2984;RCP2.6;2007;12.14;3;6.16;19.48;5;
13734;48.277;-4.2984;RCP2.6;2008;11.73;2;8.29;18.85;4;
13734;48.277;-4.2984;RCP2.6;2009;12.38;2;6.87;17.94;3;
13734;48.277;-4.2984;RCP2.6;2010;12.12;5;7.65;21.45;5;
13734;48.277;-4.2984;RCP2.6;2011;12.27;2;6.75;18.45;3;
13734;48.277;-4.2984;RCP2.6;2012;12.45;2;8.13;17.12;2;
13734;48.277;-4.2984;RCP2.6;2013;12.57;1;6.32;18.21;2;
13734;48.277;-4.2984;RCP2.6;2014;12.39;6;6.55;24.23;7;
13734;48.277;-4.2984;RCP2.6;2015;12.47;3;4.87;18.3;3;
13734;48.277;-4.2984;RCP2.6;2016;12.63;6;8.43;22.58;7;
13734;48.277;-4.2984;RCP2.6;2017;13.01;1;6.73;18.04;2;
13734;48.277;-4.2984;RCP2.6;2018;11.78;4;7.75;20.07;8;
13734;48.277;-4.2984;RCP2.6;2019;11.67;3;8.66;19.84;5;
13734;48.277;-4.2984;RCP2.6;2020;11.78;4;6.93;19.37;4;
13735;48.283;-4.191;RCP2.6;2006;11.15;7;7.53;22.55;4;
13735;48.283;-4.191;RCP2.6;2007;11.81;8;7.6;25.94;7;
13735;48.283;-4.191;RCP2.6;2008;11.31;9;10.78;23.88;4;
13735;48.283;-4.191;RCP2.6;2009;12.11;10;9.46;22.34;3;
13735;48.283;-4.191;RCP2.6;2010;11.77;9;9.32;26.59;7;
13735;48.283;-4.191;RCP2.6;2011;11.96;7;8.57;23.34;4;
13735;48.283;-4.191;RCP2.6;2012;12.2;6;9.53;20.4;2;
13735;48.283;-4.191;RCP2.6;2013;12.25;5;8.41;20.2;1;
13735;48.283;-4.191;RCP2.6;2014;12.1;9;8.84;27.3;6;
13735;48.283;-4.191;RCP2.6;2015;12.17;7;6.37;23.44;4;
13735;48.283;-4.191;RCP2.6;2016;12.35;9;10.16;27.97;7;
13735;48.283;-4.191;RCP2.6;2017;12.71;8;8.03;22.72;3;
13735;48.283;-4.191;RCP2.6;2018;11.33;11;10.71;25.1;7;
13735;48.283;-4.191;RCP2.6;2019;11.22;10;10.52;24.68;7;
13735;48.283;-4.191;RCP2.6;2020;11.44;7;8.71;26.64;5;
13736;48.2889;-4.0836;RCP2.6;2006;10.77;8;9.05;23.15;2;
13736;48.2889;-4.0836;RCP2.6;2007;11.45;11;8.67;28.08;6;
13736;48.2889;-4.0836;RCP2.6;2008;10.91;12;11.39;28.03;6;
13736;48.2889;-4.0836;RCP2.6;2009;11.79;11;10.53;24.87;3;
13736;48.2889;-4.0836;RCP2.6;2010;11.37;10;11.24;31.84;7;
13736;48.2889;-4.0836;RCP2.6;2011;11.56;9;9.41;25.74;4;
13736;48.2889;-4.0836;RCP2.6;2012;11.83;8;10.9;23.25;2;
13736;48.2889;-4.0836;RCP2.6;2013;11.89;7;9.45;21.86;0;
13736;48.2889;-4.0836;RCP2.6;2014;11.72;10;10.05;28.44;7;
13736;48.2889;-4.0836;RCP2.6;2015;11.81;8;7.43;25.01;4;
13736;48.2889;-4.0836;RCP2.6;2016;11.99;12;11.56;31.79;7;
13736;48.2889;-4.0836;RCP2.6;2017;12.36;11;9.39;25.51;4;
13736;48.2889;-4.0836;RCP2.6;2018;10.94;12;11.63;28.37;8;
13736;48.2889;-4.0836;RCP2.6;2019;10.82;13;11.22;29;8;
13736;48.2889;-4.0836;RCP2.6;2020;11.03;10;10.07;27.42;5;
13737;48.2947;-3.9762;RCP2.6;2006;10.69;7;8.78;24.01;2;
13737;48.2947;-3.9762;RCP2.6;2007;11.41;11;9.46;28.67;7;
13737;48.2947;-3.9762;RCP2.6;2008;10.87;12;11.84;30.68;7;
13737;48.2947;-3.9762;RCP2.6;2009;11.77;6;9.56;21.73;2;
13737;48.2947;-3.9762;RCP2.6;2010;11.34;12;11.75;31.6;6;
13737;48.2947;-3.9762;RCP2.6;2011;11.48;9;10.64;22.9;3;
13737;48.2947;-3.9762;RCP2.6;2012;11.74;7;11.57;22.28;2;
13737;48.2947;-3.9762;RCP2.6;2013;11.78;7;8.79;22.62;1;
13737;48.2947;-3.9762;RCP2.6;2014;11.66;8;10.49;27.24;5;
13737;48.2947;-3.9762;RCP2.6;2015;11.74;8;7.58;26.49;5;
13737;48.2947;-3.9762;RCP2.6;2016;11.96;9;10.19;26.8;6;
13737;48.2947;-3.9762;RCP2.6;2017;12.31;7;9.4;23.28;3;
13737;48.2947;-3.9762;RCP2.6;2018;10.92;13;12.64;26.15;5;
13737;48.2947;-3.9762;RCP2.6;2019;10.79;12;11.71;28.61;8;
13737;48.2947;-3.9762;RCP2.6;2020;11;9;10.5;27.33;5;
13738;48.3005;-3.8687;RCP2.6;2006;10.39;7;9.23;23.37;3;
13738;48.3005;-3.8687;RCP2.6;2007;11.1;13;10.21;29.24;6;
13738;48.3005;-3.8687;RCP2.6;2008;10.58;14;11.92;31.08;6;
13738;48.3005;-3.8687;RCP2.6;2009;11.49;6;9.85;21.69;2;
13738;48.3005;-3.8687;RCP2.6;2010;11.07;13;11.43;31.3;6;
13738;48.3005;-3.8687;RCP2.6;2011;11.19;9;10.52;22.92;2;
13738;48.3005;-3.8687;RCP2.6;2012;11.4;7;11.45;22.8;2;
13738;48.3005;-3.8687;RCP2.6;2013;11.46;7;9.75;22.84;1;
13738;48.3005;-3.8687;RCP2.6;2014;11.33;10;11.11;25.6;3;
13738;48.3005;-3.8687;RCP2.6;2015;11.41;8;8.07;27.59;4;
13738;48.3005;-3.8687;RCP2.6;2016;11.65;9;9.87;28.68;7;
13738;48.3005;-3.8687;RCP2.6;2017;11.99;7;8.85;23.42;3;
13738;48.3005;-3.8687;RCP2.6;2018;10.64;10;12.35;28.11;6;
13738;48.3005;-3.8687;RCP2.6;2019;10.5;12;11.59;28.12;7;
13738;48.3005;-3.8687;RCP2.6;2020;10.69;11;10.64;28.15;5;
13739;48.3061;-3.7612;RCP2.6;2006;10.58;7;9.18;23.08;3;
13739;48.3061;-3.7612;RCP2.6;2007;11.28;11;10.08;28.92;6;
13739;48.3061;-3.7612;RCP2.6;2008;10.78;14;11.77;30.7;6;
13739;48.3061;-3.7612;RCP2.6;2009;11.67;5;9.63;21.42;2;
13739;48.3061;-3.7612;RCP2.6;2010;11.26;13;11.3;30.93;6;
13739;48.3061;-3.7612;RCP2.6;2011;11.38;9;10.49;22.64;2;
13739;48.3061;-3.7612;RCP2.6;2012;11.6;7;11.33;22.52;2;
13739;48.3061;-3.7612;RCP2.6;2013;11.66;7;9.45;22.56;1;
13739;48.3061;-3.7612;RCP2.6;2014;11.52;9;10.99;25.27;3;
13739;48.3061;-3.7612;RCP2.6;2015;11.6;8;7.97;27.3;4;
13739;48.3061;-3.7612;RCP2.6;2016;11.84;9;9.75;28.4;7;
13739;48.3061;-3.7612;RCP2.6;2017;12.18;7;8.75;23.13;3;
13739;48.3061;-3.7612;RCP2.6;2018;10.82;10;12.22;27.76;6;
13739;48.3061;-3.7612;RCP2.6;2019;10.69;11;11.46;27.77;7;
13739;48.3061;-3.7612;RCP2.6;2020;10.89;11;10.51;27.85;5;
13740;48.3116;-3.6537;RCP2.6;2006;10.66;6;9.3;22.16;1;
13740;48.3116;-3.6537;RCP2.6;2007;11.39;11;10.1;28.89;9;
13740;48.3116;-3.6537;RCP2.6;2008;10.88;13;11.19;28.49;7;
13740;48.3116;-3.6537;RCP2.6;2009;11.8;5;9.82;21.61;2;
13740;48.3116;-3.6537;RCP2.6;2010;11.38;13;11.74;29.03;6;
13740;48.3116;-3.6537;RCP2.6;2011;11.51;7;10.12;22.24;3;
13740;48.3116;-3.6537;RCP2.6;2012;11.69;8;11.47;23.1;2;
13740;48.3116;-3.6537;RCP2.6;2013;11.73;8;9.36;23.07;3;
13740;48.3116;-3.6537;RCP2.6;2014;11.61;11;11.48;24.6;3;
13740;48.3116;-3.6537;RCP2.6;2015;11.69;8;8.13;24.11;4;
13740;48.3116;-3.6537;RCP2.6;2016;11.95;10;10.54;28.2;8;
13740;48.3116;-3.6537;RCP2.6;2017;12.25;8;9.01;22.82;3;
13740;48.3116;-3.6537;RCP2.6;2018;10.88;10;12.38;29.26;7;
13740;48.3116;-3.6537;RCP2.6;2019;10.77;11;11.47;28.01;6;
13740;48.3116;-3.6537;RCP2.6;2020;11;11;10.95;27.36;4;
13741;48.317;-3.5462;RCP2.6;2006;10.6;6;9.34;22.26;1;
13741;48.317;-3.5462;RCP2.6;2007;11.33;11;10.13;29.01;9;
13741;48.317;-3.5462;RCP2.6;2008;10.82;13;11.24;28.6;7;
13741;48.317;-3.5462;RCP2.6;2009;11.74;5;9.87;21.7;2;
13741;48.317;-3.5462;RCP2.6;2010;11.31;13;11.79;29.15;6;
13741;48.317;-3.5462;RCP2.6;2011;11.44;7;10.19;22.33;3;
13741;48.317;-3.5462;RCP2.6;2012;11.63;8;11.51;23.19;2;
13741;48.317;-3.5462;RCP2.6;2013;11.67;8;9.4;23.16;3;
13741;48.317;-3.5462;RCP2.6;2014;11.54;11;11.53;24.7;3;
13741;48.317;-3.5462;RCP2.6;2015;11.63;8;8.16;24.2;4;
13741;48.317;-3.5462;RCP2.6;2016;11.89;10;10.58;28.29;8;
13741;48.317;-3.5462;RCP2.6;2017;12.19;8;9.05;22.91;3;
13741;48.317;-3.5462;RCP2.6;2018;10.82;10;12.42;29.38;7;
13741;48.317;-3.5462;RCP2.6;2019;10.71;11;11.55;28.13;6;
13741;48.317;-3.5462;RCP2.6;2020;10.94;11;10.97;27.48;4;
13742;48.3224;-3.4387;RCP2.6;2006;10.63;3;8.12;17.3;2;
13742;48.3224;-3.4387;RCP2.6;2007;11.27;10;8.7;27.29;8;
13742;48.3224;-3.4387;RCP2.6;2008;10.87;7;9.55;23.69;5;
13742;48.3224;-3.4387;RCP2.6;2009;11.77;4;7.7;20.02;3;
13742;48.3224;-3.4387;RCP2.6;2010;11.35;9;9.28;26.94;8;
13742;48.3224;-3.4387;RCP2.6;2011;11.44;2;8.67;17.64;1;
13742;48.3224;-3.4387;RCP2.6;2012;11.6;4;9.78;19.3;2;
13742;48.3224;-3.4387;RCP2.6;2013;11.64;5;8.02;20.43;2;
13742;48.3224;-3.4387;RCP2.6;2014;11.5;9;9.72;22.48;4;
13742;48.3224;-3.4387;RCP2.6;2015;11.6;4;7;20.06;3;
13742;48.3224;-3.4387;RCP2.6;2016;11.91;10;9.09;26.73;9;
13742;48.3224;-3.4387;RCP2.6;2017;12.14;7;7.23;21.93;4;
13742;48.3224;-3.4387;RCP2.6;2018;10.81;10;10.09;25.95;6;
13742;48.3224;-3.4387;RCP2.6;2019;10.66;7;9.56;24.43;5;
13742;48.3224;-3.4387;RCP2.6;2020;11.02;8;9.55;27.51;6;
13743;48.3276;-3.3311;RCP2.6;2006;10.11;3;8.3;18.9;2;
13743;48.3276;-3.3311;RCP2.6;2007;10.71;10;9.37;25.14;6;
13743;48.3276;-3.3311;RCP2.6;2008;10.35;9;10.57;22.61;3;
13743;48.3276;-3.3311;RCP2.6;2009;11.28;5;8.12;20.02;3;
13743;48.3276;-3.3311;RCP2.6;2010;10.85;11;9.44;27.56;8;
13743;48.3276;-3.3311;RCP2.6;2011;10.96;3;8.72;19.23;1;
13743;48.3276;-3.3311;RCP2.6;2012;11.08;5;10.1;21.92;3;
13743;48.3276;-3.3311;RCP2.6;2013;11.07;5;9.86;21.36;3;
13743;48.3276;-3.3311;RCP2.6;2014;10.94;8;10.1;24.24;4;
13743;48.3276;-3.3311;RCP2.6;2015;11.05;4;7.58;19.51;2;
13743;48.3276;-3.3311;RCP2.6;2016;11.38;10;9.42;29.06;8;
13743;48.3276;-3.3311;RCP2.6;2017;11.61;6;7.64;24.46;5;
13743;48.3276;-3.3311;RCP2.6;2018;10.31;10;10.22;30.45;8;
13743;48.3276;-3.3311;RCP2.6;2019;10.13;9;10.04;25.39;6;
13743;48.3276;-3.3311;RCP2.6;2020;10.5;7;10.05;29.72;6;
13744;48.3327;-3.2235;RCP2.6;2006;10.21;3;8.2;18.77;2;
13744;48.3327;-3.2235;RCP2.6;2007;10.82;10;9.3;24.95;6;
13744;48.3327;-3.2235;RCP2.6;2008;10.46;9;10.49;22.44;3;
13744;48.3327;-3.2235;RCP2.6;2009;11.39;3;8.08;19.87;3;
13744;48.3327;-3.2235;RCP2.6;2010;10.96;11;9.31;27.35;8;
13744;48.3327;-3.2235;RCP2.6;2011;11.07;3;8.63;19.09;1;
13744;48.3327;-3.2235;RCP2.6;2012;11.19;5;10.02;21.75;3;
13744;48.3327;-3.2235;RCP2.6;2013;11.18;5;9.78;21.21;3;
13744;48.3327;-3.2235;RCP2.6;2014;11.06;8;10.15;24.06;4;
13744;48.3327;-3.2235;RCP2.6;2015;11.16;4;7.53;19.37;2;
13744;48.3327;-3.2235;RCP2.6;2016;11.49;10;9.32;28.87;8;
13744;48.3327;-3.2235;RCP2.6;2017;11.71;6;7.6;24.32;5;
13744;48.3327;-3.2235;RCP2.6;2018;10.42;10;10.14;30.22;8;
13744;48.3327;-3.2235;RCP2.6;2019;10.24;9;9.96;25.2;6;
13744;48.3327;-3.2235;RCP2.6;2020;10.62;7;9.97;29.54;6;
13745;48.3378;-3.1159;RCP2.6;2006;10.27;3;7.54;18.33;2;
13745;48.3378;-3.1159;RCP2.6;2007;10.86;9;9.2;25.04;5;
13745;48.3378;-3.1159;RCP2.6;2008;10.52;5;10.37;20.53;2;
13745;48.3378;-3.1159;RCP2.6;2009;11.43;5;7.84;21.95;3;
13745;48.3378;-3.1159;RCP2.6;2010;11.01;9;9.69;25.3;6;
13745;48.3378;-3.1159;RCP2.6;2011;11.11;5;9.2;22.09;2;
13745;48.3378;-3.1159;RCP2.6;2012;11.22;8;9.28;24.31;4;
13745;48.3378;-3.1159;RCP2.6;2013;11.24;6;10.34;23.08;3;
13745;48.3378;-3.1159;RCP2.6;2014;11.11;6;9.45;27.74;5;
13745;48.3378;-3.1159;RCP2.6;2015;11.24;4;6.96;19.15;2;
13745;48.3378;-3.1159;RCP2.6;2016;11.53;11;9.83;31.05;9;
13745;48.3378;-3.1159;RCP2.6;2017;11.75;6;7.83;21.95;4;
13745;48.3378;-3.1159;RCP2.6;2018;10.49;11;9.81;31.89;8;
13745;48.3378;-3.1159;RCP2.6;2019;10.32;7;9.94;25.89;5;
13745;48.3378;-3.1159;RCP2.6;2020;10.67;6;9.06;28.16;6;
13746;48.3427;-3.0083;RCP2.6;2006;10.24;3;6.94;18.57;2;
13746;48.3427;-3.0083;RCP2.6;2007;10.81;9;9.4;26.22;7;
13746;48.3427;-3.0083;RCP2.6;2008;10.51;3;9.92;18.13;2;
13746;48.3427;-3.0083;RCP2.6;2009;11.37;5;8.28;24.97;5;
13746;48.3427;-3.0083;RCP2.6;2010;10.98;7;9.28;25.26;6;
13746;48.3427;-3.0083;RCP2.6;2011;11.11;5;9.37;23.37;4;
13746;48.3427;-3.0083;RCP2.6;2012;11.22;6;9.1;22.56;4;
13746;48.3427;-3.0083;RCP2.6;2013;11.22;6;10.15;22.15;3;
13746;48.3427;-3.0083;RCP2.6;2014;11.06;7;9.45;24.57;4;
13746;48.3427;-3.0083;RCP2.6;2015;11.19;3;6.71;19.56;3;
13746;48.3427;-3.0083;RCP2.6;2016;11.51;10;9.13;30.51;9;
13746;48.3427;-3.0083;RCP2.6;2017;11.71;4;8.03;19.74;2;
13746;48.3427;-3.0083;RCP2.6;2018;10.48;11;9.72;31.03;9;
13746;48.3427;-3.0083;RCP2.6;2019;10.24;6;10.1;26.36;5;
13746;48.3427;-3.0083;RCP2.6;2020;10.66;6;9.22;29.13;6;
13747;48.3475;-2.9006;RCP2.6;2006;10.21;3;6.98;18.6;2;
13747;48.3475;-2.9006;RCP2.6;2007;10.78;9;9.42;26.28;7;
13747;48.3475;-2.9006;RCP2.6;2008;10.48;3;9.94;18.17;2;
13747;48.3475;-2.9006;RCP2.6;2009;11.34;5;8.2;25.02;5;
13747;48.3475;-2.9006;RCP2.6;2010;10.95;7;9.3;25.25;6;
13747;48.3475;-2.9006;RCP2.6;2011;11.07;5;9.38;23.37;4;
13747;48.3475;-2.9006;RCP2.6;2012;11.18;6;9.12;22.53;4;
13747;48.3475;-2.9006;RCP2.6;2013;11.19;6;10.17;22.2;3;
13747;48.3475;-2.9006;RCP2.6;2014;11.03;7;9.47;24.62;4;
13747;48.3475;-2.9006;RCP2.6;2015;11.16;3;6.74;19.6;3;
13747;48.3475;-2.9006;RCP2.6;2016;11.47;10;9.15;30.58;9;
13747;48.3475;-2.9006;RCP2.6;2017;11.68;4;8.08;19.78;2;
13747;48.3475;-2.9006;RCP2.6;2018;10.45;11;9.74;31.1;9;
13747;48.3475;-2.9006;RCP2.6;2019;10.21;6;10.13;26.42;5;
13747;48.3475;-2.9006;RCP2.6;2020;10.62;6;9.26;29.18;6;
13748;48.3523;-2.7929;RCP2.6;2006;10.2;6;6.07;21.79;3;
13748;48.3523;-2.7929;RCP2.6;2007;10.8;10;8.17;27.05;7;
13748;48.3523;-2.7929;RCP2.6;2008;10.53;3;7.88;18.43;2;
13748;48.3523;-2.7929;RCP2.6;2009;11.34;5;7.1;27;5;
13748;48.3523;-2.7929;RCP2.6;2010;10.94;7;7.88;24.03;5;
13748;48.3523;-2.7929;RCP2.6;2011;11.11;6;8.3;22.79;4;
13748;48.3523;-2.7929;RCP2.6;2012;11.21;5;7.82;20.7;3;
13748;48.3523;-2.7929;RCP2.6;2013;11.18;5;8;20.09;2;
13748;48.3523;-2.7929;RCP2.6;2014;11.06;7;7.44;22.73;4;
13748;48.3523;-2.7929;RCP2.6;2015;11.22;3;5.96;17.65;2;
13748;48.3523;-2.7929;RCP2.6;2016;11.48;11;7.38;29.9;9;
13748;48.3523;-2.7929;RCP2.6;2017;11.69;3;7.06;17.24;2;
13748;48.3523;-2.7929;RCP2.6;2018;10.46;9;8.82;31.14;7;
13748;48.3523;-2.7929;RCP2.6;2019;10.27;8;8.4;23.05;4;
13748;48.3523;-2.7929;RCP2.6;2020;10.67;9;8.11;30.31;9;
13749;48.3569;-2.6852;RCP2.6;2006;10.36;6;5.9;21.56;3;
13749;48.3569;-2.6852;RCP2.6;2007;10.96;10;8.03;26.8;7;
13749;48.3569;-2.6852;RCP2.6;2008;10.7;2;7.79;18.24;2;
13749;48.3569;-2.6852;RCP2.6;2009;11.51;5;7.07;26.73;5;
13749;48.3569;-2.6852;RCP2.6;2010;11.1;7;7.82;23.8;5;
13749;48.3569;-2.6852;RCP2.6;2011;11.27;5;8.21;22.59;4;
13749;48.3569;-2.6852;RCP2.6;2012;11.37;4;7.73;20.48;3;
13749;48.3569;-2.6852;RCP2.6;2013;11.34;4;7.86;19.98;2;
13749;48.3569;-2.6852;RCP2.6;2014;11.23;7;7.37;22.48;4;
13749;48.3569;-2.6852;RCP2.6;2015;11.38;3;5.9;17.47;2;
13749;48.3569;-2.6852;RCP2.6;2016;11.65;11;7.32;29.72;9;
13749;48.3569;-2.6852;RCP2.6;2017;11.86;3;7.01;17.06;2;
13749;48.3569;-2.6852;RCP2.6;2018;10.62;9;8.72;30.82;7;
13749;48.3569;-2.6852;RCP2.6;2019;10.44;8;8.31;22.82;4;
13749;48.3569;-2.6852;RCP2.6;2020;10.83;9;7.79;30.01;9;
13750;48.3615;-2.5775;RCP2.6;2006;10.57;6;5.84;22.55;5;
13750;48.3615;-2.5775;RCP2.6;2007;11.22;9;7.69;24.21;6;
13750;48.3615;-2.5775;RCP2.6;2008;10.95;2;8.01;19.49;1;
13750;48.3615;-2.5775;RCP2.6;2009;11.77;6;7.07;23.06;5;
13750;48.3615;-2.5775;RCP2.6;2010;11.3;7;6.9;21.95;4;
13750;48.3615;-2.5775;RCP2.6;2011;11.45;4;8.12;20.26;2;
13750;48.3615;-2.5775;RCP2.6;2012;11.57;5;7.61;21.66;4;
13750;48.3615;-2.5775;RCP2.6;2013;11.59;2;7.29;18.19;2;
13750;48.3615;-2.5775;RCP2.6;2014;11.45;4;7.62;20.45;1;
13750;48.3615;-2.5775;RCP2.6;2015;11.61;1;5.72;15.28;1;
13750;48.3615;-2.5775;RCP2.6;2016;11.86;10;7.12;31.38;9;
13750;48.3615;-2.5775;RCP2.6;2017;12.07;1;6.77;14.97;1;
13750;48.3615;-2.5775;RCP2.6;2018;10.85;8;9.41;33.05;7;
13750;48.3615;-2.5775;RCP2.6;2019;10.67;5;7.92;21.56;3;
13750;48.3615;-2.5775;RCP2.6;2020;11.03;8;7.79;30.89;7;
13751;48.3659;-2.4698;RCP2.6;2006;10.82;6;6.12;21.76;5;
13751;48.3659;-2.4698;RCP2.6;2007;11.41;5;7.19;22.6;4;
13751;48.3659;-2.4698;RCP2.6;2008;11.16;3;7.84;15.88;1;
13751;48.3659;-2.4698;RCP2.6;2009;12.03;5;6.9;23.49;5;
13751;48.3659;-2.4698;RCP2.6;2010;11.57;6;6.98;22.25;4;
13751;48.3659;-2.4698;RCP2.6;2011;11.64;6;8.26;21.33;4;
13751;48.3659;-2.4698;RCP2.6;2012;11.79;3;7.77;17.47;3;
13751;48.3659;-2.4698;RCP2.6;2013;11.81;1;7.02;16.92;1;
13751;48.3659;-2.4698;RCP2.6;2014;11.67;5;7.5;20.09;2;
13751;48.3659;-2.4698;RCP2.6;2015;11.86;3;5.54;17.57;2;
13751;48.3659;-2.4698;RCP2.6;2016;12.08;9;7.33;28.97;9;
13751;48.3659;-2.4698;RCP2.6;2017;12.35;0;6.93;17.83;0;
13751;48.3659;-2.4698;RCP2.6;2018;11.12;7;8.59;26.54;6;
13751;48.3659;-2.4698;RCP2.6;2019;10.92;7;8.19;24.28;6;
13751;48.3659;-2.4698;RCP2.6;2020;11.22;6;8.31;27.78;6;
13752;48.3703;-2.3621;RCP2.6;2006;10.91;3;6.02;18.64;4;
13752;48.3703;-2.3621;RCP2.6;2007;11.5;5;6.13;22.37;5;
13752;48.3703;-2.3621;RCP2.6;2008;11.31;1;7.05;12.86;2;
13752;48.3703;-2.3621;RCP2.6;2009;12.17;4;5.97;19.88;5;
13752;48.3703;-2.3621;RCP2.6;2010;11.7;4;6.34;20.62;5;
13752;48.3703;-2.3621;RCP2.6;2011;11.81;2;6.97;17.44;2;
13752;48.3703;-2.3621;RCP2.6;2012;11.95;3;6.7;16.75;3;
13752;48.3703;-2.3621;RCP2.6;2013;11.93;0;5.8;15.42;0;
13752;48.3703;-2.3621;RCP2.6;2014;11.81;2;6.44;18.28;4;
13752;48.3703;-2.3621;RCP2.6;2015;12.01;2;5.5;14.97;2;
13752;48.3703;-2.3621;RCP2.6;2016;12.22;8;6.78;25.61;9;
13752;48.3703;-2.3621;RCP2.6;2017;12.54;0;5.94;15.67;2;
13752;48.3703;-2.3621;RCP2.6;2018;11.25;5;7.14;22.49;5;
13752;48.3703;-2.3621;RCP2.6;2019;11.05;4;6.98;19.48;4;
13752;48.3703;-2.3621;RCP2.6;2020;11.36;6;7.64;23.39;6;
13753;48.3745;-2.2543;RCP2.6;2006;10.88;4;5.56;20.49;4;
13753;48.3745;-2.2543;RCP2.6;2007;11.43;4;5.83;18.74;4;
13753;48.3745;-2.2543;RCP2.6;2008;11.28;1;6.65;14.32;2;
13753;48.3745;-2.2543;RCP2.6;2009;12.12;4;6.11;19.49;5;
13753;48.3745;-2.2543;RCP2.6;2010;11.6;2;6.76;19.36;5;
13753;48.3745;-2.2543;RCP2.6;2011;11.72;2;7.09;16.4;4;
13753;48.3745;-2.2543;RCP2.6;2012;11.87;4;6.4;19.14;4;
13753;48.3745;-2.2543;RCP2.6;2013;11.92;0;6.33;14.2;0;
13753;48.3745;-2.2543;RCP2.6;2014;11.75;3;6.5;17.46;4;
13753;48.3745;-2.2543;RCP2.6;2015;11.9;1;5.96;14.9;2;
13753;48.3745;-2.2543;RCP2.6;2016;12.13;8;7.14;24.09;10;
13753;48.3745;-2.2543;RCP2.6;2017;12.48;1;6.33;16.92;2;
13753;48.3745;-2.2543;RCP2.6;2018;11.21;4;7.56;20.6;6;
13753;48.3745;-2.2543;RCP2.6;2019;11.02;3;7.13;19.37;5;
13753;48.3745;-2.2543;RCP2.6;2020;11.24;6;7.67;24.77;6;
13754;48.3787;-2.1465;RCP2.6;2006;10.77;4;5.34;20.58;5;
13754;48.3787;-2.1465;RCP2.6;2007;11.3;3;6.64;17.6;3;
13754;48.3787;-2.1465;RCP2.6;2008;11.18;1;6.83;14.38;1;
13754;48.3787;-2.1465;RCP2.6;2009;12.02;4;6.7;20.24;5;
13754;48.3787;-2.1465;RCP2.6;2010;11.51;3;6.89;18.92;5;
13754;48.3787;-2.1465;RCP2.6;2011;11.6;4;6.74;17.54;4;
13754;48.3787;-2.1465;RCP2.6;2012;11.8;4;6.06;19.48;5;
13754;48.3787;-2.1465;RCP2.6;2013;11.79;0;5.88;13.38;0;
13754;48.3787;-2.1465;RCP2.6;2014;11.64;3;6.57;16.72;3;
13754;48.3787;-2.1465;RCP2.6;2015;11.84;0;6.17;15.05;1;
13754;48.3787;-2.1465;RCP2.6;2016;11.99;9;7.78;25.31;10;
13754;48.3787;-2.1465;RCP2.6;2017;12.38;2;6.6;17.41;4;
13754;48.3787;-2.1465;RCP2.6;2018;11.11;4;7.6;19.31;4;
13754;48.3787;-2.1465;RCP2.6;2019;10.93;4;7.14;20.39;5;
13754;48.3787;-2.1465;RCP2.6;2020;11.18;6;7.81;24.81;7;
13755;48.3827;-2.0387;RCP2.6;2006;11.14;4;5.21;20.1;5;
13755;48.3827;-2.0387;RCP2.6;2007;11.66;3;6.49;17.17;3;
13755;48.3827;-2.0387;RCP2.6;2008;11.55;1;6.66;14.04;1;
13755;48.3827;-2.0387;RCP2.6;2009;12.39;4;6.49;20.03;5;
13755;48.3827;-2.0387;RCP2.6;2010;11.88;3;6.71;18.5;5;
13755;48.3827;-2.0387;RCP2.6;2011;11.97;3;6.52;17.25;4;
13755;48.3827;-2.0387;RCP2.6;2012;12.16;4;5.91;19.05;4;
13755;48.3827;-2.0387;RCP2.6;2013;12.17;0;5.74;13.03;0;
13755;48.3827;-2.0387;RCP2.6;2014;12.03;3;6.42;16.33;3;
13755;48.3827;-2.0387;RCP2.6;2015;12.21;0;6.02;14.69;0;
13755;48.3827;-2.0387;RCP2.6;2016;12.37;9;7.53;25.14;10;
13755;48.3827;-2.0387;RCP2.6;2017;12.76;2;6.33;17;4;
13755;48.3827;-2.0387;RCP2.6;2018;11.48;4;7.47;18.85;4;
13755;48.3827;-2.0387;RCP2.6;2019;11.29;4;6.97;20.5;5;
13755;48.3827;-2.0387;RCP2.6;2020;11.55;6;7.5;24.51;7;
13756;48.3867;-1.9309;RCP2.6;2006;11.16;4;5.53;18.99;4;
13756;48.3867;-1.9309;RCP2.6;2007;11.66;2;6.2;18.15;4;
13756;48.3867;-1.9309;RCP2.6;2008;11.6;1;7.01;13.45;1;
13756;48.3867;-1.9309;RCP2.6;2009;12.42;3;6.55;19.49;5;
13756;48.3867;-1.9309;RCP2.6;2010;11.87;3;6.62;19.12;5;
13756;48.3867;-1.9309;RCP2.6;2011;11.98;4;6.01;18.93;4;
13756;48.3867;-1.9309;RCP2.6;2012;12.17;3;6.12;16.04;3;
13756;48.3867;-1.9309;RCP2.6;2013;12.22;0;5.33;13.67;0;
13756;48.3867;-1.9309;RCP2.6;2014;12.03;3;6.94;16.78;4;
13756;48.3867;-1.9309;RCP2.6;2015;12.21;1;5.6;14.48;1;
13756;48.3867;-1.9309;RCP2.6;2016;12.37;9;7.55;24.58;10;
13756;48.3867;-1.9309;RCP2.6;2017;12.75;0;6.52;16.8;1;
13756;48.3867;-1.9309;RCP2.6;2018;11.49;4;7.31;20.15;6;
13756;48.3867;-1.9309;RCP2.6;2019;11.31;5;6.69;22.23;5;
13756;48.3867;-1.9309;RCP2.6;2020;11.57;6;7.16;25.31;6;
13757;48.3905;-1.8231;RCP2.6;2006;11.17;4;5.06;21.57;5;
13757;48.3905;-1.8231;RCP2.6;2007;11.69;2;6.03;17.79;3;
13757;48.3905;-1.8231;RCP2.6;2008;11.58;1;6.6;14.61;1;
13757;48.3905;-1.8231;RCP2.6;2009;12.41;2;6.34;15.75;3;
13757;48.3905;-1.8231;RCP2.6;2010;11.87;2;7.34;17.43;4;
13757;48.3905;-1.8231;RCP2.6;2011;11.99;3;6.14;16.43;3;
13757;48.3905;-1.8231;RCP2.6;2012;12.24;3;6.67;15.01;3;
13757;48.3905;-1.8231;RCP2.6;2013;12.26;0;5.9;13.73;0;
13757;48.3905;-1.8231;RCP2.6;2014;11.98;5;7.14;20.27;6;
13757;48.3905;-1.8231;RCP2.6;2015;12.21;1;5.74;14.37;1;
13757;48.3905;-1.8231;RCP2.6;2016;12.35;6;7.39;20.9;9;
13757;48.3905;-1.8231;RCP2.6;2017;12.73;0;7;15.85;1;
13757;48.3905;-1.8231;RCP2.6;2018;11.46;4;7.21;19.89;5;
13757;48.3905;-1.8231;RCP2.6;2019;11.29;4;6.86;18.63;4;
13757;48.3905;-1.8231;RCP2.6;2020;11.56;6;7.32;25.18;7;
13758;48.3943;-1.7152;RCP2.6;2006;10.98;4;5.22;21.78;5;
13758;48.3943;-1.7152;RCP2.6;2007;11.51;2;6.1;18;3;
13758;48.3943;-1.7152;RCP2.6;2008;11.38;1;6.64;14.79;1;
13758;48.3943;-1.7152;RCP2.6;2009;12.22;2;6.42;15.94;3;
13758;48.3943;-1.7152;RCP2.6;2010;11.68;2;7.44;17.61;4;
13758;48.3943;-1.7152;RCP2.6;2011;11.8;3;6.21;16.63;3;
13758;48.3943;-1.7152;RCP2.6;2012;12.05;3;6.75;15.19;3;
13758;48.3943;-1.7152;RCP2.6;2013;12.07;0;5.95;13.71;0;
13758;48.3943;-1.7152;RCP2.6;2014;11.78;5;7.19;20.46;6;
13758;48.3943;-1.7152;RCP2.6;2015;12.01;1;5.88;14.54;1;
13758;48.3943;-1.7152;RCP2.6;2016;12.15;6;7.49;20.87;9;
13758;48.3943;-1.7152;RCP2.6;2017;12.53;0;6.9;16;1;
13758;48.3943;-1.7152;RCP2.6;2018;11.27;4;7.29;20.07;5;
13758;48.3943;-1.7152;RCP2.6;2019;11.1;4;6.95;18.85;4;
13758;48.3943;-1.7152;RCP2.6;2020;11.37;6;7.4;25.43;7;
13759;48.3979;-1.6074;RCP2.6;2006;11.03;4;5.57;20.74;5;
13759;48.3979;-1.6074;RCP2.6;2007;11.57;2;6.48;18.2;4;
13759;48.3979;-1.6074;RCP2.6;2008;11.45;1;6.31;14.77;1;
13759;48.3979;-1.6074;RCP2.6;2009;12.29;2;6.34;15.54;2;
13759;48.3979;-1.6074;RCP2.6;2010;11.75;4;7.26;18.68;4;
13759;48.3979;-1.6074;RCP2.6;2011;11.86;3;6.34;18.12;3;
13759;48.3979;-1.6074;RCP2.6;2012;12.12;3;6.9;18.71;4;
13759;48.3979;-1.6074;RCP2.6;2013;12.15;1;5.62;14;1;
13759;48.3979;-1.6074;RCP2.6;2014;11.86;3;7.16;17.67;4;
13759;48.3979;-1.6074;RCP2.6;2015;12.05;1;5.97;15.24;2;
13759;48.3979;-1.6074;RCP2.6;2016;12.2;6;7.5;22.34;6;
13759;48.3979;-1.6074;RCP2.6;2017;12.59;0;6.91;16.11;1;
13759;48.3979;-1.6074;RCP2.6;2018;11.34;3;7.5;18.85;5;
13759;48.3979;-1.6074;RCP2.6;2019;11.18;1;6.95;18.94;5;
13759;48.3979;-1.6074;RCP2.6;2020;11.45;6;6.99;26.8;7;
13760;48.4015;-1.4995;RCP2.6;2006;11.1;4;5.75;20.66;5;
13760;48.4015;-1.4995;RCP2.6;2007;11.64;2;6.46;18.13;4;
13760;48.4015;-1.4995;RCP2.6;2008;11.52;1;6.27;14.71;1;
13760;48.4015;-1.4995;RCP2.6;2009;12.36;2;6.32;15.47;2;
13760;48.4015;-1.4995;RCP2.6;2010;11.82;4;7.23;18.6;4;
13760;48.4015;-1.4995;RCP2.6;2011;11.93;3;6.31;18.04;3;
13760;48.4015;-1.4995;RCP2.6;2012;12.18;3;6.93;18.62;4;
13760;48.4015;-1.4995;RCP2.6;2013;12.22;1;5.83;13.94;1;
13760;48.4015;-1.4995;RCP2.6;2014;11.93;3;7.13;17.59;4;
13760;48.4015;-1.4995;RCP2.6;2015;12.11;1;5.95;15.18;2;
13760;48.4015;-1.4995;RCP2.6;2016;12.27;6;7.47;22.25;6;
13760;48.4015;-1.4995;RCP2.6;2017;12.66;0;6.88;16.04;1;
13760;48.4015;-1.4995;RCP2.6;2018;11.41;3;7.47;18.77;5;
13760;48.4015;-1.4995;RCP2.6;2019;11.25;1;6.99;18.86;5;
13760;48.4015;-1.4995;RCP2.6;2020;11.51;6;7.01;26.7;7;
13761;48.4049;-1.3916;RCP2.6;2006;10.86;4;7.56;20.95;4;
13761;48.4049;-1.3916;RCP2.6;2007;11.43;5;7.11;21.5;5;
13761;48.4049;-1.3916;RCP2.6;2008;11.2;2;7.56;15.93;2;
13761;48.4049;-1.3916;RCP2.6;2009;12.16;2;7.68;15.56;2;
13761;48.4049;-1.3916;RCP2.6;2010;11.57;6;8.04;23.49;6;
13761;48.4049;-1.3916;RCP2.6;2011;11.66;4;6.63;20.23;4;
13761;48.4049;-1.3916;RCP2.6;2012;12;6;7.89;26.09;6;
13761;48.4049;-1.3916;RCP2.6;2013;11.96;2;6.48;15.58;2;
13761;48.4049;-1.3916;RCP2.6;2014;11.61;6;7.77;21.01;6;
13761;48.4049;-1.3916;RCP2.6;2015;11.84;1;6.67;16.79;1;
13761;48.4049;-1.3916;RCP2.6;2016;12.03;7;8.12;24.83;7;
13761;48.4049;-1.3916;RCP2.6;2017;12.39;2;8.75;17.99;2;
13761;48.4049;-1.3916;RCP2.6;2018;11.16;4;7.78;19.78;4;
13761;48.4049;-1.3916;RCP2.6;2019;10.99;5;8.3;20.07;6;
13761;48.4049;-1.3916;RCP2.6;2020;11.3;6;7.66;23.09;6;
13762;48.4083;-1.2837;RCP2.6;2006;10.61;5;7.36;22.06;5;
13762;48.4083;-1.2837;RCP2.6;2007;11.18;3;7.05;15.54;3;
13762;48.4083;-1.2837;RCP2.6;2008;10.94;2;7.65;18.91;2;
13762;48.4083;-1.2837;RCP2.6;2009;11.9;2;7.22;16.86;2;
13762;48.4083;-1.2837;RCP2.6;2010;11.34;8;8.65;28.86;7;
13762;48.4083;-1.2837;RCP2.6;2011;11.41;5;6.91;21.92;5;
13762;48.4083;-1.2837;RCP2.6;2012;11.77;6;8.48;28.74;6;
13762;48.4083;-1.2837;RCP2.6;2013;11.72;3;5.89;17.87;3;
13762;48.4083;-1.2837;RCP2.6;2014;11.33;3;8.11;19.63;3;
13762;48.4083;-1.2837;RCP2.6;2015;11.57;4;6.87;18.74;2;
13762;48.4083;-1.2837;RCP2.6;2016;11.78;8;8.29;22.85;8;
13762;48.4083;-1.2837;RCP2.6;2017;12.11;5;9.04;20.58;4;
13762;48.4083;-1.2837;RCP2.6;2018;10.9;4;7.72;20.43;4;
13762;48.4083;-1.2837;RCP2.6;2019;10.7;4;8.62;19.88;2;
13762;48.4083;-1.2837;RCP2.6;2020;11.12;4;7.46;21.7;4;
13763;48.4116;-1.1758;RCP2.6;2006;10.45;5;7.42;22.26;5;
13763;48.4116;-1.1758;RCP2.6;2007;11.04;3;7.07;15.7;3;
13763;48.4116;-1.1758;RCP2.6;2008;10.8;2;7.72;19.09;2;
13763;48.4116;-1.1758;RCP2.6;2009;11.75;2;7.3;17.01;2;
13763;48.4116;-1.1758;RCP2.6;2010;11.2;9;8.73;29.11;7;
13763;48.4116;-1.1758;RCP2.6;2011;11.27;5;6.91;22.13;5;
13763;48.4116;-1.1758;RCP2.6;2012;11.63;6;8.56;28.94;6;
13763;48.4116;-1.1758;RCP2.6;2013;11.58;3;5.95;18.03;3;
13763;48.4116;-1.1758;RCP2.6;2014;11.18;4;8.18;19.82;3;
13763;48.4116;-1.1758;RCP2.6;2015;11.42;4;6.86;18.92;2;
13763;48.4116;-1.1758;RCP2.6;2016;11.64;8;8.37;23.05;8;
13763;48.4116;-1.1758;RCP2.6;2017;11.97;5;9.12;20.74;4;
13763;48.4116;-1.1758;RCP2.6;2018;10.75;4;7.79;20.62;4;
13763;48.4116;-1.1758;RCP2.6;2019;10.55;4;8.7;20.07;2;
13763;48.4116;-1.1758;RCP2.6;2020;10.97;4;7.52;21.88;4;
13876;48.3425;-4.415;RCP2.6;2006;11.77;5;5.97;20.52;5;
13876;48.3425;-4.415;RCP2.6;2007;12.33;3;6.09;19.25;5;
13876;48.3425;-4.415;RCP2.6;2008;11.92;2;8.17;18.61;4;
13876;48.3425;-4.415;RCP2.6;2009;12.57;2;6.79;17.45;3;
13876;48.3425;-4.415;RCP2.6;2010;12.31;5;7.55;21.23;5;
13876;48.3425;-4.415;RCP2.6;2011;12.47;2;6.67;18.22;3;
13876;48.3425;-4.415;RCP2.6;2012;12.66;2;8.14;16.91;2;
13876;48.3425;-4.415;RCP2.6;2013;12.77;1;6.27;17.98;2;
13876;48.3425;-4.415;RCP2.6;2014;12.59;5;6.49;23.96;7;
13876;48.3425;-4.415;RCP2.6;2015;12.67;3;4.86;18.07;3;
13876;48.3425;-4.415;RCP2.6;2016;12.84;6;8.31;22.31;7;
13876;48.3425;-4.415;RCP2.6;2017;13.2;1;6.66;17.8;2;
13876;48.3425;-4.415;RCP2.6;2018;11.96;4;7.71;19.82;8;
13876;48.3425;-4.415;RCP2.6;2019;11.86;3;8.56;19.59;5;
13876;48.3425;-4.415;RCP2.6;2020;11.98;3;6.84;19.14;4;
13878;48.3547;-4.2;RCP2.6;2006;11.14;4;7.97;20.05;3;
13878;48.3547;-4.2;RCP2.6;2007;11.76;8;7.8;24.86;6;
13878;48.3547;-4.2;RCP2.6;2008;11.3;8;10.62;25.04;5;
13878;48.3547;-4.2;RCP2.6;2009;12.03;10;9.43;21.06;3;
13878;48.3547;-4.2;RCP2.6;2010;11.7;8;9.96;28.35;6;
13878;48.3547;-4.2;RCP2.6;2011;11.85;6;8.52;21.7;3;
13878;48.3547;-4.2;RCP2.6;2012;12.06;4;9.78;21.17;4;
13878;48.3547;-4.2;RCP2.6;2013;12.09;3;8.3;18.47;1;
13878;48.3547;-4.2;RCP2.6;2014;11.98;9;8.95;29.35;6;
13878;48.3547;-4.2;RCP2.6;2015;12.04;8;6.54;23.13;4;
13878;48.3547;-4.2;RCP2.6;2016;12.21;7;10.31;29.98;7;
13878;48.3547;-4.2;RCP2.6;2017;12.56;9;8.02;23.38;5;
13878;48.3547;-4.2;RCP2.6;2018;11.29;10;10.6;25.65;7;
13878;48.3547;-4.2;RCP2.6;2019;11.18;10;10.36;26.32;9;
13878;48.3547;-4.2;RCP2.6;2020;11.35;8;8.87;26.69;6;
13879;48.3606;-4.0924;RCP2.6;2006;10.43;8;9.33;23.64;2;
13879;48.3606;-4.0924;RCP2.6;2007;11.12;12;8.87;28.73;6;
13879;48.3606;-4.0924;RCP2.6;2008;10.57;12;11.46;28.67;6;
13879;48.3606;-4.0924;RCP2.6;2009;11.45;12;10.77;25.44;3;
13879;48.3606;-4.0924;RCP2.6;2010;11.03;11;11.39;32.56;7;
13879;48.3606;-4.0924;RCP2.6;2011;11.22;9;9.66;26.32;4;
13879;48.3606;-4.0924;RCP2.6;2012;11.48;8;11.16;23.78;2;
13879;48.3606;-4.0924;RCP2.6;2013;11.56;7;9.67;22.37;0;
13879;48.3606;-4.0924;RCP2.6;2014;11.37;10;10.36;28.99;7;
13879;48.3606;-4.0924;RCP2.6;2015;11.46;8;7.61;25.58;4;
13879;48.3606;-4.0924;RCP2.6;2016;11.64;12;11.77;32.49;7;
13879;48.3606;-4.0924;RCP2.6;2017;12.01;11;9.59;26.06;4;
13879;48.3606;-4.0924;RCP2.6;2018;10.6;12;11.76;29.03;8;
13879;48.3606;-4.0924;RCP2.6;2019;10.49;15;11.43;29.67;8;
13879;48.3606;-4.0924;RCP2.6;2020;10.67;12;10.23;28.01;5;
13880;48.3664;-3.9848;RCP2.6;2006;9.91;9;8.47;23.77;2;
13880;48.3664;-3.9848;RCP2.6;2007;10.61;12;9.56;30.28;7;
13880;48.3664;-3.9848;RCP2.6;2008;10.09;13;11.77;30.77;7;
13880;48.3664;-3.9848;RCP2.6;2009;11.01;9;10.82;27.78;5;
13880;48.3664;-3.9848;RCP2.6;2010;10.61;13;12.03;33.35;6;
13880;48.3664;-3.9848;RCP2.6;2011;10.77;10;10.42;26.29;3;
13880;48.3664;-3.9848;RCP2.6;2012;10.94;7;12.29;24.48;2;
13880;48.3664;-3.9848;RCP2.6;2013;11;6;10.24;21.09;0;
13880;48.3664;-3.9848;RCP2.6;2014;10.84;10;11.29;28.76;5;
13880;48.3664;-3.9848;RCP2.6;2015;10.91;7;7.83;26.91;4;
13880;48.3664;-3.9848;RCP2.6;2016;11.18;13;10.71;31.76;6;
13880;48.3664;-3.9848;RCP2.6;2017;11.52;11;9.77;26.72;4;
13880;48.3664;-3.9848;RCP2.6;2018;10.1;13;12.71;29.56;6;
13880;48.3664;-3.9848;RCP2.6;2019;9.95;16;11.89;29.64;7;
13880;48.3664;-3.9848;RCP2.6;2020;10.25;8;10.87;29.03;5;
13881;48.3722;-3.8772;RCP2.6;2006;9.82;6;9.76;24.81;3;
13881;48.3722;-3.8772;RCP2.6;2007;10.51;13;10.37;30.16;8;
13881;48.3722;-3.8772;RCP2.6;2008;10.01;14;11.73;31.46;7;
13881;48.3722;-3.8772;RCP2.6;2009;10.94;9;10.68;25.47;2;
13881;48.3722;-3.8772;RCP2.6;2010;10.54;13;11.58;33.12;6;
13881;48.3722;-3.8772;RCP2.6;2011;10.7;10;9.99;25.34;3;
13881;48.3722;-3.8772;RCP2.6;2012;10.84;8;11.35;23.17;2;
13881;48.3722;-3.8772;RCP2.6;2013;10.86;6;9.92;22.37;1;
13881;48.3722;-3.8772;RCP2.6;2014;10.73;12;12.07;28.17;6;
13881;48.3722;-3.8772;RCP2.6;2015;10.81;7;8.37;29.25;5;
13881;48.3722;-3.8772;RCP2.6;2016;11.11;13;10.45;30.3;8;
13881;48.3722;-3.8772;RCP2.6;2017;11.42;9;8.98;25.65;4;
13881;48.3722;-3.8772;RCP2.6;2018;10.03;11;13.18;30.3;6;
13881;48.3722;-3.8772;RCP2.6;2019;9.87;16;11.95;30.04;7;
13881;48.3722;-3.8772;RCP2.6;2020;10.21;11;11.01;28.62;6;
13882;48.3778;-3.7696;RCP2.6;2006;10.01;6;9.66;24.51;3;
13882;48.3778;-3.7696;RCP2.6;2007;10.69;13;10.23;29.91;8;
13882;48.3778;-3.7696;RCP2.6;2008;10.2;14;11.58;31.07;7;
13882;48.3778;-3.7696;RCP2.6;2009;11.13;8;10.54;25.18;3;
13882;48.3778;-3.7696;RCP2.6;2010;10.73;13;11.43;32.72;6;
13882;48.3778;-3.7696;RCP2.6;2011;10.89;9;9.85;25.02;3;
13882;48.3778;-3.7696;RCP2.6;2012;11.03;7;11.22;22.89;2;
13882;48.3778;-3.7696;RCP2.6;2013;11.06;6;9.81;22.09;1;
13882;48.3778;-3.7696;RCP2.6;2014;10.92;12;11.92;27.85;6;
13882;48.3778;-3.7696;RCP2.6;2015;11;7;8.26;28.89;5;
13882;48.3778;-3.7696;RCP2.6;2016;11.31;12;10.33;29.93;8;
13882;48.3778;-3.7696;RCP2.6;2017;11.61;9;8.87;25.36;4;
13882;48.3778;-3.7696;RCP2.6;2018;10.22;11;13.02;29.92;6;
13882;48.3778;-3.7696;RCP2.6;2019;10.07;16;11.82;29.67;7;
13882;48.3778;-3.7696;RCP2.6;2020;10.4;11;10.88;28.3;6;
13883;48.3833;-3.662;RCP2.6;2006;10.53;5;10.21;21.88;3;
13883;48.3833;-3.662;RCP2.6;2007;11.24;13;10.8;28.61;7;
13883;48.3833;-3.662;RCP2.6;2008;10.75;15;10.89;30.92;8;
13883;48.3833;-3.662;RCP2.6;2009;11.7;8;9.55;22.04;2;
13883;48.3833;-3.662;RCP2.6;2010;11.23;11;11.04;30.06;6;
13883;48.3833;-3.662;RCP2.6;2011;11.4;6;8.98;22.96;3;
13883;48.3833;-3.662;RCP2.6;2012;11.55;8;10.87;24.23;2;
13883;48.3833;-3.662;RCP2.6;2013;11.56;7;9.85;25.33;4;
13883;48.3833;-3.662;RCP2.6;2014;11.43;11;11.67;24.83;4;
13883;48.3833;-3.662;RCP2.6;2015;11.53;6;7.96;24.92;4;
13883;48.3833;-3.662;RCP2.6;2016;11.84;12;11.35;27.79;8;
13883;48.3833;-3.662;RCP2.6;2017;12.11;9;9.56;23.34;2;
13883;48.3833;-3.662;RCP2.6;2018;10.73;12;12.82;30.05;8;
13883;48.3833;-3.662;RCP2.6;2019;10.62;11;11.71;28.28;8;
13883;48.3833;-3.662;RCP2.6;2020;10.91;10;10.47;26.11;4;
13884;48.3888;-3.5543;RCP2.6;2006;10.56;3;8.45;17.65;2;
13884;48.3888;-3.5543;RCP2.6;2007;11.2;12;8.82;24.42;7;
13884;48.3888;-3.5543;RCP2.6;2008;10.78;10;9.79;29.05;6;
13884;48.3888;-3.5543;RCP2.6;2009;11.69;5;7.94;20.52;2;
13884;48.3888;-3.5543;RCP2.6;2010;11.23;7;9.01;25.14;6;
13884;48.3888;-3.5543;RCP2.6;2011;11.37;4;7.59;20.23;2;
13884;48.3888;-3.5543;RCP2.6;2012;11.51;4;9.86;20.32;2;
13884;48.3888;-3.5543;RCP2.6;2013;11.51;5;8.44;20.55;2;
13884;48.3888;-3.5543;RCP2.6;2014;11.41;7;9.67;21.48;3;
13884;48.3888;-3.5543;RCP2.6;2015;11.51;4;6.69;21.38;4;
13884;48.3888;-3.5543;RCP2.6;2016;11.83;12;9.46;23.12;5;
13884;48.3888;-3.5543;RCP2.6;2017;12.07;6;7.45;21.85;3;
13884;48.3888;-3.5543;RCP2.6;2018;10.72;9;11.23;25.17;6;
13884;48.3888;-3.5543;RCP2.6;2019;10.57;9;9.71;24.08;7;
13884;48.3888;-3.5543;RCP2.6;2020;10.94;6;9.22;26.24;5;
13885;48.3941;-3.4466;RCP2.6;2006;10.53;2;8.23;17.72;2;
13885;48.3941;-3.4466;RCP2.6;2007;11.2;11;9.08;24.18;7;
13885;48.3941;-3.4466;RCP2.6;2008;10.8;8;9.92;23.18;6;
13885;48.3941;-3.4466;RCP2.6;2009;11.68;5;8.4;21.08;3;
13885;48.3941;-3.4466;RCP2.6;2010;11.25;8;9.54;26.48;7;
13885;48.3941;-3.4466;RCP2.6;2011;11.38;3;8.62;19.04;1;
13885;48.3941;-3.4466;RCP2.6;2012;11.5;5;8.95;21.65;3;
13885;48.3941;-3.4466;RCP2.6;2013;11.54;5;8.97;20.36;2;
13885;48.3941;-3.4466;RCP2.6;2014;11.4;7;10.34;22.48;4;
13885;48.3941;-3.4466;RCP2.6;2015;11.48;4;6.92;19.28;3;
13885;48.3941;-3.4466;RCP2.6;2016;11.83;12;9.51;25.32;8;
13885;48.3941;-3.4466;RCP2.6;2017;12.04;4;7.99;20.87;4;
13885;48.3941;-3.4466;RCP2.6;2018;10.73;7;10.79;27.79;6;
13885;48.3941;-3.4466;RCP2.6;2019;10.58;9;10.02;23.66;5;
13885;48.3941;-3.4466;RCP2.6;2020;10.94;8;8.63;26.71;5;
13886;48.3993;-3.3389;RCP2.6;2006;10.06;3;7.8;18.66;1;
13886;48.3993;-3.3389;RCP2.6;2007;10.68;11;9.78;24.05;7;
13886;48.3993;-3.3389;RCP2.6;2008;10.27;8;10.35;24.81;5;
13886;48.3993;-3.3389;RCP2.6;2009;11.2;6;9.03;21.01;3;
13886;48.3993;-3.3389;RCP2.6;2010;10.79;11;9.72;26.96;8;
13886;48.3993;-3.3389;RCP2.6;2011;10.94;4;8.62;19.79;1;
13886;48.3993;-3.3389;RCP2.6;2012;10.99;6;8.82;22.53;3;
13886;48.3993;-3.3389;RCP2.6;2013;11;6;9.89;20.92;2;
13886;48.3993;-3.3389;RCP2.6;2014;10.89;6;10.42;23.64;5;
13886;48.3993;-3.3389;RCP2.6;2015;10.96;4;7.68;18.51;3;
13886;48.3993;-3.3389;RCP2.6;2016;11.32;11;9.96;28.79;7;
13886;48.3993;-3.3389;RCP2.6;2017;11.55;6;8.12;20.68;3;
13886;48.3993;-3.3389;RCP2.6;2018;10.24;8;10.77;31.66;7;
13886;48.3993;-3.3389;RCP2.6;2019;10.07;10;10.18;24.35;5;
13886;48.3993;-3.3389;RCP2.6;2020;10.48;6;9.38;28.87;6;
13887;48.4045;-3.2311;RCP2.6;2006;10.02;3;7.81;18.71;1;
13887;48.4045;-3.2311;RCP2.6;2007;10.64;11;9.8;24.11;7;
13887;48.4045;-3.2311;RCP2.6;2008;10.23;8;10.38;24.87;5;
13887;48.4045;-3.2311;RCP2.6;2009;11.16;6;9.05;21.06;3;
13887;48.4045;-3.2311;RCP2.6;2010;10.76;11;9.75;27.01;8;
13887;48.4045;-3.2311;RCP2.6;2011;10.9;4;8.65;19.84;1;
13887;48.4045;-3.2311;RCP2.6;2012;10.95;6;8.84;22.59;3;
13887;48.4045;-3.2311;RCP2.6;2013;10.97;7;9.92;20.97;2;
13887;48.4045;-3.2311;RCP2.6;2014;10.85;6;10.44;23.7;5;
13887;48.4045;-3.2311;RCP2.6;2015;10.93;4;7.62;18.55;3;
13887;48.4045;-3.2311;RCP2.6;2016;11.28;11;9.99;28.82;7;
13887;48.4045;-3.2311;RCP2.6;2017;11.51;6;8.14;20.74;3;
13887;48.4045;-3.2311;RCP2.6;2018;10.2;8;10.8;31.74;7;
13887;48.4045;-3.2311;RCP2.6;2019;10.03;10;10.2;24.41;5;
13887;48.4045;-3.2311;RCP2.6;2020;10.44;7;9.4;28.92;6;
13888;48.4095;-3.1234;RCP2.6;2006;10.18;3;7.09;18.18;1;
13888;48.4095;-3.1234;RCP2.6;2007;10.8;8;8.87;23.48;5;
13888;48.4095;-3.1234;RCP2.6;2008;10.45;6;9.3;22.09;4;
13888;48.4095;-3.1234;RCP2.6;2009;11.33;5;8.12;22.22;4;
13888;48.4095;-3.1234;RCP2.6;2010;10.91;8;10.06;29.74;7;
13888;48.4095;-3.1234;RCP2.6;2011;11.07;5;8.97;20.49;3;
13888;48.4095;-3.1234;RCP2.6;2012;11.14;8;8.89;21.33;3;
13888;48.4095;-3.1234;RCP2.6;2013;11.17;6;10.31;22.12;2;
13888;48.4095;-3.1234;RCP2.6;2014;11.05;7;9.79;23.99;4;
13888;48.4095;-3.1234;RCP2.6;2015;11.13;4;7.31;18.58;2;
13888;48.4095;-3.1234;RCP2.6;2016;11.46;10;9.05;30.66;6;
13888;48.4095;-3.1234;RCP2.6;2017;11.69;3;7.99;18.47;3;
13888;48.4095;-3.1234;RCP2.6;2018;10.4;10;10.22;30.74;8;
13888;48.4095;-3.1234;RCP2.6;2019;10.22;10;10.52;22.67;3;
13888;48.4095;-3.1234;RCP2.6;2020;10.63;6;8.18;28.01;6;
13889;48.4145;-3.0156;RCP2.6;2006;10.17;3;6.97;18.65;2;
13889;48.4145;-3.0156;RCP2.6;2007;10.74;9;9.45;26.34;7;
13889;48.4145;-3.0156;RCP2.6;2008;10.44;3;9.97;18.22;2;
13889;48.4145;-3.0156;RCP2.6;2009;11.3;5;8.21;25.09;5;
13889;48.4145;-3.0156;RCP2.6;2010;10.91;8;9.33;25.31;6;
13889;48.4145;-3.0156;RCP2.6;2011;11.03;5;9.41;23.41;4;
13889;48.4145;-3.0156;RCP2.6;2012;11.14;6;9.15;22.58;4;
13889;48.4145;-3.0156;RCP2.6;2013;11.15;6;10.21;22.27;3;
13889;48.4145;-3.0156;RCP2.6;2014;10.99;7;9.49;24.69;4;
13889;48.4145;-3.0156;RCP2.6;2015;11.12;3;6.74;19.65;3;
13889;48.4145;-3.0156;RCP2.6;2016;11.43;10;9.18;30.66;9;
13889;48.4145;-3.0156;RCP2.6;2017;11.64;4;8.08;19.83;2;
13889;48.4145;-3.0156;RCP2.6;2018;10.4;11;9.73;31.18;9;
13889;48.4145;-3.0156;RCP2.6;2019;10.18;6;10.14;26.49;5;
13889;48.4145;-3.0156;RCP2.6;2020;10.58;6;9.26;29.23;6;
13890;48.4193;-2.9078;RCP2.6;2006;10.48;3;6.84;18.27;2;
13890;48.4193;-2.9078;RCP2.6;2007;11.05;9;9.24;25.78;7;
13890;48.4193;-2.9078;RCP2.6;2008;10.76;3;9.76;17.83;2;
13890;48.4193;-2.9078;RCP2.6;2009;11.61;5;8.16;24.57;5;
13890;48.4193;-2.9078;RCP2.6;2010;11.21;7;9.13;24.94;6;
13890;48.4193;-2.9078;RCP2.6;2011;11.34;5;8.98;23.13;4;
13890;48.4193;-2.9078;RCP2.6;2012;11.46;6;8.95;22.33;4;
13890;48.4193;-2.9078;RCP2.6;2013;11.47;6;10.06;21.79;3;
13890;48.4193;-2.9078;RCP2.6;2014;11.31;7;9.29;24.16;4;
13890;48.4193;-2.9078;RCP2.6;2015;11.44;3;6.58;19.26;3;
13890;48.4193;-2.9078;RCP2.6;2016;11.75;10;8.98;30.02;9;
13890;48.4193;-2.9078;RCP2.6;2017;11.95;4;7.89;19.45;2;
13890;48.4193;-2.9078;RCP2.6;2018;10.71;11;9.32;30.52;9;
13890;48.4193;-2.9078;RCP2.6;2019;10.49;6;9.95;25.92;5;
13890;48.4193;-2.9078;RCP2.6;2020;10.89;6;9.07;28.78;6;
13891;48.424;-2.8;RCP2.6;2006;10.48;6;5.84;21.38;3;
13891;48.424;-2.8;RCP2.6;2007;11.08;10;7.89;26.61;7;
13891;48.424;-2.8;RCP2.6;2008;10.83;2;7.76;18.09;2;
13891;48.424;-2.8;RCP2.6;2009;11.64;5;7;26.51;5;
13891;48.424;-2.8;RCP2.6;2010;11.23;6;7.76;23.63;5;
13891;48.424;-2.8;RCP2.6;2011;11.4;5;8.14;22.44;4;
13891;48.424;-2.8;RCP2.6;2012;11.5;4;7.69;20.3;3;
13891;48.424;-2.8;RCP2.6;2013;11.48;4;7.74;19.9;2;
13891;48.424;-2.8;RCP2.6;2014;11.36;7;7.16;22.29;4;
13891;48.424;-2.8;RCP2.6;2015;11.51;3;5.85;17.31;2;
13891;48.424;-2.8;RCP2.6;2016;11.78;11;7.11;29.5;9;
13891;48.424;-2.8;RCP2.6;2017;11.99;3;6.93;16.94;2;
13891;48.424;-2.8;RCP2.6;2018;10.75;9;8.64;30.56;7;
13891;48.424;-2.8;RCP2.6;2019;10.56;7;8.08;22.63;4;
13891;48.424;-2.8;RCP2.6;2020;10.96;9;7.76;29.78;9;
13892;48.4287;-2.6921;RCP2.6;2006;10.69;5;5.33;20.62;6;
13892;48.4287;-2.6921;RCP2.6;2007;11.27;4;6.87;19.82;5;
13892;48.4287;-2.6921;RCP2.6;2008;11.08;1;7.27;15.85;2;
13892;48.4287;-2.6921;RCP2.6;2009;11.81;4;6.02;19.35;5;
13892;48.4287;-2.6921;RCP2.6;2010;11.4;3;6.55;18.89;6;
13892;48.4287;-2.6921;RCP2.6;2011;11.53;2;6.94;16.47;2;
13892;48.4287;-2.6921;RCP2.6;2012;11.62;3;6.89;18.58;4;
13892;48.4287;-2.6921;RCP2.6;2013;11.65;2;5.77;16.31;2;
13892;48.4287;-2.6921;RCP2.6;2014;11.53;2;6.65;16.25;2;
13892;48.4287;-2.6921;RCP2.6;2015;11.62;1;5.33;14.83;1;
13892;48.4287;-2.6921;RCP2.6;2016;11.87;9;6.86;27.26;10;
13892;48.4287;-2.6921;RCP2.6;2017;12.12;0;5.86;14.11;2;
13892;48.4287;-2.6921;RCP2.6;2018;10.93;6;7.72;24.01;6;
13892;48.4287;-2.6921;RCP2.6;2019;10.8;3;7.17;17.62;3;
13892;48.4287;-2.6921;RCP2.6;2020;11.12;7;7.58;25.37;7;
13893;48.4332;-2.5843;RCP2.6;2006;11.02;4;5.26;20.2;6;
13893;48.4332;-2.5843;RCP2.6;2007;11.6;4;6.48;19.38;5;
13893;48.4332;-2.5843;RCP2.6;2008;11.43;1;7.11;15.49;2;
13893;48.4332;-2.5843;RCP2.6;2009;12.15;4;5.89;18.93;5;
13893;48.4332;-2.5843;RCP2.6;2010;11.72;3;6.39;18.47;6;
13893;48.4332;-2.5843;RCP2.6;2011;11.87;2;6.76;16.1;2;
13893;48.4332;-2.5843;RCP2.6;2012;11.96;3;6.71;18.2;4;
13893;48.4332;-2.5843;RCP2.6;2013;12;2;5.71;15.96;2;
13893;48.4332;-2.5843;RCP2.6;2014;11.87;1;6.51;16.04;2;
13893;48.4332;-2.5843;RCP2.6;2015;11.97;1;5.08;14.54;1;
13893;48.4332;-2.5843;RCP2.6;2016;12.21;9;6.71;26.88;10;
13893;48.4332;-2.5843;RCP2.6;2017;12.46;0;5.75;13.79;2;
13893;48.4332;-2.5843;RCP2.6;2018;11.27;6;7.52;23.51;6;
13893;48.4332;-2.5843;RCP2.6;2019;11.13;3;6.95;17.23;3;
13893;48.4332;-2.5843;RCP2.6;2020;11.46;7;7.41;24.82;7;
13894;48.4377;-2.4764;RCP2.6;2006;10.78;4;5.39;18.59;4;
13894;48.4377;-2.4764;RCP2.6;2007;11.36;3;5.61;19.27;5;
13894;48.4377;-2.4764;RCP2.6;2008;11.18;1;6.37;14.81;2;
13894;48.4377;-2.4764;RCP2.6;2009;11.93;3;5.87;16.3;4;
13894;48.4377;-2.4764;RCP2.6;2010;11.49;2;5.73;17.72;5;
13894;48.4377;-2.4764;RCP2.6;2011;11.64;1;6.72;15.41;2;
13894;48.4377;-2.4764;RCP2.6;2012;11.77;3;5.71;18.58;5;
13894;48.4377;-2.4764;RCP2.6;2013;11.77;0;4.79;15.28;2;
13894;48.4377;-2.4764;RCP2.6;2014;11.64;2;6.23;15.59;2;
13894;48.4377;-2.4764;RCP2.6;2015;11.73;1;4.99;11.88;1;
13894;48.4377;-2.4764;RCP2.6;2016;11.99;6;6.2;24.17;9;
13894;48.4377;-2.4764;RCP2.6;2017;12.28;0;6.1;13.66;1;
13894;48.4377;-2.4764;RCP2.6;2018;11.04;4;7.05;20.46;5;
13894;48.4377;-2.4764;RCP2.6;2019;10.89;2;6.68;16.3;3;
13894;48.4377;-2.4764;RCP2.6;2020;11.23;5;7.52;26.44;5;
13895;48.4421;-2.3685;RCP2.6;2006;10.84;4;5.99;19.86;4;
13895;48.4421;-2.3685;RCP2.6;2007;11.46;4;5.86;20.51;5;
13895;48.4421;-2.3685;RCP2.6;2008;11.28;2;6.98;14.3;2;
13895;48.4421;-2.3685;RCP2.6;2009;12.06;4;6.61;20.39;5;
13895;48.4421;-2.3685;RCP2.6;2010;11.56;3;6.13;18.09;3;
13895;48.4421;-2.3685;RCP2.6;2011;11.74;2;7.27;16.86;2;
13895;48.4421;-2.3685;RCP2.6;2012;11.88;5;6.35;20.61;5;
13895;48.4421;-2.3685;RCP2.6;2013;11.89;1;5.5;15.77;1;
13895;48.4421;-2.3685;RCP2.6;2014;11.75;2;6.82;17.5;2;
13895;48.4421;-2.3685;RCP2.6;2015;11.9;1;5.31;13.07;1;
13895;48.4421;-2.3685;RCP2.6;2016;12.13;9;6.83;26.1;9;
13895;48.4421;-2.3685;RCP2.6;2017;12.44;0;6.68;15.44;1;
13895;48.4421;-2.3685;RCP2.6;2018;11.12;4;7.7;22.35;5;
13895;48.4421;-2.3685;RCP2.6;2019;10.98;4;7.31;19.63;4;
13895;48.4421;-2.3685;RCP2.6;2020;11.32;5;7.84;24.58;6;
13896;48.4463;-2.2606;RCP2.6;2006;10.83;4;5.55;21.08;4;
13896;48.4463;-2.2606;RCP2.6;2007;11.44;3;6.37;17.57;3;
13896;48.4463;-2.2606;RCP2.6;2008;11.27;1;7.09;14.62;1;
13896;48.4463;-2.2606;RCP2.6;2009;12.05;3;6.36;18.64;5;
13896;48.4463;-2.2606;RCP2.6;2010;11.55;3;6.51;17.21;4;
13896;48.4463;-2.2606;RCP2.6;2011;11.7;2;6.46;15.6;3;
13896;48.4463;-2.2606;RCP2.6;2012;11.84;4;6.47;20.06;6;
13896;48.4463;-2.2606;RCP2.6;2013;11.89;0;5.32;15.9;0;
13896;48.4463;-2.2606;RCP2.6;2014;11.73;1;6.84;18.73;5;
13896;48.4463;-2.2606;RCP2.6;2015;11.86;1;5.75;15.29;1;
13896;48.4463;-2.2606;RCP2.6;2016;12.06;9;7.03;24.53;10;
13896;48.4463;-2.2606;RCP2.6;2017;12.42;0;6.72;14.73;1;
13896;48.4463;-2.2606;RCP2.6;2018;11.13;4;7.62;20.82;4;
13896;48.4463;-2.2606;RCP2.6;2019;10.98;4;7.19;20.25;5;
13896;48.4463;-2.2606;RCP2.6;2020;11.27;6;8.21;23.95;7;
13897;48.4505;-2.1527;RCP2.6;2006;10.81;4;5.32;20.64;4;
13897;48.4505;-2.1527;RCP2.6;2007;11.36;2;6.7;17.66;3;
13897;48.4505;-2.1527;RCP2.6;2008;11.2;2;6.96;14.42;2;
13897;48.4505;-2.1527;RCP2.6;2009;12.02;4;6.32;19.84;5;
13897;48.4505;-2.1527;RCP2.6;2010;11.53;4;7.14;19.17;4;
13897;48.4505;-2.1527;RCP2.6;2011;11.67;3;6.65;17.19;4;
13897;48.4505;-2.1527;RCP2.6;2012;11.81;5;7.26;22.03;6;
13897;48.4505;-2.1527;RCP2.6;2013;11.89;0;5.57;15.35;0;
13897;48.4505;-2.1527;RCP2.6;2014;11.69;3;6.85;18.11;4;
13897;48.4505;-2.1527;RCP2.6;2015;11.81;1;5.98;14.09;2;
13897;48.4505;-2.1527;RCP2.6;2016;12;7;7.3;21.75;10;
13897;48.4505;-2.1527;RCP2.6;2017;12.41;0;7.02;16.28;1;
13897;48.4505;-2.1527;RCP2.6;2018;11.11;4;7.29;19.19;4;
13897;48.4505;-2.1527;RCP2.6;2019;10.91;4;6.91;20.24;5;
13897;48.4505;-2.1527;RCP2.6;2020;11.26;7;7.03;27.68;7;
13898;48.4545;-2.0447;RCP2.6;2006;10.95;4;5.28;20.45;4;
13898;48.4545;-2.0447;RCP2.6;2007;11.51;2;6.64;17.49;3;
13898;48.4545;-2.0447;RCP2.6;2008;11.34;2;6.89;14.29;2;
13898;48.4545;-2.0447;RCP2.6;2009;12.16;3;6.26;19.7;5;
13898;48.4545;-2.0447;RCP2.6;2010;11.68;4;7.06;19.01;4;
13898;48.4545;-2.0447;RCP2.6;2011;11.81;3;6.54;17.03;4;
13898;48.4545;-2.0447;RCP2.6;2012;11.95;5;7.19;21.83;6;
13898;48.4545;-2.0447;RCP2.6;2013;12.03;0;5.52;15.21;0;
13898;48.4545;-2.0447;RCP2.6;2014;11.84;3;6.79;17.98;4;
13898;48.4545;-2.0447;RCP2.6;2015;11.94;1;5.93;13.97;2;
13898;48.4545;-2.0447;RCP2.6;2016;12.14;7;7.2;21.64;10;
13898;48.4545;-2.0447;RCP2.6;2017;12.56;0;6.96;16.13;1;
13898;48.4545;-2.0447;RCP2.6;2018;11.26;4;7.22;19.01;4;
13898;48.4545;-2.0447;RCP2.6;2019;11.05;4;6.85;20.05;5;
13898;48.4545;-2.0447;RCP2.6;2020;11.42;7;6.97;27.52;7;
13899;48.4585;-1.9368;RCP2.6;2006;11.03;4;5.28;19.43;6;
13899;48.4585;-1.9368;RCP2.6;2007;11.54;3;6.19;18.35;4;
13899;48.4585;-1.9368;RCP2.6;2008;11.4;2;7.21;13.94;2;
13899;48.4585;-1.9368;RCP2.6;2009;12.22;2;5.8;18.48;4;
13899;48.4585;-1.9368;RCP2.6;2010;11.7;3;7.54;19.78;5;
13899;48.4585;-1.9368;RCP2.6;2011;11.86;3;5.96;19.5;5;
13899;48.4585;-1.9368;RCP2.6;2012;12.02;4;7.26;19.11;4;
13899;48.4585;-1.9368;RCP2.6;2013;12.1;0;5.3;12.96;1;
13899;48.4585;-1.9368;RCP2.6;2014;11.91;4;7.33;17.98;4;
13899;48.4585;-1.9368;RCP2.6;2015;12.01;1;5.36;14.91;2;
13899;48.4585;-1.9368;RCP2.6;2016;12.18;8;7.18;22.53;9;
13899;48.4585;-1.9368;RCP2.6;2017;12.61;0;6.91;16.58;1;
13899;48.4585;-1.9368;RCP2.6;2018;11.37;4;7;19.55;4;
13899;48.4585;-1.9368;RCP2.6;2019;11.13;5;7.05;21.05;7;
13899;48.4585;-1.9368;RCP2.6;2020;11.48;7;6.94;26.36;7;
13900;48.4623;-1.8288;RCP2.6;2006;11.02;5;5.39;21.7;6;
13900;48.4623;-1.8288;RCP2.6;2007;11.51;2;6.51;18.33;4;
13900;48.4623;-1.8288;RCP2.6;2008;11.38;2;7.11;14.96;2;
13900;48.4623;-1.8288;RCP2.6;2009;12.1;2;6.51;16.66;2;
13900;48.4623;-1.8288;RCP2.6;2010;11.69;2;7.85;17.92;3;
13900;48.4623;-1.8288;RCP2.6;2011;11.8;4;6.15;18.66;4;
13900;48.4623;-1.8288;RCP2.6;2012;11.93;4;7.6;19.12;4;
13900;48.4623;-1.8288;RCP2.6;2013;12.06;1;5.59;12.86;1;
13900;48.4623;-1.8288;RCP2.6;2014;11.79;3;7.01;19.5;6;
13900;48.4623;-1.8288;RCP2.6;2015;11.9;1;5.7;16;2;
13900;48.4623;-1.8288;RCP2.6;2016;12.06;5;7.58;21.25;7;
13900;48.4623;-1.8288;RCP2.6;2017;12.44;1;7.03;16.3;2;
13900;48.4623;-1.8288;RCP2.6;2018;11.28;4;6.63;19.2;5;
13900;48.4623;-1.8288;RCP2.6;2019;11.13;3;7.99;19.76;7;
13900;48.4623;-1.8288;RCP2.6;2020;11.43;5;6.59;24.56;7;
13901;48.4661;-1.7208;RCP2.6;2006;10.84;5;5.56;21.95;6;
13901;48.4661;-1.7208;RCP2.6;2007;11.33;2;6.59;18.55;4;
13901;48.4661;-1.7208;RCP2.6;2008;11.19;2;7.19;15.12;2;
13901;48.4661;-1.7208;RCP2.6;2009;11.93;2;6.59;16.85;2;
13901;48.4661;-1.7208;RCP2.6;2010;11.52;2;7.94;18.07;3;
13901;48.4661;-1.7208;RCP2.6;2011;11.62;4;6.21;18.88;4;
13901;48.4661;-1.7208;RCP2.6;2012;11.76;4;7.63;19.3;4;
13901;48.4661;-1.7208;RCP2.6;2013;11.88;1;5.65;13.01;1;
13901;48.4661;-1.7208;RCP2.6;2014;11.6;3;7.1;19.72;7;
13901;48.4661;-1.7208;RCP2.6;2015;11.72;2;5.79;16.19;2;
13901;48.4661;-1.7208;RCP2.6;2016;11.88;5;7.68;21.49;7;
13901;48.4661;-1.7208;RCP2.6;2017;12.26;1;7.11;16.49;2;
13901;48.4661;-1.7208;RCP2.6;2018;11.1;4;6.71;19.42;5;
13901;48.4661;-1.7208;RCP2.6;2019;10.95;4;8.08;19.99;7;
13901;48.4661;-1.7208;RCP2.6;2020;11.24;5;6.67;24.76;7;
13902;48.4698;-1.6128;RCP2.6;2006;10.8;5;6.04;20.38;5;
13902;48.4698;-1.6128;RCP2.6;2007;11.26;2;6.38;18.45;4;
13902;48.4698;-1.6128;RCP2.6;2008;11.11;1;6.85;15.3;3;
13902;48.4698;-1.6128;RCP2.6;2009;11.87;3;6.42;15.88;3;
13902;48.4698;-1.6128;RCP2.6;2010;11.46;4;7.81;20.03;6;
13902;48.4698;-1.6128;RCP2.6;2011;11.58;4;6.76;18.2;4;
13902;48.4698;-1.6128;RCP2.6;2012;11.72;5;7.62;21.52;6;
13902;48.4698;-1.6128;RCP2.6;2013;11.83;1;5.7;13.29;1;
13902;48.4698;-1.6128;RCP2.6;2014;11.56;5;7.62;20.14;7;
13902;48.4698;-1.6128;RCP2.6;2015;11.65;2;6.3;15.82;2;
13902;48.4698;-1.6128;RCP2.6;2016;11.83;5;7.76;21.69;5;
13902;48.4698;-1.6128;RCP2.6;2017;12.26;1;7.25;18.68;4;
13902;48.4698;-1.6128;RCP2.6;2018;11.05;3;7.08;18.51;4;
13902;48.4698;-1.6128;RCP2.6;2019;10.91;5;7.65;20.08;6;
13902;48.4698;-1.6128;RCP2.6;2020;11.18;4;6.35;19.43;4;
13903;48.4733;-1.5048;RCP2.6;2006;11.02;6;6.55;20.75;6;
13903;48.4733;-1.5048;RCP2.6;2007;11.5;3;6.08;18.92;5;
13903;48.4733;-1.5048;RCP2.6;2008;11.41;1;6.83;14.27;1;
13903;48.4733;-1.5048;RCP2.6;2009;12.17;2;6.45;14.87;3;
13903;48.4733;-1.5048;RCP2.6;2010;11.73;4;7.31;19.31;5;
13903;48.4733;-1.5048;RCP2.6;2011;11.78;4;6.38;19.48;4;
13903;48.4733;-1.5048;RCP2.6;2012;12.04;5;7.12;23.06;6;
13903;48.4733;-1.5048;RCP2.6;2013;12.04;2;5.7;14.74;2;
13903;48.4733;-1.5048;RCP2.6;2014;11.78;2;6.94;18.77;7;
13903;48.4733;-1.5048;RCP2.6;2015;11.89;2;6.5;16.35;3;
13903;48.4733;-1.5048;RCP2.6;2016;12.11;8;7.78;23.06;8;
13903;48.4733;-1.5048;RCP2.6;2017;12.45;1;7.78;17.79;3;
13903;48.4733;-1.5048;RCP2.6;2018;11.28;2;6.65;17.54;2;
13903;48.4733;-1.5048;RCP2.6;2019;11.16;5;7.64;20.02;5;
13903;48.4733;-1.5048;RCP2.6;2020;11.45;4;6.89;19.91;6;
13905;48.4802;-1.2887;RCP2.6;2006;10.59;5;7.37;22.08;5;
13905;48.4802;-1.2887;RCP2.6;2007;11.17;3;7.05;15.56;3;
13905;48.4802;-1.2887;RCP2.6;2008;10.93;2;7.66;18.93;2;
13905;48.4802;-1.2887;RCP2.6;2009;11.88;2;7.22;16.87;2;
13905;48.4802;-1.2887;RCP2.6;2010;11.33;8;8.65;28.88;7;
13905;48.4802;-1.2887;RCP2.6;2011;11.4;5;6.92;21.95;5;
13905;48.4802;-1.2887;RCP2.6;2012;11.76;6;8.49;28.71;6;
13905;48.4802;-1.2887;RCP2.6;2013;11.71;3;5.9;17.88;3;
13905;48.4802;-1.2887;RCP2.6;2014;11.31;3;8.11;19.65;3;
13905;48.4802;-1.2887;RCP2.6;2015;11.55;4;6.87;18.76;2;
13905;48.4802;-1.2887;RCP2.6;2016;11.77;8;8.3;22.87;8;
13905;48.4802;-1.2887;RCP2.6;2017;12.09;5;9.05;20.6;4;
13905;48.4802;-1.2887;RCP2.6;2018;10.88;4;7.72;20.45;4;
13905;48.4802;-1.2887;RCP2.6;2019;10.69;4;8.63;19.9;2;
13905;48.4802;-1.2887;RCP2.6;2020;11.1;4;7.47;21.72;4;
13906;48.4834;-1.1806;RCP2.6;2006;10.45;5;7.42;22.26;5;
13906;48.4834;-1.1806;RCP2.6;2007;11.04;3;7.07;15.7;3;
13906;48.4834;-1.1806;RCP2.6;2008;10.8;2;7.72;19.09;2;
13906;48.4834;-1.1806;RCP2.6;2009;11.75;2;7.3;17.01;2;
13906;48.4834;-1.1806;RCP2.6;2010;11.2;9;8.72;29.11;7;
13906;48.4834;-1.1806;RCP2.6;2011;11.27;5;6.91;22.13;5;
13906;48.4834;-1.1806;RCP2.6;2012;11.63;6;8.72;28.94;6;
13906;48.4834;-1.1806;RCP2.6;2013;11.57;3;5.95;18.03;3;
13906;48.4834;-1.1806;RCP2.6;2014;11.18;4;8.18;19.82;3;
13906;48.4834;-1.1806;RCP2.6;2015;11.43;4;6.81;18.92;2;
13906;48.4834;-1.1806;RCP2.6;2016;11.64;8;8.37;23.06;8;
13906;48.4834;-1.1806;RCP2.6;2017;11.97;5;9.18;20.74;4;
13906;48.4834;-1.1806;RCP2.6;2018;10.74;4;7.78;20.62;4;
13906;48.4834;-1.1806;RCP2.6;2019;10.56;4;8.7;20.07;2;
13906;48.4834;-1.1806;RCP2.6;2020;10.96;4;7.52;21.88;4;
13907;48.4866;-1.0725;RCP2.6;2006;10.48;6;7.87;23.3;6;
13907;48.4866;-1.0725;RCP2.6;2007;11.03;3;7.36;16.21;3;
13907;48.4866;-1.0725;RCP2.6;2008;10.84;4;8.49;19.91;3;
13907;48.4866;-1.0725;RCP2.6;2009;11.73;2;7.25;17.6;2;
13907;48.4866;-1.0725;RCP2.6;2010;11.22;8;8.74;31.81;8;
13907;48.4866;-1.0725;RCP2.6;2011;11.29;6;6.74;21.8;5;
13907;48.4866;-1.0725;RCP2.6;2012;11.63;8;8.15;30.51;8;
13907;48.4866;-1.0725;RCP2.6;2013;11.59;1;5.83;17.53;1;
13907;48.4866;-1.0725;RCP2.6;2014;11.17;3;7.58;19.19;3;
13907;48.4866;-1.0725;RCP2.6;2015;11.45;4;7.22;18.18;4;
13907;48.4866;-1.0725;RCP2.6;2016;11.68;6;8.42;22.15;6;
13907;48.4866;-1.0725;RCP2.6;2017;11.97;5;9.28;21.68;5;
13907;48.4866;-1.0725;RCP2.6;2018;10.77;5;8.15;21.08;5;
13907;48.4866;-1.0725;RCP2.6;2019;10.57;4;8.55;20.1;4;
13907;48.4866;-1.0725;RCP2.6;2020;10.99;4;7.08;21.78;4;
14016;48.3952;-4.7471;RCP2.6;2006;11.34;4;6.17;20.69;4;
14016;48.3952;-4.7471;RCP2.6;2007;11.76;4;6.65;19.96;4;
14016;48.3952;-4.7471;RCP2.6;2008;11.46;7;8.23;23.83;6;
14016;48.3952;-4.7471;RCP2.6;2009;12.07;2;7.51;19.14;2;
14016;48.3952;-4.7471;RCP2.6;2010;11.79;6;7.31;22.36;6;
14016;48.3952;-4.7471;RCP2.6;2011;11.97;3;6.85;17.6;3;
14016;48.3952;-4.7471;RCP2.6;2012;12;4;8.5;21.05;4;
14016;48.3952;-4.7471;RCP2.6;2013;12.2;4;6.8;20.22;4;
14016;48.3952;-4.7471;RCP2.6;2014;12.16;4;8.03;20.01;4;
14016;48.3952;-4.7471;RCP2.6;2015;12.23;4;5.67;19.17;3;
14016;48.3952;-4.7471;RCP2.6;2016;12.37;10;8.26;23.54;8;
14016;48.3952;-4.7471;RCP2.6;2017;12.68;6;7.84;23.09;6;
14016;48.3952;-4.7471;RCP2.6;2018;11.51;7;8.15;21.73;5;
14016;48.3952;-4.7471;RCP2.6;2019;11.39;4;8.35;20.12;4;
14016;48.3952;-4.7471;RCP2.6;2020;11.53;5;6.96;22.07;5;
14017;48.4016;-4.6395;RCP2.6;2006;11.19;5;6.76;22.81;4;
14017;48.4016;-4.6395;RCP2.6;2007;11.68;5;7.82;23.75;4;
14017;48.4016;-4.6395;RCP2.6;2008;11.31;9;10.02;24.87;5;
14017;48.4016;-4.6395;RCP2.6;2009;12.01;5;8.86;21.68;2;
14017;48.4016;-4.6395;RCP2.6;2010;11.68;8;8.42;25.58;6;
14017;48.4016;-4.6395;RCP2.6;2011;11.89;3;7.74;19.76;3;
14017;48.4016;-4.6395;RCP2.6;2012;11.93;5;9.79;22.97;4;
14017;48.4016;-4.6395;RCP2.6;2013;12.14;7;8.01;21.7;3;
14017;48.4016;-4.6395;RCP2.6;2014;12.1;6;8.86;23.07;4;
14017;48.4016;-4.6395;RCP2.6;2015;12.17;5;6.36;21.13;3;
14017;48.4016;-4.6395;RCP2.6;2016;12.32;11;9.51;25.38;8;
14017;48.4016;-4.6395;RCP2.6;2017;12.64;7;8.65;26.09;6;
14017;48.4016;-4.6395;RCP2.6;2018;11.4;8;9.75;24.43;5;
14017;48.4016;-4.6395;RCP2.6;2019;11.25;9;10.6;23.4;4;
14017;48.4016;-4.6395;RCP2.6;2020;11.41;7;7.94;24.3;5;
14018;48.408;-4.5319;RCP2.6;2006;11.26;4;7.44;21.23;4;
14018;48.408;-4.5319;RCP2.6;2007;11.78;7;7.81;24.09;4;
14018;48.408;-4.5319;RCP2.6;2008;11.39;9;9.68;25.21;8;
14018;48.408;-4.5319;RCP2.6;2009;12.12;5;8.38;21.85;2;
14018;48.408;-4.5319;RCP2.6;2010;11.79;9;9.03;24.43;7;
14018;48.408;-4.5319;RCP2.6;2011;11.96;4;7.63;20.31;3;
14018;48.408;-4.5319;RCP2.6;2012;12.05;7;9.27;24.51;5;
14018;48.408;-4.5319;RCP2.6;2013;12.21;7;8.25;22.73;4;
14018;48.408;-4.5319;RCP2.6;2014;12.15;7;8.76;21.64;3;
14018;48.408;-4.5319;RCP2.6;2015;12.22;5;6.3;21.47;3;
14018;48.408;-4.5319;RCP2.6;2016;12.35;10;9.86;25.2;9;
14018;48.408;-4.5319;RCP2.6;2017;12.67;8;8.29;22.98;3;
14018;48.408;-4.5319;RCP2.6;2018;11.44;8;9.44;21.94;3;
14018;48.408;-4.5319;RCP2.6;2019;11.27;8;10.05;23.69;5;
14018;48.408;-4.5319;RCP2.6;2020;11.5;5;8.04;24.98;5;
14019;48.4142;-4.4243;RCP2.6;2006;11.23;5;7.61;22.49;4;
14019;48.4142;-4.4243;RCP2.6;2007;11.84;7;7.69;23.14;4;
14019;48.4142;-4.4243;RCP2.6;2008;11.4;11;9.91;28.59;7;
14019;48.4142;-4.4243;RCP2.6;2009;12.13;4;8.6;20.55;3;
14019;48.4142;-4.4243;RCP2.6;2010;11.79;9;9.3;26.34;7;
14019;48.4142;-4.4243;RCP2.6;2011;11.95;4;8.11;20.29;3;
14019;48.4142;-4.4243;RCP2.6;2012;12.13;5;9.69;22.04;4;
14019;48.4142;-4.4243;RCP2.6;2013;12.23;5;8.03;21.13;3;
14019;48.4142;-4.4243;RCP2.6;2014;12.11;9;8.68;30.44;7;
14019;48.4142;-4.4243;RCP2.6;2015;12.18;6;6.17;21.04;3;
14019;48.4142;-4.4243;RCP2.6;2016;12.33;11;9.78;29.4;7;
14019;48.4142;-4.4243;RCP2.6;2017;12.67;8;8.9;23.34;4;
14019;48.4142;-4.4243;RCP2.6;2018;11.43;11;9.61;23.7;4;
14019;48.4142;-4.4243;RCP2.6;2019;11.28;9;9.69;27.13;7;
14019;48.4142;-4.4243;RCP2.6;2020;11.47;7;8.39;28.03;5;
14020;48.4203;-4.3166;RCP2.6;2006;11.07;5;7.66;22.73;4;
14020;48.4203;-4.3166;RCP2.6;2007;11.68;7;7.77;23.4;4;
14020;48.4203;-4.3166;RCP2.6;2008;11.23;11;10.08;28.91;7;
14020;48.4203;-4.3166;RCP2.6;2009;11.96;4;8.68;20.79;3;
14020;48.4203;-4.3166;RCP2.6;2010;11.62;9;9.41;26.63;7;
14020;48.4203;-4.3166;RCP2.6;2011;11.79;5;8.21;20.53;3;
14020;48.4203;-4.3166;RCP2.6;2012;11.96;6;9.79;22.28;4;
14020;48.4203;-4.3166;RCP2.6;2013;12.06;6;8.12;21.37;3;
14020;48.4203;-4.3166;RCP2.6;2014;11.95;9;8.77;30.77;7;
14020;48.4203;-4.3166;RCP2.6;2015;12.01;6;6.19;21.27;3;
14020;48.4203;-4.3166;RCP2.6;2016;12.16;11;9.88;29.73;7;
14020;48.4203;-4.3166;RCP2.6;2017;12.5;9;9;23.6;4;
14020;48.4203;-4.3166;RCP2.6;2018;11.27;11;9.81;23.96;4;
14020;48.4203;-4.3166;RCP2.6;2019;11.12;9;9.8;27.43;7;
14020;48.4203;-4.3166;RCP2.6;2020;11.29;7;8.64;28.33;5;
14021;48.4263;-4.209;RCP2.6;2006;10.83;5;7.81;20.27;3;
14021;48.4263;-4.209;RCP2.6;2007;11.48;8;8.15;27.64;6;
14021;48.4263;-4.209;RCP2.6;2008;11;9;10.62;28.6;7;
14021;48.4263;-4.209;RCP2.6;2009;11.74;8;9.43;21.78;1;
14021;48.4263;-4.209;RCP2.6;2010;11.41;9;9.89;28.41;6;
14021;48.4263;-4.209;RCP2.6;2011;11.57;5;8.38;20.99;3;
14021;48.4263;-4.209;RCP2.6;2012;11.74;5;9.87;21.44;4;
14021;48.4263;-4.209;RCP2.6;2013;11.8;3;8.87;18.78;1;
14021;48.4263;-4.209;RCP2.6;2014;11.71;9;9.78;29.15;7;
14021;48.4263;-4.209;RCP2.6;2015;11.76;7;6.53;22.08;3;
14021;48.4263;-4.209;RCP2.6;2016;11.93;10;9.92;28.4;7;
14021;48.4263;-4.209;RCP2.6;2017;12.24;9;8.57;24.27;5;
14021;48.4263;-4.209;RCP2.6;2018;11.01;10;10.6;26.06;6;
14021;48.4263;-4.209;RCP2.6;2019;10.86;10;9.96;27.47;8;
14021;48.4263;-4.209;RCP2.6;2020;11.09;8;8.93;28.89;5;
14022;48.4323;-4.1012;RCP2.6;2006;10.79;5;7.83;20.33;3;
14022;48.4323;-4.1012;RCP2.6;2007;11.44;8;8.17;27.7;6;
14022;48.4323;-4.1012;RCP2.6;2008;10.96;9;10.65;28.67;7;
14022;48.4323;-4.1012;RCP2.6;2009;11.7;9;9.45;21.84;1;
14022;48.4323;-4.1012;RCP2.6;2010;11.37;9;9.91;28.49;6;
14022;48.4323;-4.1012;RCP2.6;2011;11.52;5;8.46;21.04;3;
14022;48.4323;-4.1012;RCP2.6;2012;11.7;5;9.9;21.49;4;
14022;48.4323;-4.1012;RCP2.6;2013;11.76;3;8.89;18.83;1;
14022;48.4323;-4.1012;RCP2.6;2014;11.66;9;9.81;29.23;7;
14022;48.4323;-4.1012;RCP2.6;2015;11.71;7;6.55;22.14;3;
14022;48.4323;-4.1012;RCP2.6;2016;11.88;10;9.95;28.49;7;
14022;48.4323;-4.1012;RCP2.6;2017;12.2;9;8.6;24.34;5;
14022;48.4323;-4.1012;RCP2.6;2018;10.97;10;10.63;26.13;6;
14022;48.4323;-4.1012;RCP2.6;2019;10.82;10;9.99;27.55;8;
14022;48.4323;-4.1012;RCP2.6;2020;11.05;8;8.91;28.97;5;
14023;48.4381;-3.9935;RCP2.6;2006;10.44;3;7.72;18.87;3;
14023;48.4381;-3.9935;RCP2.6;2007;11.11;11;8.62;28.44;7;
14023;48.4381;-3.9935;RCP2.6;2008;10.63;9;11.41;28.33;8;
14023;48.4381;-3.9935;RCP2.6;2009;11.4;9;8.96;21.94;2;
14023;48.4381;-3.9935;RCP2.6;2010;11.08;10;9.94;28.7;6;
14023;48.4381;-3.9935;RCP2.6;2011;11.23;8;8.38;21.83;3;
14023;48.4381;-3.9935;RCP2.6;2012;11.36;5;10.23;22.29;4;
14023;48.4381;-3.9935;RCP2.6;2013;11.44;2;9.51;18.2;1;
14023;48.4381;-3.9935;RCP2.6;2014;11.33;7;10.22;28.34;5;
14023;48.4381;-3.9935;RCP2.6;2015;11.36;6;6.78;22.3;4;
14023;48.4381;-3.9935;RCP2.6;2016;11.59;9;10.15;26.32;5;
14023;48.4381;-3.9935;RCP2.6;2017;11.89;8;8.2;25.08;5;
14023;48.4381;-3.9935;RCP2.6;2018;10.64;8;11.4;27.88;6;
14023;48.4381;-3.9935;RCP2.6;2019;10.46;9;10.5;28.73;6;
14023;48.4381;-3.9935;RCP2.6;2020;10.76;6;10.17;30.99;6;
14024;48.4439;-3.8858;RCP2.6;2006;9.96;7;9.54;23.89;3;
14024;48.4439;-3.8858;RCP2.6;2007;10.67;15;9.42;29.99;8;
14024;48.4439;-3.8858;RCP2.6;2008;10.13;17;12.4;36.18;9;
14024;48.4439;-3.8858;RCP2.6;2009;11.08;10;10.42;24.09;3;
14024;48.4439;-3.8858;RCP2.6;2010;10.65;14;11.72;33.56;7;
14024;48.4439;-3.8858;RCP2.6;2011;10.85;11;9.38;26.73;4;
14024;48.4439;-3.8858;RCP2.6;2012;10.96;12;11.01;25.18;3;
14024;48.4439;-3.8858;RCP2.6;2013;11.06;8;10.75;22.71;2;
14024;48.4439;-3.8858;RCP2.6;2014;10.88;12;11.34;25.62;3;
14024;48.4439;-3.8858;RCP2.6;2015;10.97;7;7.66;23.79;3;
14024;48.4439;-3.8858;RCP2.6;2016;11.26;13;11.14;27.98;5;
14024;48.4439;-3.8858;RCP2.6;2017;11.53;11;9.36;25.54;4;
14024;48.4439;-3.8858;RCP2.6;2018;10.13;13;13.66;33.06;6;
14024;48.4439;-3.8858;RCP2.6;2019;9.99;13;11.95;30.48;6;
14024;48.4439;-3.8858;RCP2.6;2020;10.33;7;11.21;29.31;5;
14025;48.4495;-3.778;RCP2.6;2006;10.07;7;9.47;23.72;3;
14025;48.4495;-3.778;RCP2.6;2007;10.78;15;9.36;29.77;8;
14025;48.4495;-3.778;RCP2.6;2008;10.25;16;12.31;35.93;9;
14025;48.4495;-3.778;RCP2.6;2009;11.18;10;10.35;23.92;3;
14025;48.4495;-3.778;RCP2.6;2010;10.76;14;11.64;33.33;7;
14025;48.4495;-3.778;RCP2.6;2011;10.96;11;9.12;26.53;4;
14025;48.4495;-3.778;RCP2.6;2012;11.07;12;10.94;25.01;3;
14025;48.4495;-3.778;RCP2.6;2013;11.17;7;10.67;22.54;2;
14025;48.4495;-3.778;RCP2.6;2014;11;12;11.26;25.44;3;
14025;48.4495;-3.778;RCP2.6;2015;11.09;7;7.61;23.61;3;
14025;48.4495;-3.778;RCP2.6;2016;11.38;13;11.08;27.78;5;
14025;48.4495;-3.778;RCP2.6;2017;11.64;11;9.29;25.39;4;
14025;48.4495;-3.778;RCP2.6;2018;10.24;13;13.57;32.83;6;
14025;48.4495;-3.778;RCP2.6;2019;10.1;13;11.86;30.27;6;
14025;48.4495;-3.778;RCP2.6;2020;10.45;7;10.67;29.12;5;
14026;48.455;-3.6702;RCP2.6;2006;10.1;7;9.91;22.67;3;
14026;48.455;-3.6702;RCP2.6;2007;10.82;16;11;28.24;8;
14026;48.455;-3.6702;RCP2.6;2008;10.3;16;11.62;33.87;7;
14026;48.455;-3.6702;RCP2.6;2009;11.25;9;10.68;24.03;1;
14026;48.455;-3.6702;RCP2.6;2010;10.81;14;11.2;30.4;6;
14026;48.455;-3.6702;RCP2.6;2011;11;10;9.15;27.05;5;
14026;48.455;-3.6702;RCP2.6;2012;11.09;13;11.16;26.55;4;
14026;48.455;-3.6702;RCP2.6;2013;11.19;7;9.68;25.04;3;
14026;48.455;-3.6702;RCP2.6;2014;10.99;11;11.97;24.79;3;
14026;48.455;-3.6702;RCP2.6;2015;11.08;6;8.13;21.78;3;
14026;48.455;-3.6702;RCP2.6;2016;11.42;12;10.95;26.29;4;
14026;48.455;-3.6702;RCP2.6;2017;11.68;9;9.97;23.99;3;
14026;48.455;-3.6702;RCP2.6;2018;10.28;13;13.37;32.63;8;
14026;48.455;-3.6702;RCP2.6;2019;10.16;11;12.25;29.25;5;
14026;48.455;-3.6702;RCP2.6;2020;10.53;8;10.55;26.92;4;
14027;48.4605;-3.5624;RCP2.6;2006;9.91;8;10.59;21.45;2;
14027;48.4605;-3.5624;RCP2.6;2007;10.66;13;11.85;30.24;7;
14027;48.4605;-3.5624;RCP2.6;2008;10.18;15;12.53;29.65;6;
14027;48.4605;-3.5624;RCP2.6;2009;11.1;8;10.15;25.29;2;
14027;48.4605;-3.5624;RCP2.6;2010;10.66;12;11.74;29.47;7;
14027;48.4605;-3.5624;RCP2.6;2011;10.82;9;9.41;22.48;1;
14027;48.4605;-3.5624;RCP2.6;2012;10.94;8;11.63;26.15;4;
14027;48.4605;-3.5624;RCP2.6;2013;10.99;11;11.18;26.58;3;
14027;48.4605;-3.5624;RCP2.6;2014;10.82;14;12.62;25.6;4;
14027;48.4605;-3.5624;RCP2.6;2015;10.89;6;8.79;22.81;2;
14027;48.4605;-3.5624;RCP2.6;2016;11.22;13;11.31;28.42;7;
14027;48.4605;-3.5624;RCP2.6;2017;11.47;9;10.32;23.78;2;
14027;48.4605;-3.5624;RCP2.6;2018;10.15;12;13.43;33.69;6;
14027;48.4605;-3.5624;RCP2.6;2019;10.02;11;12.44;29.87;7;
14027;48.4605;-3.5624;RCP2.6;2020;10.3;11;11.06;29;5;
14028;48.4658;-3.4545;RCP2.6;2006;10.14;2;8.53;18.2;2;
14028;48.4658;-3.4545;RCP2.6;2007;10.82;11;9.34;24.86;8;
14028;48.4658;-3.4545;RCP2.6;2008;10.4;8;10.2;23.82;6;
14028;48.4658;-3.4545;RCP2.6;2009;11.29;6;8.58;20.99;3;
14028;48.4658;-3.4545;RCP2.6;2010;10.86;8;9.8;27.19;7;
14028;48.4658;-3.4545;RCP2.6;2011;10.99;3;8.86;19.54;1;
14028;48.4658;-3.4545;RCP2.6;2012;11.09;5;9.2;22.09;3;
14028;48.4658;-3.4545;RCP2.6;2013;11.14;6;9.2;20.91;2;
14028;48.4658;-3.4545;RCP2.6;2014;10.99;8;10.63;23.1;4;
14028;48.4658;-3.4545;RCP2.6;2015;11.08;4;7.1;19.82;3;
14028;48.4658;-3.4545;RCP2.6;2016;11.42;13;9.77;25.25;8;
14028;48.4658;-3.4545;RCP2.6;2017;11.65;4;8.22;21.38;4;
14028;48.4658;-3.4545;RCP2.6;2018;10.33;8;11.09;28.56;6;
14028;48.4658;-3.4545;RCP2.6;2019;10.18;10;10.28;24.32;5;
14028;48.4658;-3.4545;RCP2.6;2020;10.54;9;9.18;27.46;5;
14029;48.4711;-3.3467;RCP2.6;2006;10.15;3;7.76;18.54;1;
14029;48.4711;-3.3467;RCP2.6;2007;10.77;11;9.71;23.89;7;
14029;48.4711;-3.3467;RCP2.6;2008;10.37;8;10.28;24.68;5;
14029;48.4711;-3.3467;RCP2.6;2009;11.3;5;8.98;20.87;3;
14029;48.4711;-3.3467;RCP2.6;2010;10.9;11;9.67;26.81;8;
14029;48.4711;-3.3467;RCP2.6;2011;11.03;4;8.57;19.67;1;
14029;48.4711;-3.3467;RCP2.6;2012;11.08;6;8.77;22.38;3;
14029;48.4711;-3.3467;RCP2.6;2013;11.1;6;9.83;20.78;2;
14029;48.4711;-3.3467;RCP2.6;2014;10.99;6;10.35;23.51;5;
14029;48.4711;-3.3467;RCP2.6;2015;11.06;4;7.67;18.4;3;
14029;48.4711;-3.3467;RCP2.6;2016;11.42;11;9.91;28.75;7;
14029;48.4711;-3.3467;RCP2.6;2017;11.64;4;8.06;20.56;3;
14029;48.4711;-3.3467;RCP2.6;2018;10.33;8;10.7;31.45;7;
14029;48.4711;-3.3467;RCP2.6;2019;10.16;9;10.11;24.2;5;
14029;48.4711;-3.3467;RCP2.6;2020;10.57;6;9.32;28.74;6;
14030;48.4762;-3.2388;RCP2.6;2006;10.18;3;7.75;18.5;1;
14030;48.4762;-3.2388;RCP2.6;2007;10.8;11;9.71;23.84;6;
14030;48.4762;-3.2388;RCP2.6;2008;10.4;8;10.26;24.63;5;
14030;48.4762;-3.2388;RCP2.6;2009;11.33;5;8.96;20.83;3;
14030;48.4762;-3.2388;RCP2.6;2010;10.93;11;9.65;26.76;8;
14030;48.4762;-3.2388;RCP2.6;2011;11.06;4;8.55;19.62;1;
14030;48.4762;-3.2388;RCP2.6;2012;11.11;6;8.76;22.34;3;
14030;48.4762;-3.2388;RCP2.6;2013;11.13;6;9.82;20.74;2;
14030;48.4762;-3.2388;RCP2.6;2014;11.02;6;10.32;23.47;5;
14030;48.4762;-3.2388;RCP2.6;2015;11.09;4;7.65;18.36;3;
14030;48.4762;-3.2388;RCP2.6;2016;11.45;11;9.89;28.74;7;
14030;48.4762;-3.2388;RCP2.6;2017;11.68;4;8.05;20.52;3;
14030;48.4762;-3.2388;RCP2.6;2018;10.36;8;10.68;31.38;7;
14030;48.4762;-3.2388;RCP2.6;2019;10.2;9;10.09;24.14;5;
14030;48.4762;-3.2388;RCP2.6;2020;10.6;6;9.3;28.71;6;
14031;48.4813;-3.1309;RCP2.6;2006;10.63;3;7.26;17.64;1;
14031;48.4813;-3.1309;RCP2.6;2007;11.24;8;8.6;22.76;5;
14031;48.4813;-3.1309;RCP2.6;2008;10.91;6;8.98;21.41;4;
14031;48.4813;-3.1309;RCP2.6;2009;11.78;5;7.95;21.56;4;
14031;48.4813;-3.1309;RCP2.6;2010;11.36;7;9.78;28.81;7;
14031;48.4813;-3.1309;RCP2.6;2011;11.52;4;8.69;19.96;3;
14031;48.4813;-3.1309;RCP2.6;2012;11.59;8;8.61;20.73;3;
14031;48.4813;-3.1309;RCP2.6;2013;11.62;5;9.99;21.44;2;
14031;48.4813;-3.1309;RCP2.6;2014;11.52;7;9.49;23.36;4;
14031;48.4813;-3.1309;RCP2.6;2015;11.59;4;7.09;18.05;2;
14031;48.4813;-3.1309;RCP2.6;2016;11.92;10;9.07;30.49;7;
14031;48.4813;-3.1309;RCP2.6;2017;12.15;3;7.75;17.92;3;
14031;48.4813;-3.1309;RCP2.6;2018;10.85;10;9.91;29.78;8;
14031;48.4813;-3.1309;RCP2.6;2019;10.67;10;10.08;22.11;4;
14031;48.4813;-3.1309;RCP2.6;2020;11.09;6;7.93;27.28;5;
14032;48.4862;-3.023;RCP2.6;2006;10.37;2;7.39;19.03;2;
14032;48.4862;-3.023;RCP2.6;2007;10.96;7;9.29;25.46;5;
14032;48.4862;-3.023;RCP2.6;2008;10.67;5;9.56;21.42;3;
14032;48.4862;-3.023;RCP2.6;2009;11.51;6;8.5;25.46;4;
14032;48.4862;-3.023;RCP2.6;2010;11.09;7;9.85;27.68;6;
14032;48.4862;-3.023;RCP2.6;2011;11.26;6;9.44;21.15;3;
14032;48.4862;-3.023;RCP2.6;2012;11.31;5;8.64;21.81;4;
14032;48.4862;-3.023;RCP2.6;2013;11.38;8;10.33;21.2;2;
14032;48.4862;-3.023;RCP2.6;2014;11.24;6;9.26;23.72;5;
14032;48.4862;-3.023;RCP2.6;2015;11.3;3;7.02;19.57;2;
14032;48.4862;-3.023;RCP2.6;2016;11.63;12;9.21;28.13;8;
14032;48.4862;-3.023;RCP2.6;2017;11.85;2;7.89;17.33;2;
14032;48.4862;-3.023;RCP2.6;2018;10.61;11;10.09;32.81;9;
14032;48.4862;-3.023;RCP2.6;2019;10.38;9;10.02;23.85;5;
14032;48.4862;-3.023;RCP2.6;2020;10.81;8;8.67;31.3;6;
14033;48.4911;-2.915;RCP2.6;2006;10.61;2;7.31;18.73;2;
14033;48.4911;-2.915;RCP2.6;2007;11.2;7;9.13;25.02;5;
14033;48.4911;-2.915;RCP2.6;2008;10.93;5;9.26;21.06;3;
14033;48.4911;-2.915;RCP2.6;2009;11.76;6;8.35;25.07;4;
14033;48.4911;-2.915;RCP2.6;2010;11.33;7;9.71;27.31;6;
14033;48.4911;-2.915;RCP2.6;2011;11.5;5;9.28;20.82;3;
14033;48.4911;-2.915;RCP2.6;2012;11.56;4;8.5;21.43;4;
14033;48.4911;-2.915;RCP2.6;2013;11.64;7;10.15;20.85;2;
14033;48.4911;-2.915;RCP2.6;2014;11.5;6;9.1;23.32;5;
14033;48.4911;-2.915;RCP2.6;2015;11.56;3;6.89;19.24;2;
14033;48.4911;-2.915;RCP2.6;2016;11.89;12;9.02;27.71;8;
14033;48.4911;-2.915;RCP2.6;2017;12.11;2;7.52;17.03;2;
14033;48.4911;-2.915;RCP2.6;2018;10.85;10;9.93;32.25;9;
14033;48.4911;-2.915;RCP2.6;2019;10.63;9;9.66;23.46;5;
14033;48.4911;-2.915;RCP2.6;2020;11.06;8;8.25;30.97;6;
14034;48.4958;-2.807;RCP2.6;2006;10.71;2;5.36;17.69;2;
14034;48.4958;-2.807;RCP2.6;2007;11.23;5;7.16;20.92;6;
14034;48.4958;-2.807;RCP2.6;2008;11.05;1;6.78;17.22;3;
14034;48.4958;-2.807;RCP2.6;2009;11.79;4;5.9;19.74;5;
14034;48.4958;-2.807;RCP2.6;2010;11.36;4;6.83;19.92;5;
14034;48.4958;-2.807;RCP2.6;2011;11.58;3;6.71;18.51;4;
14034;48.4958;-2.807;RCP2.6;2012;11.59;4;6.79;20.42;5;
14034;48.4958;-2.807;RCP2.6;2013;11.63;2;6.87;17.48;3;
14034;48.4958;-2.807;RCP2.6;2014;11.57;2;6.6;16.79;3;
14034;48.4958;-2.807;RCP2.6;2015;11.6;1;5.27;16.19;1;
14034;48.4958;-2.807;RCP2.6;2016;11.88;5;6.92;27.26;5;
14034;48.4958;-2.807;RCP2.6;2017;12.14;1;5.95;13.74;1;
14034;48.4958;-2.807;RCP2.6;2018;10.95;6;7.96;23.96;9;
14034;48.4958;-2.807;RCP2.6;2019;10.77;2;7.33;18.63;3;
14034;48.4958;-2.807;RCP2.6;2020;11.18;8;7.26;24.43;8;
14035;48.5005;-2.6991;RCP2.6;2006;11.13;3;5.27;17.67;3;
14035;48.5005;-2.6991;RCP2.6;2007;11.66;4;6.72;19.41;5;
14035;48.5005;-2.6991;RCP2.6;2008;11.51;3;6.71;16.78;3;
14035;48.5005;-2.6991;RCP2.6;2009;12.21;3;5.65;17.47;4;
14035;48.5005;-2.6991;RCP2.6;2010;11.77;3;6.54;18.55;5;
14035;48.5005;-2.6991;RCP2.6;2011;11.94;2;6.19;17.47;4;
14035;48.5005;-2.6991;RCP2.6;2012;11.96;5;6.8;20.68;5;
14035;48.5005;-2.6991;RCP2.6;2013;12.11;2;6.48;16.59;2;
14035;48.5005;-2.6991;RCP2.6;2014;11.98;2;7.04;16.57;4;
14035;48.5005;-2.6991;RCP2.6;2015;12.04;1;4.71;14.85;1;
14035;48.5005;-2.6991;RCP2.6;2016;12.3;6;6.92;26.38;6;
14035;48.5005;-2.6991;RCP2.6;2017;12.55;0;5.79;13.92;1;
14035;48.5005;-2.6991;RCP2.6;2018;11.38;6;8.45;24.02;6;
14035;48.5005;-2.6991;RCP2.6;2019;11.23;2;6.94;18.26;4;
14035;48.5005;-2.6991;RCP2.6;2020;11.57;6;7.12;22.55;8;
14036;48.505;-2.5911;RCP2.6;2006;10.91;2;4.77;15.88;3;
14036;48.505;-2.5911;RCP2.6;2007;11.48;4;6.05;19.92;7;
14036;48.505;-2.5911;RCP2.6;2008;11.3;1;6.16;16.47;3;
14036;48.505;-2.5911;RCP2.6;2009;12.05;3;5.45;15.37;4;
14036;48.505;-2.5911;RCP2.6;2010;11.57;3;5.83;16.97;4;
14036;48.505;-2.5911;RCP2.6;2011;11.78;2;6.04;15.89;3;
14036;48.505;-2.5911;RCP2.6;2012;11.79;4;6.29;19.59;5;
14036;48.505;-2.5911;RCP2.6;2013;11.93;1;6.02;14.63;2;
14036;48.505;-2.5911;RCP2.6;2014;11.81;2;6.66;15.76;4;
14036;48.505;-2.5911;RCP2.6;2015;11.88;1;4.53;14.07;1;
14036;48.505;-2.5911;RCP2.6;2016;12.14;5;6.45;24.76;6;
14036;48.505;-2.5911;RCP2.6;2017;12.41;0;5.65;13.35;2;
14036;48.505;-2.5911;RCP2.6;2018;11.18;6;7.51;23.44;7;
14036;48.505;-2.5911;RCP2.6;2019;11.03;1;6.86;16.59;2;
14036;48.505;-2.5911;RCP2.6;2020;11.37;5;6.73;21.39;7;
14037;48.5095;-2.483;RCP2.6;2006;10.76;4;4.79;18.35;4;
14037;48.5095;-2.483;RCP2.6;2007;11.29;3;6.15;18.63;5;
14037;48.5095;-2.483;RCP2.6;2008;11.1;3;5.81;16.12;3;
14037;48.5095;-2.483;RCP2.6;2009;11.84;3;6.17;16.1;4;
14037;48.5095;-2.483;RCP2.6;2010;11.42;3;5.78;17.68;4;
14037;48.5095;-2.483;RCP2.6;2011;11.6;1;5.82;16.03;3;
14037;48.5095;-2.483;RCP2.6;2012;11.63;4;6.84;18.44;4;
14037;48.5095;-2.483;RCP2.6;2013;11.77;2;5.58;15.02;3;
14037;48.5095;-2.483;RCP2.6;2014;11.6;3;6.94;16.53;4;
14037;48.5095;-2.483;RCP2.6;2015;11.67;1;5.1;13.05;1;
14037;48.5095;-2.483;RCP2.6;2016;11.92;6;6.12;25.85;6;
14037;48.5095;-2.483;RCP2.6;2017;12.26;1;6.18;14.77;2;
14037;48.5095;-2.483;RCP2.6;2018;11.01;4;7.16;20.9;6;
14037;48.5095;-2.483;RCP2.6;2019;10.85;2;6.93;16.74;3;
14037;48.5095;-2.483;RCP2.6;2020;11.22;5;6.85;26.32;7;
14038;48.5138;-2.375;RCP2.6;2006;10.83;4;4.77;18.27;4;
14038;48.5138;-2.375;RCP2.6;2007;11.36;3;6.21;18.55;5;
14038;48.5138;-2.375;RCP2.6;2008;11.19;3;5.79;16.05;3;
14038;48.5138;-2.375;RCP2.6;2009;11.92;3;6.14;16.06;4;
14038;48.5138;-2.375;RCP2.6;2010;11.49;3;5.76;17.61;4;
14038;48.5138;-2.375;RCP2.6;2011;11.67;1;5.79;15.99;3;
14038;48.5138;-2.375;RCP2.6;2012;11.71;4;6.8;18.35;4;
14038;48.5138;-2.375;RCP2.6;2013;11.85;1;5.56;14.95;3;
14038;48.5138;-2.375;RCP2.6;2014;11.68;2;6.93;16.46;4;
14038;48.5138;-2.375;RCP2.6;2015;11.75;1;5.08;12.99;1;
14038;48.5138;-2.375;RCP2.6;2016;12;6;6.16;25.77;6;
14038;48.5138;-2.375;RCP2.6;2017;12.33;1;6.15;14.7;2;
14038;48.5138;-2.375;RCP2.6;2018;11.07;4;7.14;20.81;6;
14038;48.5138;-2.375;RCP2.6;2019;10.93;2;6.9;16.66;3;
14038;48.5138;-2.375;RCP2.6;2020;11.29;5;6.82;26.23;7;
14039;48.5181;-2.2669;RCP2.6;2006;11.12;4;5.21;18.57;4;
14039;48.5181;-2.2669;RCP2.6;2007;11.62;2;6.28;17.59;4;
14039;48.5181;-2.2669;RCP2.6;2008;11.45;2;6.11;14.65;3;
14039;48.5181;-2.2669;RCP2.6;2009;12.21;3;6.16;15.62;3;
14039;48.5181;-2.2669;RCP2.6;2010;11.74;3;6.21;17.39;3;
14039;48.5181;-2.2669;RCP2.6;2011;11.93;1;5.46;15.95;3;
14039;48.5181;-2.2669;RCP2.6;2012;11.97;3;6.92;17.96;5;
14039;48.5181;-2.2669;RCP2.6;2013;12.15;1;5.93;14.85;2;
14039;48.5181;-2.2669;RCP2.6;2014;11.97;3;7.05;15.8;3;
14039;48.5181;-2.2669;RCP2.6;2015;12.04;1;5.32;14.13;1;
14039;48.5181;-2.2669;RCP2.6;2016;12.23;7;6.4;23.89;7;
14039;48.5181;-2.2669;RCP2.6;2017;12.6;0;6.24;15.42;3;
14039;48.5181;-2.2669;RCP2.6;2018;11.35;4;6.46;20.68;5;
14039;48.5181;-2.2669;RCP2.6;2019;11.22;2;6.8;16.21;3;
14039;48.5181;-2.2669;RCP2.6;2020;11.56;7;6.24;24.72;8;
14040;48.5223;-2.1589;RCP2.6;2006;11;4;5.12;19.47;7;
14040;48.5223;-2.1589;RCP2.6;2007;11.45;3;6.51;17.29;4;
14040;48.5223;-2.1589;RCP2.6;2008;11.32;2;6.15;14.46;3;
14040;48.5223;-2.1589;RCP2.6;2009;12.09;3;5.99;15.81;3;
14040;48.5223;-2.1589;RCP2.6;2010;11.63;2;7.33;17.27;4;
14040;48.5223;-2.1589;RCP2.6;2011;11.79;1;5.78;18.06;5;
14040;48.5223;-2.1589;RCP2.6;2012;11.84;2;6.91;18.51;7;
14040;48.5223;-2.1589;RCP2.6;2013;12.02;0;5.37;13.87;1;
14040;48.5223;-2.1589;RCP2.6;2014;11.81;3;7.1;19.64;6;
14040;48.5223;-2.1589;RCP2.6;2015;11.91;2;5.45;16.39;4;
14040;48.5223;-2.1589;RCP2.6;2016;12.07;6;6.66;21.99;7;
14040;48.5223;-2.1589;RCP2.6;2017;12.49;0;6.51;16.48;3;
14040;48.5223;-2.1589;RCP2.6;2018;11.24;3;5.98;19.81;7;
14040;48.5223;-2.1589;RCP2.6;2019;11.08;2;7.06;17.77;5;
14040;48.5223;-2.1589;RCP2.6;2020;11.41;7;5.75;24.68;9;
14041;48.5263;-2.0508;RCP2.6;2006;10.96;2;4.76;19.17;6;
14041;48.5263;-2.0508;RCP2.6;2007;11.47;1;6.02;15.21;3;
14041;48.5263;-2.0508;RCP2.6;2008;11.32;1;6.23;13.54;2;
14041;48.5263;-2.0508;RCP2.6;2009;12.09;3;5.76;15.91;3;
14041;48.5263;-2.0508;RCP2.6;2010;11.66;3;6.86;17.46;4;
14041;48.5263;-2.0508;RCP2.6;2011;11.77;2;5.91;16.66;4;
14041;48.5263;-2.0508;RCP2.6;2012;11.9;4;6.71;19.64;6;
14041;48.5263;-2.0508;RCP2.6;2013;11.98;0;5.24;14.09;0;
14041;48.5263;-2.0508;RCP2.6;2014;11.8;3;6.59;15.22;3;
14041;48.5263;-2.0508;RCP2.6;2015;11.84;1;5.64;13.76;1;
14041;48.5263;-2.0508;RCP2.6;2016;12.07;5;6.49;22.09;6;
14041;48.5263;-2.0508;RCP2.6;2017;12.45;0;6.27;15.28;1;
14041;48.5263;-2.0508;RCP2.6;2018;11.22;3;6.58;17.89;4;
14041;48.5263;-2.0508;RCP2.6;2019;11.04;1;6.3;17.68;4;
14041;48.5263;-2.0508;RCP2.6;2020;11.38;6;6.5;26.98;8;
14042;48.5303;-1.9426;RCP2.6;2006;11.28;4;5.05;18.81;7;
14042;48.5303;-1.9426;RCP2.6;2007;11.75;2;5.77;18.07;5;
14042;48.5303;-1.9426;RCP2.6;2008;11.62;2;6.41;13.07;3;
14042;48.5303;-1.9426;RCP2.6;2009;12.4;3;5.39;15.15;3;
14042;48.5303;-1.9426;RCP2.6;2010;11.93;2;7.06;17.14;6;
14042;48.5303;-1.9426;RCP2.6;2011;12.06;2;5.58;17.95;5;
14042;48.5303;-1.9426;RCP2.6;2012;12.21;4;6.57;18.43;5;
14042;48.5303;-1.9426;RCP2.6;2013;12.31;0;5.07;12.18;1;
14042;48.5303;-1.9426;RCP2.6;2014;12.12;3;6.65;16.06;3;
14042;48.5303;-1.9426;RCP2.6;2015;12.17;0;5.32;14.32;3;
14042;48.5303;-1.9426;RCP2.6;2016;12.37;6;6.32;22.38;8;
14042;48.5303;-1.9426;RCP2.6;2017;12.76;0;6.21;15.12;2;
14042;48.5303;-1.9426;RCP2.6;2018;11.57;3;6.46;16.46;3;
14042;48.5303;-1.9426;RCP2.6;2019;11.35;1;6.31;18;7;
14042;48.5303;-1.9426;RCP2.6;2020;11.68;6;6.24;25.62;8;
14043;48.5342;-1.8345;RCP2.6;2006;11.33;5;5.41;21.26;6;
14043;48.5342;-1.8345;RCP2.6;2007;11.82;2;6.38;17.96;4;
14043;48.5342;-1.8345;RCP2.6;2008;11.7;2;6.96;14.67;2;
14043;48.5342;-1.8345;RCP2.6;2009;12.4;2;6.38;16.42;2;
14043;48.5342;-1.8345;RCP2.6;2010;12;2;7.68;17.56;3;
14043;48.5342;-1.8345;RCP2.6;2011;12.11;4;6.02;18.29;4;
14043;48.5342;-1.8345;RCP2.6;2012;12.24;4;7.51;18.73;4;
14043;48.5342;-1.8345;RCP2.6;2013;12.38;1;5.47;12.59;1;
14043;48.5342;-1.8345;RCP2.6;2014;12.13;3;6.87;19.09;6;
14043;48.5342;-1.8345;RCP2.6;2015;12.22;1;5.57;15.67;2;
14043;48.5342;-1.8345;RCP2.6;2016;12.39;5;7.42;20.81;7;
14043;48.5342;-1.8345;RCP2.6;2017;12.77;1;6.89;15.97;2;
14043;48.5342;-1.8345;RCP2.6;2018;11.61;3;6.49;18.9;5;
14043;48.5342;-1.8345;RCP2.6;2019;11.44;2;7.84;19.36;7;
14043;48.5342;-1.8345;RCP2.6;2020;11.75;5;6.45;24.2;7;
14044;48.5379;-1.7264;RCP2.6;2006;11.26;5;5.43;21.35;6;
14044;48.5379;-1.7264;RCP2.6;2007;11.75;2;6.4;18.04;4;
14044;48.5379;-1.7264;RCP2.6;2008;11.62;2;6.99;14.73;2;
14044;48.5379;-1.7264;RCP2.6;2009;12.34;2;6.41;16.49;2;
14044;48.5379;-1.7264;RCP2.6;2010;11.94;2;7.72;17.64;3;
14044;48.5379;-1.7264;RCP2.6;2011;12.05;4;6.05;18.36;4;
14044;48.5379;-1.7264;RCP2.6;2012;12.18;4;7.54;18.81;4;
14044;48.5379;-1.7264;RCP2.6;2013;12.32;1;5.49;12.65;1;
14044;48.5379;-1.7264;RCP2.6;2014;12.06;3;6.9;19.18;6;
14044;48.5379;-1.7264;RCP2.6;2015;12.15;1;5.6;15.74;2;
14044;48.5379;-1.7264;RCP2.6;2016;12.32;5;7.45;20.9;7;
14044;48.5379;-1.7264;RCP2.6;2017;12.7;1;6.92;16.04;2;
14044;48.5379;-1.7264;RCP2.6;2018;11.55;3;6.53;18.99;5;
14044;48.5379;-1.7264;RCP2.6;2019;11.37;2;7.87;19.45;7;
14044;48.5379;-1.7264;RCP2.6;2020;11.69;5;6.48;24.28;7;
14045;48.5416;-1.6182;RCP2.6;2006;11.1;4;5.9;20.02;5;
14045;48.5416;-1.6182;RCP2.6;2007;11.56;1;6.25;18.1;3;
14045;48.5416;-1.6182;RCP2.6;2008;11.41;1;6.72;15.01;3;
14045;48.5416;-1.6182;RCP2.6;2009;12.16;2;6.29;15.61;3;
14045;48.5416;-1.6182;RCP2.6;2010;11.76;4;7.67;19.67;6;
14045;48.5416;-1.6182;RCP2.6;2011;11.88;4;6.62;17.85;4;
14045;48.5416;-1.6182;RCP2.6;2012;12.02;5;7.38;21.1;6;
14045;48.5416;-1.6182;RCP2.6;2013;12.14;1;5.68;13.02;1;
14045;48.5416;-1.6182;RCP2.6;2014;11.88;3;7.3;19.74;7;
14045;48.5416;-1.6182;RCP2.6;2015;11.95;2;6.18;15.51;2;
14045;48.5416;-1.6182;RCP2.6;2016;12.14;5;7.63;21.28;5;
14045;48.5416;-1.6182;RCP2.6;2017;12.56;1;7.12;18.32;4;
14045;48.5416;-1.6182;RCP2.6;2018;11.37;2;6.95;18.14;4;
14045;48.5416;-1.6182;RCP2.6;2019;11.22;3;7.53;19.7;6;
14045;48.5416;-1.6182;RCP2.6;2020;11.5;4;6.24;19.06;4;
14160;48.4733;-4.6491;RCP2.6;2006;11.17;4;6.2;20.87;4;
14160;48.4733;-4.6491;RCP2.6;2007;11.6;4;6.75;20.14;4;
14160;48.4733;-4.6491;RCP2.6;2008;11.29;7;8.2;24.04;6;
14160;48.4733;-4.6491;RCP2.6;2009;11.9;2;7.59;19.34;2;
14160;48.4733;-4.6491;RCP2.6;2010;11.63;6;7.39;22.58;6;
14160;48.4733;-4.6491;RCP2.6;2011;11.8;3;6.89;17.79;3;
14160;48.4733;-4.6491;RCP2.6;2012;11.84;5;8.58;21.23;4;
14160;48.4733;-4.6491;RCP2.6;2013;12.04;4;6.84;20.55;4;
14160;48.4733;-4.6491;RCP2.6;2014;11.99;4;8.11;20.17;3;
14160;48.4733;-4.6491;RCP2.6;2015;12.07;4;5.68;19.41;3;
14160;48.4733;-4.6491;RCP2.6;2016;12.2;10;8.35;23.78;8;
14160;48.4733;-4.6491;RCP2.6;2017;12.51;6;7.92;23.33;6;
14160;48.4733;-4.6491;RCP2.6;2018;11.35;7;8.23;21.97;5;
14160;48.4733;-4.6491;RCP2.6;2019;11.23;4;8.43;20.33;4;
14160;48.4733;-4.6491;RCP2.6;2020;11.36;5;7.03;22.29;4;
14161;48.4796;-4.5414;RCP2.6;2006;11.14;4;7.49;21.39;4;
14161;48.4796;-4.5414;RCP2.6;2007;11.67;7;7.86;24.28;4;
14161;48.4796;-4.5414;RCP2.6;2008;11.27;9;9.76;25.38;8;
14161;48.4796;-4.5414;RCP2.6;2009;12.01;5;8.44;22.02;2;
14161;48.4796;-4.5414;RCP2.6;2010;11.67;9;9.01;24.59;7;
14161;48.4796;-4.5414;RCP2.6;2011;11.84;4;8.11;20.46;3;
14161;48.4796;-4.5414;RCP2.6;2012;11.93;8;9.34;24.68;5;
14161;48.4796;-4.5414;RCP2.6;2013;12.09;7;8.39;22.91;4;
14161;48.4796;-4.5414;RCP2.6;2014;12.04;8;8.82;21.81;3;
14161;48.4796;-4.5414;RCP2.6;2015;12.1;5;6.28;21.64;3;
14161;48.4796;-4.5414;RCP2.6;2016;12.22;10;9.93;25.39;9;
14161;48.4796;-4.5414;RCP2.6;2017;12.56;8;8.35;23.16;3;
14161;48.4796;-4.5414;RCP2.6;2018;11.33;8;9.52;22.08;3;
14161;48.4796;-4.5414;RCP2.6;2019;11.16;8;10.12;23.87;5;
14161;48.4796;-4.5414;RCP2.6;2020;11.39;5;8.1;25.18;5;
14162;48.4858;-4.4336;RCP2.6;2006;11.1;5;7.69;21.48;3;
14162;48.4858;-4.4336;RCP2.6;2007;11.69;8;8.12;24.48;7;
14162;48.4858;-4.4336;RCP2.6;2008;11.25;10;9.91;27.43;7;
14162;48.4858;-4.4336;RCP2.6;2009;12;5;8.72;21.17;1;
14162;48.4858;-4.4336;RCP2.6;2010;11.62;10;9.17;24.58;7;
14162;48.4858;-4.4336;RCP2.6;2011;11.82;4;8.21;20.41;3;
14162;48.4858;-4.4336;RCP2.6;2012;11.94;7;9.48;22.12;3;
14162;48.4858;-4.4336;RCP2.6;2013;12.05;7;8.59;21.43;3;
14162;48.4858;-4.4336;RCP2.6;2014;11.98;9;9.24;25.47;6;
14162;48.4858;-4.4336;RCP2.6;2015;12.05;5;6.19;21.42;4;
14162;48.4858;-4.4336;RCP2.6;2016;12.18;10;9.9;25.8;8;
14162;48.4858;-4.4336;RCP2.6;2017;12.52;7;8.97;22.6;4;
14162;48.4858;-4.4336;RCP2.6;2018;11.27;9;10.28;22.48;3;
14162;48.4858;-4.4336;RCP2.6;2019;11.11;8;9.91;25.1;6;
14162;48.4858;-4.4336;RCP2.6;2020;11.36;6;8.16;27.61;5;
14163;48.492;-4.3258;RCP2.6;2006;11.06;5;7.71;21.54;3;
14163;48.492;-4.3258;RCP2.6;2007;11.65;8;8.11;24.55;7;
14163;48.492;-4.3258;RCP2.6;2008;11.2;10;9.83;27.51;7;
14163;48.492;-4.3258;RCP2.6;2009;11.96;5;8.74;21.23;1;
14163;48.492;-4.3258;RCP2.6;2010;11.58;10;9.2;24.65;7;
14163;48.492;-4.3258;RCP2.6;2011;11.77;4;8.24;20.47;3;
14163;48.492;-4.3258;RCP2.6;2012;11.89;7;9.51;22.18;3;
14163;48.492;-4.3258;RCP2.6;2013;12;7;8.62;21.5;3;
14163;48.492;-4.3258;RCP2.6;2014;11.94;9;9.27;25.54;6;
14163;48.492;-4.3258;RCP2.6;2015;12;5;6.21;21.48;4;
14163;48.492;-4.3258;RCP2.6;2016;12.14;10;10;25.86;8;
14163;48.492;-4.3258;RCP2.6;2017;12.47;7;9;22.66;4;
14163;48.492;-4.3258;RCP2.6;2018;11.23;9;10.32;22.53;3;
14163;48.492;-4.3258;RCP2.6;2019;11.07;8;9.94;25.17;6;
14163;48.492;-4.3258;RCP2.6;2020;11.31;6;8.18;27.69;5;
14164;48.498;-4.218;RCP2.6;2006;11.05;5;7.5;20.66;3;
14164;48.498;-4.218;RCP2.6;2007;11.66;10;8;23.87;4;
14164;48.498;-4.218;RCP2.6;2008;11.21;11;10.88;29.81;7;
14164;48.498;-4.218;RCP2.6;2009;11.97;5;8.45;21.04;1;
14164;48.498;-4.218;RCP2.6;2010;11.58;9;9.32;25.03;8;
14164;48.498;-4.218;RCP2.6;2011;11.78;5;7.96;21.68;3;
14164;48.498;-4.218;RCP2.6;2012;11.88;8;9.59;21.87;3;
14164;48.498;-4.218;RCP2.6;2013;11.98;4;8.86;19.92;1;
14164;48.498;-4.218;RCP2.6;2014;11.92;8;9.09;26.81;6;
14164;48.498;-4.218;RCP2.6;2015;11.97;5;6.91;21.09;3;
14164;48.498;-4.218;RCP2.6;2016;12.13;10;9.92;24.64;5;
14164;48.498;-4.218;RCP2.6;2017;12.47;7;8.42;24.14;5;
14164;48.498;-4.218;RCP2.6;2018;11.23;11;10.82;23.63;4;
14164;48.498;-4.218;RCP2.6;2019;11.04;7;9.8;27.25;5;
14164;48.498;-4.218;RCP2.6;2020;11.34;5;7.82;27.96;5;
14165;48.504;-4.1101;RCP2.6;2006;10.98;4;7.85;20.08;3;
14165;48.504;-4.1101;RCP2.6;2007;11.62;8;8.11;27.43;6;
14165;48.504;-4.1101;RCP2.6;2008;11.15;9;10.52;28.32;7;
14165;48.504;-4.1101;RCP2.6;2009;11.89;7;9.34;21.54;1;
14165;48.504;-4.1101;RCP2.6;2010;11.56;9;9.79;28.14;6;
14165;48.504;-4.1101;RCP2.6;2011;11.71;5;8.27;20.79;3;
14165;48.504;-4.1101;RCP2.6;2012;11.89;5;9.78;21.24;4;
14165;48.504;-4.1101;RCP2.6;2013;11.95;3;8.79;18.65;1;
14165;48.504;-4.1101;RCP2.6;2014;11.85;9;9.67;28.88;7;
14165;48.504;-4.1101;RCP2.6;2015;11.9;7;6.47;21.88;3;
14165;48.504;-4.1101;RCP2.6;2016;12.08;10;9.83;28.14;7;
14165;48.504;-4.1101;RCP2.6;2017;12.39;9;8.48;24.05;5;
14165;48.504;-4.1101;RCP2.6;2018;11.16;10;10.5;25.82;6;
14165;48.504;-4.1101;RCP2.6;2019;11;9;9.87;27.21;8;
14165;48.504;-4.1101;RCP2.6;2020;11.23;7;8.83;28.63;5;
14166;48.5098;-4.0022;RCP2.6;2006;10.84;3;7.5;18.41;3;
14166;48.5098;-4.0022;RCP2.6;2007;11.5;10;8.38;27.75;7;
14166;48.5098;-4.0022;RCP2.6;2008;11.02;9;11.04;27.8;8;
14166;48.5098;-4.0022;RCP2.6;2009;11.78;8;8.85;21.61;2;
14166;48.5098;-4.0022;RCP2.6;2010;11.47;9;9.77;28;6;
14166;48.5098;-4.0022;RCP2.6;2011;11.61;7;8.32;21.33;3;
14166;48.5098;-4.0022;RCP2.6;2012;11.75;5;10.01;21.75;4;
14166;48.5098;-4.0022;RCP2.6;2013;11.81;2;9.04;17.76;1;
14166;48.5098;-4.0022;RCP2.6;2014;11.71;7;10;27.66;5;
14166;48.5098;-4.0022;RCP2.6;2015;11.75;6;6.65;21.76;4;
14166;48.5098;-4.0022;RCP2.6;2016;11.99;8;9.9;25.73;5;
14166;48.5098;-4.0022;RCP2.6;2017;12.27;6;7.91;24.53;5;
14166;48.5098;-4.0022;RCP2.6;2018;11.01;8;11.01;27.25;6;
14166;48.5098;-4.0022;RCP2.6;2019;10.85;9;10.2;28.03;6;
14166;48.5098;-4.0022;RCP2.6;2020;11.15;6;9.92;30.27;6;
14167;48.5155;-3.8943;RCP2.6;2006;10.75;4;8.34;19.05;3;
14167;48.5155;-3.8943;RCP2.6;2007;11.39;12;8.73;26.41;8;
14167;48.5155;-3.8943;RCP2.6;2008;10.94;11;10.96;33.7;8;
14167;48.5155;-3.8943;RCP2.6;2009;11.72;6;8.82;20.84;1;
14167;48.5155;-3.8943;RCP2.6;2010;11.41;9;10.04;28.48;8;
14167;48.5155;-3.8943;RCP2.6;2011;11.55;7;8.25;23.56;5;
14167;48.5155;-3.8943;RCP2.6;2012;11.63;5;9.58;21.87;3;
14167;48.5155;-3.8943;RCP2.6;2013;11.69;2;9.01;18.61;2;
14167;48.5155;-3.8943;RCP2.6;2014;11.59;7;9.79;24.12;4;
14167;48.5155;-3.8943;RCP2.6;2015;11.65;5;6.62;20.76;3;
14167;48.5155;-3.8943;RCP2.6;2016;11.92;10;9.88;22.73;4;
14167;48.5155;-3.8943;RCP2.6;2017;12.16;7;8.01;23.51;4;
14167;48.5155;-3.8943;RCP2.6;2018;10.92;7;11.57;28.56;6;
14167;48.5155;-3.8943;RCP2.6;2019;10.78;9;10.58;28.09;6;
14167;48.5155;-3.8943;RCP2.6;2020;11.08;5;9.13;29.48;5;
14168;48.5212;-3.7864;RCP2.6;2006;10.68;4;8.37;19.15;3;
14168;48.5212;-3.7864;RCP2.6;2007;11.33;12;8.77;26.52;8;
14168;48.5212;-3.7864;RCP2.6;2008;10.87;11;11;33.83;8;
14168;48.5212;-3.7864;RCP2.6;2009;11.66;6;8.85;20.93;1;
14168;48.5212;-3.7864;RCP2.6;2010;11.34;9;10.08;28.6;8;
14168;48.5212;-3.7864;RCP2.6;2011;11.49;7;8.29;23.65;5;
14168;48.5212;-3.7864;RCP2.6;2012;11.56;6;9.61;21.97;3;
14168;48.5212;-3.7864;RCP2.6;2013;11.63;2;9.22;18.69;2;
14168;48.5212;-3.7864;RCP2.6;2014;11.53;7;9.8;24.21;4;
14168;48.5212;-3.7864;RCP2.6;2015;11.58;5;6.78;20.84;3;
14168;48.5212;-3.7864;RCP2.6;2016;11.85;10;9.93;22.82;4;
14168;48.5212;-3.7864;RCP2.6;2017;12.1;7;8.04;23.59;4;
14168;48.5212;-3.7864;RCP2.6;2018;10.85;7;11.61;28.68;6;
14168;48.5212;-3.7864;RCP2.6;2019;10.71;9;10.62;28.21;6;
14168;48.5212;-3.7864;RCP2.6;2020;11.02;5;9.16;29.59;5;
14169;48.5267;-3.6785;RCP2.6;2006;10.43;4;8.87;20.21;2;
14169;48.5267;-3.6785;RCP2.6;2007;11.09;12;9.88;26.52;8;
14169;48.5267;-3.6785;RCP2.6;2008;10.64;9;10.86;30.81;7;
14169;48.5267;-3.6785;RCP2.6;2009;11.45;7;10;21.42;0;
14169;48.5267;-3.6785;RCP2.6;2010;11.1;11;9.92;25.77;9;
14169;48.5267;-3.6785;RCP2.6;2011;11.26;6;8.66;23.74;4;
14169;48.5267;-3.6785;RCP2.6;2012;11.31;5;9.98;22.6;3;
14169;48.5267;-3.6785;RCP2.6;2013;11.38;6;9.6;22.01;2;
14169;48.5267;-3.6785;RCP2.6;2014;11.25;7;10.26;22.96;3;
14169;48.5267;-3.6785;RCP2.6;2015;11.3;3;7.33;18.8;3;
14169;48.5267;-3.6785;RCP2.6;2016;11.61;12;10.31;22.84;2;
14169;48.5267;-3.6785;RCP2.6;2017;11.86;5;8.49;21.89;4;
14169;48.5267;-3.6785;RCP2.6;2018;10.61;10;12.08;29.42;8;
14169;48.5267;-3.6785;RCP2.6;2019;10.48;9;11.09;26.65;5;
14169;48.5267;-3.6785;RCP2.6;2020;10.81;6;9.58;26.35;5;
14170;48.5322;-3.5705;RCP2.6;2006;10.11;4;8.62;19.94;2;
14170;48.5322;-3.5705;RCP2.6;2007;10.78;11;9.82;27.25;7;
14170;48.5322;-3.5705;RCP2.6;2008;10.35;11;10.5;28.13;5;
14170;48.5322;-3.5705;RCP2.6;2009;11.17;8;10.15;22.37;3;
14170;48.5322;-3.5705;RCP2.6;2010;10.79;10;9.98;28.26;6;
14170;48.5322;-3.5705;RCP2.6;2011;10.94;7;8.39;22.69;2;
14170;48.5322;-3.5705;RCP2.6;2012;10.99;7;9.57;25.43;5;
14170;48.5322;-3.5705;RCP2.6;2013;11.08;8;9.75;23.73;3;
14170;48.5322;-3.5705;RCP2.6;2014;10.94;7;10.47;22.33;2;
14170;48.5322;-3.5705;RCP2.6;2015;10.97;4;7.82;19.87;3;
14170;48.5322;-3.5705;RCP2.6;2016;11.28;11;10.14;24.23;4;
14170;48.5322;-3.5705;RCP2.6;2017;11.52;6;9.35;23.64;3;
14170;48.5322;-3.5705;RCP2.6;2018;10.31;11;12.03;28.12;8;
14170;48.5322;-3.5705;RCP2.6;2019;10.16;10;11.72;25.37;4;
14170;48.5322;-3.5705;RCP2.6;2020;10.5;9;8.96;28.84;5;
14171;48.5375;-3.4625;RCP2.6;2006;10.29;3;7.86;17.91;2;
14171;48.5375;-3.4625;RCP2.6;2007;10.92;6;7.87;24.28;5;
14171;48.5375;-3.4625;RCP2.6;2008;10.54;7;8.39;25.19;6;
14171;48.5375;-3.4625;RCP2.6;2009;11.42;4;8.3;19.51;4;
14171;48.5375;-3.4625;RCP2.6;2010;10.95;6;8.48;24.45;6;
14171;48.5375;-3.4625;RCP2.6;2011;11.14;3;7.95;18.64;2;
14171;48.5375;-3.4625;RCP2.6;2012;11.21;6;7.87;22.62;6;
14171;48.5375;-3.4625;RCP2.6;2013;11.3;4;8.41;20.23;3;
14171;48.5375;-3.4625;RCP2.6;2014;11.16;2;8.83;18.74;2;
14171;48.5375;-3.4625;RCP2.6;2015;11.2;3;6.53;17.57;3;
14171;48.5375;-3.4625;RCP2.6;2016;11.54;6;8.86;27.46;5;
14171;48.5375;-3.4625;RCP2.6;2017;11.78;4;7.18;22.14;4;
14171;48.5375;-3.4625;RCP2.6;2018;10.45;8;10.14;23.65;8;
14171;48.5375;-3.4625;RCP2.6;2019;10.31;4;8.93;19.4;3;
14171;48.5375;-3.4625;RCP2.6;2020;10.71;5;7.57;26.49;5;
14172;48.5428;-3.3545;RCP2.6;2006;10.24;3;7.11;18.06;1;
14172;48.5428;-3.3545;RCP2.6;2007;10.78;4;8.53;19.49;3;
14172;48.5428;-3.3545;RCP2.6;2008;10.49;8;8.38;22.82;6;
14172;48.5428;-3.3545;RCP2.6;2009;11.34;4;8.64;19.61;4;
14172;48.5428;-3.3545;RCP2.6;2010;10.89;6;8.58;22.63;6;
14172;48.5428;-3.3545;RCP2.6;2011;11.1;3;7.68;18.1;1;
14172;48.5428;-3.3545;RCP2.6;2012;11.12;6;8;23.12;6;
14172;48.5428;-3.3545;RCP2.6;2013;11.24;5;8.47;21.21;4;
14172;48.5428;-3.3545;RCP2.6;2014;11.07;3;9.19;17.89;2;
14172;48.5428;-3.3545;RCP2.6;2015;11.12;3;6.91;16.92;3;
14172;48.5428;-3.3545;RCP2.6;2016;11.48;5;8.6;25.57;5;
14172;48.5428;-3.3545;RCP2.6;2017;11.72;4;6.78;20.44;4;
14172;48.5428;-3.3545;RCP2.6;2018;10.38;7;10.08;24.44;6;
14172;48.5428;-3.3545;RCP2.6;2019;10.23;5;9.9;20.48;3;
14172;48.5428;-3.3545;RCP2.6;2020;10.64;6;6.37;23.72;5;
14173;48.5479;-3.2465;RCP2.6;2006;10.18;3;7.14;18.12;1;
14173;48.5479;-3.2465;RCP2.6;2007;10.72;4;8.56;19.56;3;
14173;48.5479;-3.2465;RCP2.6;2008;10.43;8;8.43;22.9;6;
14173;48.5479;-3.2465;RCP2.6;2009;11.27;4;8.68;19.69;4;
14173;48.5479;-3.2465;RCP2.6;2010;10.83;6;8.62;22.67;6;
14173;48.5479;-3.2465;RCP2.6;2011;11.04;3;7.68;18.18;1;
14173;48.5479;-3.2465;RCP2.6;2012;11.06;6;8.05;23.2;6;
14173;48.5479;-3.2465;RCP2.6;2013;11.17;6;8.51;21.3;4;
14173;48.5479;-3.2465;RCP2.6;2014;11.01;3;9.26;17.97;2;
14173;48.5479;-3.2465;RCP2.6;2015;11.05;3;6.93;16.99;3;
14173;48.5479;-3.2465;RCP2.6;2016;11.41;5;8.63;25.63;5;
14173;48.5479;-3.2465;RCP2.6;2017;11.66;4;6.81;20.53;4;
14173;48.5479;-3.2465;RCP2.6;2018;10.31;7;10.12;24.54;6;
14173;48.5479;-3.2465;RCP2.6;2019;10.17;5;9.94;20.52;3;
14173;48.5479;-3.2465;RCP2.6;2020;10.57;6;6.51;23.79;5;
14174;48.553;-3.1384;RCP2.6;2006;10.66;3;6.34;17.5;2;
14174;48.553;-3.1384;RCP2.6;2007;11.22;4;7.67;19.96;4;
14174;48.553;-3.1384;RCP2.6;2008;10.97;5;8.83;20.92;4;
14174;48.553;-3.1384;RCP2.6;2009;11.76;4;8.15;20.2;3;
14174;48.553;-3.1384;RCP2.6;2010;11.33;5;8.77;25.03;5;
14174;48.553;-3.1384;RCP2.6;2011;11.52;2;7.24;17.94;2;
14174;48.553;-3.1384;RCP2.6;2012;11.56;5;8.1;20.99;4;
14174;48.553;-3.1384;RCP2.6;2013;11.68;4;8.81;19.7;3;
14174;48.553;-3.1384;RCP2.6;2014;11.53;3;8.63;18.86;3;
14174;48.553;-3.1384;RCP2.6;2015;11.56;3;6.76;16.74;2;
14174;48.553;-3.1384;RCP2.6;2016;11.91;6;8.68;23.94;6;
14174;48.553;-3.1384;RCP2.6;2017;12.14;4;6.91;18.43;4;
14174;48.553;-3.1384;RCP2.6;2018;10.85;8;9.95;24.89;7;
14174;48.553;-3.1384;RCP2.6;2019;10.67;6;10.01;22.38;4;
14174;48.553;-3.1384;RCP2.6;2020;11.06;5;6.97;24.74;5;
14175;48.558;-3.0303;RCP2.6;2006;10.59;3;6.05;17.82;1;
14175;48.558;-3.0303;RCP2.6;2007;11.13;5;7.63;20.85;4;
14175;48.558;-3.0303;RCP2.6;2008;10.92;3;8.76;18.96;3;
14175;48.558;-3.0303;RCP2.6;2009;11.74;5;8.06;23.65;5;
14175;48.558;-3.0303;RCP2.6;2010;11.24;6;8.73;26.33;6;
14175;48.558;-3.0303;RCP2.6;2011;11.48;3;7.29;19.32;3;
14175;48.558;-3.0303;RCP2.6;2012;11.47;4;8;20.03;4;
14175;48.558;-3.0303;RCP2.6;2013;11.63;2;9.52;18.74;1;
14175;48.558;-3.0303;RCP2.6;2014;11.48;3;8.33;19.08;2;
14175;48.558;-3.0303;RCP2.6;2015;11.52;2;6.58;17.5;2;
14175;48.558;-3.0303;RCP2.6;2016;11.82;6;8.51;24.71;6;
14175;48.558;-3.0303;RCP2.6;2017;12.04;3;7.17;15.86;3;
14175;48.558;-3.0303;RCP2.6;2018;10.84;8;10.19;25.28;7;
14175;48.558;-3.0303;RCP2.6;2019;10.61;7;9.71;22.68;5;
14175;48.558;-3.0303;RCP2.6;2020;10.98;6;7.7;25.73;6;
14176;48.5628;-2.9222;RCP2.6;2006;10.79;2;5.1;18.08;3;
14176;48.5628;-2.9222;RCP2.6;2007;11.27;4;6.95;18.9;4;
14176;48.5628;-2.9222;RCP2.6;2008;11.14;1;6.9;17.48;3;
14176;48.5628;-2.9222;RCP2.6;2009;11.87;4;6.36;18.69;4;
14176;48.5628;-2.9222;RCP2.6;2010;11.46;5;7;21.31;6;
14176;48.5628;-2.9222;RCP2.6;2011;11.64;3;6.45;16.87;4;
14176;48.5628;-2.9222;RCP2.6;2012;11.64;4;6.38;19.09;4;
14176;48.5628;-2.9222;RCP2.6;2013;11.77;2;7.24;17.44;2;
14176;48.5628;-2.9222;RCP2.6;2014;11.64;2;7.03;16.68;3;
14176;48.5628;-2.9222;RCP2.6;2015;11.65;1;5.82;14.75;2;
14176;48.5628;-2.9222;RCP2.6;2016;11.95;6;7.15;26.19;6;
14176;48.5628;-2.9222;RCP2.6;2017;12.16;1;5.95;13.77;1;
14176;48.5628;-2.9222;RCP2.6;2018;10.99;5;8.71;21.03;7;
14176;48.5628;-2.9222;RCP2.6;2019;10.82;4;7.96;18.7;4;
14176;48.5628;-2.9222;RCP2.6;2020;11.16;6;7;23.83;7;
14177;48.5676;-2.8141;RCP2.6;2006;10.98;2;5.28;17.38;2;
14177;48.5676;-2.8141;RCP2.6;2007;11.5;5;7.03;20.55;6;
14177;48.5676;-2.8141;RCP2.6;2008;11.33;1;6.64;16.9;3;
14177;48.5676;-2.8141;RCP2.6;2009;12.06;4;5.71;19.43;5;
14177;48.5676;-2.8141;RCP2.6;2010;11.63;4;6.65;19.87;5;
14177;48.5676;-2.8141;RCP2.6;2011;11.85;2;6.67;18.21;4;
14177;48.5676;-2.8141;RCP2.6;2012;11.87;4;6.67;20.06;5;
14177;48.5676;-2.8141;RCP2.6;2013;11.91;2;6.74;17.17;3;
14177;48.5676;-2.8141;RCP2.6;2014;11.86;2;6.61;16.54;4;
14177;48.5676;-2.8141;RCP2.6;2015;11.87;1;5.18;15.9;1;
14177;48.5676;-2.8141;RCP2.6;2016;12.16;5;6.84;26.96;5;
14177;48.5676;-2.8141;RCP2.6;2017;12.42;1;5.84;13.49;1;
14177;48.5676;-2.8141;RCP2.6;2018;11.22;6;7.86;23.58;9;
14177;48.5676;-2.8141;RCP2.6;2019;11.04;2;7.22;18.3;3;
14177;48.5676;-2.8141;RCP2.6;2020;11.46;6;7.12;24.05;8;
14180;48.5813;-2.4897;RCP2.6;2006;10.82;4;4.77;18.29;4;
14180;48.5813;-2.4897;RCP2.6;2007;11.35;3;6.2;18.56;5;
14180;48.5813;-2.4897;RCP2.6;2008;11.16;3;5.79;16.06;3;
14180;48.5813;-2.4897;RCP2.6;2009;11.9;3;6.14;16.07;4;
14180;48.5813;-2.4897;RCP2.6;2010;11.47;3;5.76;17.62;4;
14180;48.5813;-2.4897;RCP2.6;2011;11.66;1;5.79;16.01;3;
14180;48.5813;-2.4897;RCP2.6;2012;11.69;4;6.81;18.38;4;
14180;48.5813;-2.4897;RCP2.6;2013;11.83;1;5.57;14.96;3;
14180;48.5813;-2.4897;RCP2.6;2014;11.67;2;6.94;16.47;4;
14180;48.5813;-2.4897;RCP2.6;2015;11.73;1;5.08;13;1;
14180;48.5813;-2.4897;RCP2.6;2016;11.98;6;6.13;25.78;6;
14180;48.5813;-2.4897;RCP2.6;2017;12.32;1;6.16;14.71;2;
14180;48.5813;-2.4897;RCP2.6;2018;11.07;4;7.14;20.83;6;
14180;48.5813;-2.4897;RCP2.6;2019;10.91;2;6.9;16.67;3;
14180;48.5813;-2.4897;RCP2.6;2020;11.29;5;6.82;26.25;7;
14181;48.5856;-2.3815;RCP2.6;2006;11.04;4;5.33;18.49;4;
14181;48.5856;-2.3815;RCP2.6;2007;11.53;2;6.32;17.68;4;
14181;48.5856;-2.3815;RCP2.6;2008;11.36;2;6.16;14.73;3;
14181;48.5856;-2.3815;RCP2.6;2009;12.12;3;6.19;15.7;3;
14181;48.5856;-2.3815;RCP2.6;2010;11.66;3;6.25;17.48;3;
14181;48.5856;-2.3815;RCP2.6;2011;11.85;1;5.48;16.03;3;
14181;48.5856;-2.3815;RCP2.6;2012;11.89;3;6.96;18.02;5;
14181;48.5856;-2.3815;RCP2.6;2013;12.07;1;5.96;14.93;2;
14181;48.5856;-2.3815;RCP2.6;2014;11.88;3;6.91;15.88;3;
14181;48.5856;-2.3815;RCP2.6;2015;11.94;1;5.34;14.21;1;
14181;48.5856;-2.3815;RCP2.6;2016;12.14;7;6.43;23.96;7;
14181;48.5856;-2.3815;RCP2.6;2017;12.52;2;6.27;15.5;3;
14181;48.5856;-2.3815;RCP2.6;2018;11.28;4;6.49;20.79;5;
14181;48.5856;-2.3815;RCP2.6;2019;11.13;2;6.84;16.3;3;
14181;48.5856;-2.3815;RCP2.6;2020;11.48;7;6.27;24.84;8;
14182;48.5899;-2.2733;RCP2.6;2006;11.1;4;5.31;18.55;4;
14182;48.5899;-2.2733;RCP2.6;2007;11.59;2;6.29;17.62;4;
14182;48.5899;-2.2733;RCP2.6;2008;11.42;2;6.16;14.67;3;
14182;48.5899;-2.2733;RCP2.6;2009;12.18;3;6.17;15.64;3;
14182;48.5899;-2.2733;RCP2.6;2010;11.72;3;6.22;17.41;3;
14182;48.5899;-2.2733;RCP2.6;2011;11.91;1;5.46;15.97;3;
14182;48.5899;-2.2733;RCP2.6;2012;11.95;3;6.93;17.98;5;
14182;48.5899;-2.2733;RCP2.6;2013;12.13;1;5.94;14.88;2;
14182;48.5899;-2.2733;RCP2.6;2014;11.95;3;7.05;15.82;3;
14182;48.5899;-2.2733;RCP2.6;2015;12.01;1;5.32;14.15;1;
14182;48.5899;-2.2733;RCP2.6;2016;12.21;7;6.41;23.91;7;
14182;48.5899;-2.2733;RCP2.6;2017;12.58;0;6.25;15.44;3;
14182;48.5899;-2.2733;RCP2.6;2018;11.34;4;6.47;20.71;5;
14182;48.5899;-2.2733;RCP2.6;2019;11.19;2;6.81;16.24;3;
14182;48.5899;-2.2733;RCP2.6;2020;11.54;7;6.25;24.76;8;
14183;48.5941;-2.1651;RCP2.6;2006;11.32;4;5.01;19.35;7;
14183;48.5941;-2.1651;RCP2.6;2007;11.77;3;6.39;16.93;4;
14183;48.5941;-2.1651;RCP2.6;2008;11.65;2;5.99;14.2;2;
14183;48.5941;-2.1651;RCP2.6;2009;12.42;3;5.96;15.64;3;
14183;48.5941;-2.1651;RCP2.6;2010;11.95;2;7.2;17.03;5;
14183;48.5941;-2.1651;RCP2.6;2011;12.11;1;5.59;17.81;5;
14183;48.5941;-2.1651;RCP2.6;2012;12.16;2;6.81;19.02;7;
14183;48.5941;-2.1651;RCP2.6;2013;12.36;0;5.28;13.66;1;
14183;48.5941;-2.1651;RCP2.6;2014;12.15;2;6.99;19.24;6;
14183;48.5941;-2.1651;RCP2.6;2015;12.25;2;5.34;16.09;3;
14183;48.5941;-2.1651;RCP2.6;2016;12.4;6;6.54;21.71;7;
14183;48.5941;-2.1651;RCP2.6;2017;12.83;0;6.37;16.14;3;
14183;48.5941;-2.1651;RCP2.6;2018;11.57;3;6.08;19.41;7;
14183;48.5941;-2.1651;RCP2.6;2019;11.4;2;6.96;17.4;5;
14183;48.5941;-2.1651;RCP2.6;2020;11.73;7;5.63;24.24;9;
14184;48.5981;-2.0568;RCP2.6;2006;11.2;3;5.44;18.2;4;
14184;48.5981;-2.0568;RCP2.6;2007;11.66;2;6.82;18.5;5;
14184;48.5981;-2.0568;RCP2.6;2008;11.53;2;6.81;15.4;2;
14184;48.5981;-2.0568;RCP2.6;2009;12.23;3;6.81;17.58;4;
14184;48.5981;-2.0568;RCP2.6;2010;11.83;2;7.68;18.78;5;
14184;48.5981;-2.0568;RCP2.6;2011;11.99;2;6.14;17.18;4;
14184;48.5981;-2.0568;RCP2.6;2012;12.02;5;7.62;20.52;7;
14184;48.5981;-2.0568;RCP2.6;2013;12.21;0;6.17;14.63;0;
14184;48.5981;-2.0568;RCP2.6;2014;11.96;4;7.2;19.9;6;
14184;48.5981;-2.0568;RCP2.6;2015;12.13;3;5.88;15.88;3;
14184;48.5981;-2.0568;RCP2.6;2016;12.24;7;7.09;22.04;8;
14184;48.5981;-2.0568;RCP2.6;2017;12.67;1;7.03;16.59;3;
14184;48.5981;-2.0568;RCP2.6;2018;11.42;6;6.51;22.1;7;
14184;48.5981;-2.0568;RCP2.6;2019;11.3;3;7.38;19.2;5;
14184;48.5981;-2.0568;RCP2.6;2020;11.63;7;6.66;24.98;8;
14185;48.6021;-1.9486;RCP2.6;2006;11.31;4;4.99;19.56;6;
14185;48.6021;-1.9486;RCP2.6;2007;11.73;1;6.77;18.2;5;
14185;48.6021;-1.9486;RCP2.6;2008;11.61;2;6.97;15.79;2;
14185;48.6021;-1.9486;RCP2.6;2009;12.32;2;6.61;16.95;4;
14185;48.6021;-1.9486;RCP2.6;2010;11.92;2;8.15;17.99;4;
14185;48.6021;-1.9486;RCP2.6;2011;12.09;4;6.04;18.48;4;
14185;48.6021;-1.9486;RCP2.6;2012;12.13;4;7.57;20.51;7;
14185;48.6021;-1.9486;RCP2.6;2013;12.34;1;5.61;13.4;1;
14185;48.6021;-1.9486;RCP2.6;2014;12.07;5;7.64;21.75;6;
14185;48.6021;-1.9486;RCP2.6;2015;12.25;2;5.6;16.24;2;
14185;48.6021;-1.9486;RCP2.6;2016;12.33;7;7.14;21.98;7;
14185;48.6021;-1.9486;RCP2.6;2017;12.78;2;7.16;16.24;4;
14185;48.6021;-1.9486;RCP2.6;2018;11.52;6;6.89;21.82;6;
14185;48.6021;-1.9486;RCP2.6;2019;11.39;4;7.77;20.29;6;
14185;48.6021;-1.9486;RCP2.6;2020;11.72;6;5.79;23.45;9;
14186;48.606;-1.8403;RCP2.6;2006;11.49;5;5.19;22.92;6;
14186;48.606;-1.8403;RCP2.6;2007;11.92;2;6.15;17.07;3;
14186;48.606;-1.8403;RCP2.6;2008;11.83;2;6.9;14.35;2;
14186;48.606;-1.8403;RCP2.6;2009;12.52;2;6.18;14.8;3;
14186;48.606;-1.8403;RCP2.6;2010;12.09;4;8.48;18.04;4;
14186;48.606;-1.8403;RCP2.6;2011;12.27;4;6.25;19.36;5;
14186;48.606;-1.8403;RCP2.6;2012;12.35;4;7.41;20.36;8;
14186;48.606;-1.8403;RCP2.6;2013;12.57;1;5.64;11.31;1;
14186;48.606;-1.8403;RCP2.6;2014;12.29;3;7.49;18.92;6;
14186;48.606;-1.8403;RCP2.6;2015;12.45;2;5.48;13.68;2;
14186;48.606;-1.8403;RCP2.6;2016;12.52;5;7.3;20.96;7;
14186;48.606;-1.8403;RCP2.6;2017;12.97;1;7.14;15.89;3;
14186;48.606;-1.8403;RCP2.6;2018;11.77;5;6.49;20.45;7;
14186;48.606;-1.8403;RCP2.6;2019;11.6;3;6.89;19.94;5;
14186;48.606;-1.8403;RCP2.6;2020;11.88;5;5.74;23.22;7;
14188;48.6134;-1.6237;RCP2.6;2006;11.36;4;5.83;19.76;5;
14188;48.6134;-1.6237;RCP2.6;2007;11.82;1;6.17;17.79;3;
14188;48.6134;-1.6237;RCP2.6;2008;11.68;1;6.6;14.75;3;
14188;48.6134;-1.6237;RCP2.6;2009;12.41;2;6.18;15.34;3;
14188;48.6134;-1.6237;RCP2.6;2010;12.02;2;7.53;19.35;6;
14188;48.6134;-1.6237;RCP2.6;2011;12.14;4;6.51;17.54;4;
14188;48.6134;-1.6237;RCP2.6;2012;12.28;5;7.32;20.74;6;
14188;48.6134;-1.6237;RCP2.6;2013;12.42;1;5.68;12.79;1;
14188;48.6134;-1.6237;RCP2.6;2014;12.16;2;7.18;19.39;7;
14188;48.6134;-1.6237;RCP2.6;2015;12.22;2;6.07;15.24;2;
14188;48.6134;-1.6237;RCP2.6;2016;12.41;5;7.49;20.91;5;
14188;48.6134;-1.6237;RCP2.6;2017;12.83;1;7;18.02;4;
14188;48.6134;-1.6237;RCP2.6;2018;11.64;2;6.82;17.97;4;
14188;48.6134;-1.6237;RCP2.6;2019;11.48;3;7.38;19.37;6;
14188;48.6134;-1.6237;RCP2.6;2020;11.77;4;6.14;18.73;4;
14303;48.5449;-4.6587;RCP2.6;2006;11.38;4;6.16;20.64;4;
14303;48.5449;-4.6587;RCP2.6;2007;11.79;4;6.64;19.92;4;
14303;48.5449;-4.6587;RCP2.6;2008;11.5;6;8.21;23.78;6;
14303;48.5449;-4.6587;RCP2.6;2009;12.11;2;7.49;19.09;2;
14303;48.5449;-4.6587;RCP2.6;2010;11.83;6;7.3;22.3;6;
14303;48.5449;-4.6587;RCP2.6;2011;12.01;3;6.83;17.56;3;
14303;48.5449;-4.6587;RCP2.6;2012;12.04;4;8.48;21;4;
14303;48.5449;-4.6587;RCP2.6;2013;12.24;4;6.93;20.14;4;
14303;48.5449;-4.6587;RCP2.6;2014;12.2;4;8.01;19.91;4;
14303;48.5449;-4.6587;RCP2.6;2015;12.27;4;5.68;19.1;3;
14303;48.5449;-4.6587;RCP2.6;2016;12.41;10;8.26;23.49;8;
14303;48.5449;-4.6587;RCP2.6;2017;12.71;6;7.82;23.04;6;
14303;48.5449;-4.6587;RCP2.6;2018;11.55;7;8.13;21.68;5;
14303;48.5449;-4.6587;RCP2.6;2019;11.43;4;8.33;20.07;4;
14303;48.5449;-4.6587;RCP2.6;2020;11.57;5;6.95;22.02;5;
14304;48.5512;-4.5508;RCP2.6;2006;11.4;4;6.49;19.13;4;
14304;48.5512;-4.5508;RCP2.6;2007;11.87;5;6.81;20.57;4;
14304;48.5512;-4.5508;RCP2.6;2008;11.52;9;8.2;23.04;7;
14304;48.5512;-4.5508;RCP2.6;2009;12.19;3;6.79;18.79;1;
14304;48.5512;-4.5508;RCP2.6;2010;11.9;7;7.63;21.85;6;
14304;48.5512;-4.5508;RCP2.6;2011;12.04;3;6.68;17.76;3;
14304;48.5512;-4.5508;RCP2.6;2012;12.12;5;7.94;22.82;5;
14304;48.5512;-4.5508;RCP2.6;2013;12.26;5;7.09;20.75;4;
14304;48.5512;-4.5508;RCP2.6;2014;12.21;3;7.85;19.09;3;
14304;48.5512;-4.5508;RCP2.6;2015;12.28;4;5.53;19.47;3;
14304;48.5512;-4.5508;RCP2.6;2016;12.39;9;8.31;22.42;8;
14304;48.5512;-4.5508;RCP2.6;2017;12.71;5;7.68;20.5;3;
14304;48.5512;-4.5508;RCP2.6;2018;11.55;5;8.06;20.41;3;
14304;48.5512;-4.5508;RCP2.6;2019;11.41;5;8.03;20.45;4;
14304;48.5512;-4.5508;RCP2.6;2020;11.63;5;6.85;22.7;5;
14305;48.5575;-4.4429;RCP2.6;2006;11.27;4;6.82;19.62;4;
14305;48.5575;-4.4429;RCP2.6;2007;11.8;6;7.03;20.69;4;
14305;48.5575;-4.4429;RCP2.6;2008;11.42;10;8.22;24.03;9;
14305;48.5575;-4.4429;RCP2.6;2009;12.1;2;7.73;16.9;2;
14305;48.5575;-4.4429;RCP2.6;2010;11.77;8;7.82;21.32;7;
14305;48.5575;-4.4429;RCP2.6;2011;11.94;3;7.11;17.99;3;
14305;48.5575;-4.4429;RCP2.6;2012;12.04;4;8.56;20.23;4;
14305;48.5575;-4.4429;RCP2.6;2013;12.14;4;7.29;19.14;4;
14305;48.5575;-4.4429;RCP2.6;2014;12.08;5;7.94;22.14;4;
14305;48.5575;-4.4429;RCP2.6;2015;12.14;4;5.44;20.12;4;
14305;48.5575;-4.4429;RCP2.6;2016;12.28;10;8.04;22.35;10;
14305;48.5575;-4.4429;RCP2.6;2017;12.59;4;7.88;20.19;4;
14305;48.5575;-4.4429;RCP2.6;2018;11.42;5;8.7;21.15;5;
14305;48.5575;-4.4429;RCP2.6;2019;11.28;4;8.42;20.82;4;
14305;48.5575;-4.4429;RCP2.6;2020;11.52;5;6.52;25.13;5;
14306;48.5636;-4.335;RCP2.6;2006;11.23;4;6.69;19.66;4;
14306;48.5636;-4.335;RCP2.6;2007;11.76;6;7.05;20.74;4;
14306;48.5636;-4.335;RCP2.6;2008;11.38;10;8.24;24.32;9;
14306;48.5636;-4.335;RCP2.6;2009;12.06;2;7.74;16.94;2;
14306;48.5636;-4.335;RCP2.6;2010;11.73;8;7.84;21.37;7;
14306;48.5636;-4.335;RCP2.6;2011;11.91;3;7.13;18.03;3;
14306;48.5636;-4.335;RCP2.6;2012;12;4;8.58;20.27;4;
14306;48.5636;-4.335;RCP2.6;2013;12.1;4;7.35;19.18;3;
14306;48.5636;-4.335;RCP2.6;2014;12.04;5;7.96;22.19;4;
14306;48.5636;-4.335;RCP2.6;2015;12.1;4;5.45;20.17;4;
14306;48.5636;-4.335;RCP2.6;2016;12.24;10;8.06;22.4;10;
14306;48.5636;-4.335;RCP2.6;2017;12.55;4;7.9;20.24;4;
14306;48.5636;-4.335;RCP2.6;2018;11.38;5;8.73;21.19;5;
14306;48.5636;-4.335;RCP2.6;2019;11.24;4;8.44;20.87;4;
14306;48.5636;-4.335;RCP2.6;2020;11.48;5;6.54;25.19;5;
14307;48.5697;-4.227;RCP2.6;2006;11.09;4;6.96;20.23;3;
14307;48.5697;-4.227;RCP2.6;2007;11.64;5;6.84;21.03;4;
14307;48.5697;-4.227;RCP2.6;2008;11.25;9;9.07;25.49;7;
14307;48.5697;-4.227;RCP2.6;2009;11.94;2;7.25;17.37;1;
14307;48.5697;-4.227;RCP2.6;2010;11.6;9;8.01;22.08;7;
14307;48.5697;-4.227;RCP2.6;2011;11.77;4;6.83;19.31;3;
14307;48.5697;-4.227;RCP2.6;2012;11.86;5;8.27;20.14;3;
14307;48.5697;-4.227;RCP2.6;2013;11.96;2;7.66;17.92;2;
14307;48.5697;-4.227;RCP2.6;2014;11.89;6;7.99;23.75;6;
14307;48.5697;-4.227;RCP2.6;2015;11.94;3;5.89;19.82;3;
14307;48.5697;-4.227;RCP2.6;2016;12.1;8;7.76;21.43;6;
14307;48.5697;-4.227;RCP2.6;2017;12.42;5;7.28;21.76;5;
14307;48.5697;-4.227;RCP2.6;2018;11.25;6;9.3;21.87;6;
14307;48.5697;-4.227;RCP2.6;2019;11.08;5;8.2;22.61;5;
14307;48.5697;-4.227;RCP2.6;2020;11.37;5;6.54;25.78;5;
14308;48.5756;-4.119;RCP2.6;2006;10.98;3;6.92;17.07;3;
14308;48.5756;-4.119;RCP2.6;2007;11.53;6;7.15;22.28;5;
14308;48.5756;-4.119;RCP2.6;2008;11.14;12;9.18;25.57;9;
14308;48.5756;-4.119;RCP2.6;2009;11.84;1;7.5;17.03;1;
14308;48.5756;-4.119;RCP2.6;2010;11.48;7;8.37;22.23;6;
14308;48.5756;-4.119;RCP2.6;2011;11.7;4;7.08;19.82;4;
14308;48.5756;-4.119;RCP2.6;2012;11.76;5;7.9;20.55;3;
14308;48.5756;-4.119;RCP2.6;2013;11.83;4;8.04;19.12;3;
14308;48.5756;-4.119;RCP2.6;2014;11.77;7;8.39;23.53;5;
14308;48.5756;-4.119;RCP2.6;2015;11.83;4;6.04;19.32;3;
14308;48.5756;-4.119;RCP2.6;2016;12;5;8.2;20.77;3;
14308;48.5756;-4.119;RCP2.6;2017;12.29;4;6.84;20.03;4;
14308;48.5756;-4.119;RCP2.6;2018;11.12;6;10.1;22.87;5;
14308;48.5756;-4.119;RCP2.6;2019;10.97;6;8.74;24.61;5;
14308;48.5756;-4.119;RCP2.6;2020;11.26;5;7.62;23.4;5;
14309;48.5815;-4.011;RCP2.6;2006;11.04;3;6.89;17;3;
14309;48.5815;-4.011;RCP2.6;2007;11.6;6;7.12;22.21;5;
14309;48.5815;-4.011;RCP2.6;2008;11.2;12;9.15;24.98;9;
14309;48.5815;-4.011;RCP2.6;2009;11.9;1;7.48;16.97;1;
14309;48.5815;-4.011;RCP2.6;2010;11.54;7;8.35;22.14;6;
14309;48.5815;-4.011;RCP2.6;2011;11.75;4;7.05;19.75;4;
14309;48.5815;-4.011;RCP2.6;2012;11.82;5;7.88;20.47;3;
14309;48.5815;-4.011;RCP2.6;2013;11.89;4;8.01;19.05;3;
14309;48.5815;-4.011;RCP2.6;2014;11.83;7;8.39;23.45;5;
14309;48.5815;-4.011;RCP2.6;2015;11.89;4;6.02;19.25;3;
14309;48.5815;-4.011;RCP2.6;2016;12.07;5;8.17;20.7;2;
14309;48.5815;-4.011;RCP2.6;2017;12.35;4;6.82;19.96;4;
14309;48.5815;-4.011;RCP2.6;2018;11.18;6;10.06;22.78;5;
14309;48.5815;-4.011;RCP2.6;2019;11.04;6;8.71;24.51;5;
14309;48.5815;-4.011;RCP2.6;2020;11.32;5;7.62;23.32;5;
14310;48.5872;-3.9029;RCP2.6;2006;11.15;3;7.49;16.63;3;
14310;48.5872;-3.9029;RCP2.6;2007;11.71;7;7.5;23.88;6;
14310;48.5872;-3.9029;RCP2.6;2008;11.33;9;9.2;26.03;8;
14310;48.5872;-3.9029;RCP2.6;2009;12.03;1;7.29;16.68;1;
14310;48.5872;-3.9029;RCP2.6;2010;11.67;8;8.41;22.57;7;
14310;48.5872;-3.9029;RCP2.6;2011;11.89;5;6.84;21.12;4;
14310;48.5872;-3.9029;RCP2.6;2012;11.91;4;8.14;19.12;3;
14310;48.5872;-3.9029;RCP2.6;2013;11.98;3;8.39;18.78;3;
14310;48.5872;-3.9029;RCP2.6;2014;11.92;5;8.01;23.64;5;
14310;48.5872;-3.9029;RCP2.6;2015;11.99;3;5.69;19.26;3;
14310;48.5872;-3.9029;RCP2.6;2016;12.19;4;7.96;19.88;3;
14310;48.5872;-3.9029;RCP2.6;2017;12.45;4;7.01;19.35;3;
14310;48.5872;-3.9029;RCP2.6;2018;11.26;5;10.14;23.74;5;
14310;48.5872;-3.9029;RCP2.6;2019;11.16;6;9.22;24.15;6;
14310;48.5872;-3.9029;RCP2.6;2020;11.43;4;6.51;20.26;4;
14311;48.5929;-3.7949;RCP2.6;2006;11.12;3;7.81;18.46;3;
14311;48.5929;-3.7949;RCP2.6;2007;11.74;11;8.17;26.7;6;
14311;48.5929;-3.7949;RCP2.6;2008;11.3;12;10.8;29.76;9;
14311;48.5929;-3.7949;RCP2.6;2009;12.07;4;8.54;19.91;1;
14311;48.5929;-3.7949;RCP2.6;2010;11.66;10;9.99;25.61;8;
14311;48.5929;-3.7949;RCP2.6;2011;11.9;7;7.95;23.45;5;
14311;48.5929;-3.7949;RCP2.6;2012;11.94;6;9.16;20.72;3;
14311;48.5929;-3.7949;RCP2.6;2013;12.02;5;9.77;21.23;3;
14311;48.5929;-3.7949;RCP2.6;2014;11.96;6;9.41;26.55;5;
14311;48.5929;-3.7949;RCP2.6;2015;12.03;5;6.6;21.19;3;
14311;48.5929;-3.7949;RCP2.6;2016;12.25;9;9.39;22.15;3;
14311;48.5929;-3.7949;RCP2.6;2017;12.5;6;8.16;22.01;3;
14311;48.5929;-3.7949;RCP2.6;2018;11.26;8;12.1;25.85;5;
14311;48.5929;-3.7949;RCP2.6;2019;11.13;6;10.64;28.39;6;
14311;48.5929;-3.7949;RCP2.6;2020;11.42;5;8.19;23.93;4;
14312;48.5984;-3.6868;RCP2.6;2006;10.9;4;7.63;19.94;2;
14312;48.5984;-3.6868;RCP2.6;2007;11.49;13;8.75;26.98;6;
14312;48.5984;-3.6868;RCP2.6;2008;11.07;12;10.5;29.86;5;
14312;48.5984;-3.6868;RCP2.6;2009;11.82;5;9.14;20.54;1;
14312;48.5984;-3.6868;RCP2.6;2010;11.47;9;10.14;27.17;6;
14312;48.5984;-3.6868;RCP2.6;2011;11.7;9;8.13;23.84;6;
14312;48.5984;-3.6868;RCP2.6;2012;11.71;8;9.51;22.97;3;
14312;48.5984;-3.6868;RCP2.6;2013;11.8;6;10.13;20.7;2;
14312;48.5984;-3.6868;RCP2.6;2014;11.73;6;10.05;23.75;4;
14312;48.5984;-3.6868;RCP2.6;2015;11.8;4;7.08;19.96;3;
14312;48.5984;-3.6868;RCP2.6;2016;12.05;8;10.11;21.41;3;
14312;48.5984;-3.6868;RCP2.6;2017;12.28;7;7.83;23.23;4;
14312;48.5984;-3.6868;RCP2.6;2018;11;8;12.09;28.25;6;
14312;48.5984;-3.6868;RCP2.6;2019;10.91;7;11.14;28.82;6;
14312;48.5984;-3.6868;RCP2.6;2020;11.24;6;7.99;22.98;4;
14313;48.6039;-3.5786;RCP2.6;2006;10.63;3;7.21;17.85;2;
14313;48.6039;-3.5786;RCP2.6;2007;11.2;7;7.25;23.8;6;
14313;48.6039;-3.5786;RCP2.6;2008;10.84;5;8.07;26.04;5;
14313;48.6039;-3.5786;RCP2.6;2009;11.65;3;8.45;18.28;2;
14313;48.6039;-3.5786;RCP2.6;2010;11.18;5;8.67;22.51;4;
14313;48.6039;-3.5786;RCP2.6;2011;11.46;7;6.97;20.8;3;
14313;48.6039;-3.5786;RCP2.6;2012;11.51;7;8.15;21.92;5;
14313;48.6039;-3.5786;RCP2.6;2013;11.63;5;8.62;21.1;4;
14313;48.6039;-3.5786;RCP2.6;2014;11.49;3;8.68;19.29;2;
14313;48.6039;-3.5786;RCP2.6;2015;11.56;3;6.05;17.57;3;
14313;48.6039;-3.5786;RCP2.6;2016;11.87;5;9.41;24.23;5;
14313;48.6039;-3.5786;RCP2.6;2017;12.09;5;6.68;22.18;5;
14313;48.6039;-3.5786;RCP2.6;2018;10.69;6;10.33;24.43;5;
14313;48.6039;-3.5786;RCP2.6;2019;10.6;7;9;23.76;5;
14313;48.6039;-3.5786;RCP2.6;2020;11.03;5;6.81;22.53;4;
14314;48.6093;-3.4705;RCP2.6;2006;10.64;3;7.21;17.84;2;
14314;48.6093;-3.4705;RCP2.6;2007;11.21;7;7.25;23.79;6;
14314;48.6093;-3.4705;RCP2.6;2008;10.85;5;8.06;26.03;5;
14314;48.6093;-3.4705;RCP2.6;2009;11.66;3;8.44;18.27;2;
14314;48.6093;-3.4705;RCP2.6;2010;11.19;5;8.67;22.5;4;
14314;48.6093;-3.4705;RCP2.6;2011;11.47;7;6.96;20.79;3;
14314;48.6093;-3.4705;RCP2.6;2012;11.52;7;8.15;21.91;5;
14314;48.6093;-3.4705;RCP2.6;2013;11.64;5;8.61;21.09;4;
14314;48.6093;-3.4705;RCP2.6;2014;11.49;3;8.67;19.28;2;
14314;48.6093;-3.4705;RCP2.6;2015;11.57;3;6.05;17.56;3;
14314;48.6093;-3.4705;RCP2.6;2016;11.88;5;9.41;24.23;5;
14314;48.6093;-3.4705;RCP2.6;2017;12.1;5;6.67;22.17;5;
14314;48.6093;-3.4705;RCP2.6;2018;10.7;6;10.32;24.42;5;
14314;48.6093;-3.4705;RCP2.6;2019;10.61;6;9;23.75;5;
14314;48.6093;-3.4705;RCP2.6;2020;11.04;5;6.8;22.52;4;
14315;48.6145;-3.3624;RCP2.6;2006;10.67;4;6.64;18.32;2;
14315;48.6145;-3.3624;RCP2.6;2007;11.21;5;7.44;21.46;4;
14315;48.6145;-3.3624;RCP2.6;2008;10.9;6;8.06;23.78;5;
14315;48.6145;-3.3624;RCP2.6;2009;11.69;4;8.43;20.27;4;
14315;48.6145;-3.3624;RCP2.6;2010;11.23;5;8.85;24.24;5;
14315;48.6145;-3.3624;RCP2.6;2011;11.51;4;7.44;19.24;3;
14315;48.6145;-3.3624;RCP2.6;2012;11.52;5;7.89;22.39;5;
14315;48.6145;-3.3624;RCP2.6;2013;11.64;6;8.64;22.82;5;
14315;48.6145;-3.3624;RCP2.6;2014;11.49;2;9.02;18.4;1;
14315;48.6145;-3.3624;RCP2.6;2015;11.57;4;6.43;17.94;3;
14315;48.6145;-3.3624;RCP2.6;2016;11.88;6;9.28;25.13;6;
14315;48.6145;-3.3624;RCP2.6;2017;12.1;4;7.31;19.97;4;
14315;48.6145;-3.3624;RCP2.6;2018;10.73;8;9.82;24.86;7;
14315;48.6145;-3.3624;RCP2.6;2019;10.61;6;9.98;23.53;6;
14315;48.6145;-3.3624;RCP2.6;2020;11.02;5;6.31;22.33;4;
14316;48.6197;-3.2542;RCP2.6;2006;10.68;4;6.31;18.77;2;
14316;48.6197;-3.2542;RCP2.6;2007;11.22;5;7.17;22.05;5;
14316;48.6197;-3.2542;RCP2.6;2008;10.96;6;7.93;20.82;4;
14316;48.6197;-3.2542;RCP2.6;2009;11.77;4;8.21;20.9;4;
14316;48.6197;-3.2542;RCP2.6;2010;11.3;6;8.17;25.56;6;
14316;48.6197;-3.2542;RCP2.6;2011;11.52;3;7.09;18.44;2;
14316;48.6197;-3.2542;RCP2.6;2012;11.56;4;8.18;19.97;4;
14316;48.6197;-3.2542;RCP2.6;2013;11.71;3;9.16;19.5;3;
14316;48.6197;-3.2542;RCP2.6;2014;11.56;3;8.64;18.39;3;
14316;48.6197;-3.2542;RCP2.6;2015;11.59;3;6.6;17.81;2;
14316;48.6197;-3.2542;RCP2.6;2016;11.88;6;10.01;21.88;5;
14316;48.6197;-3.2542;RCP2.6;2017;12.13;4;7.6;17.47;3;
14316;48.6197;-3.2542;RCP2.6;2018;10.83;10;9.54;23.99;7;
14316;48.6197;-3.2542;RCP2.6;2019;10.68;6;9.69;26.68;6;
14316;48.6197;-3.2542;RCP2.6;2020;11.01;5;6.82;22.09;5;
14317;48.6247;-3.146;RCP2.6;2006;10.81;3;6.28;17.35;2;
14317;48.6247;-3.146;RCP2.6;2007;11.38;4;7.59;19.77;4;
14317;48.6247;-3.146;RCP2.6;2008;11.12;5;8.76;20.77;4;
14317;48.6247;-3.146;RCP2.6;2009;11.91;4;8.08;20.01;3;
14317;48.6247;-3.146;RCP2.6;2010;11.48;5;8.69;24.79;5;
14317;48.6247;-3.146;RCP2.6;2011;11.67;2;7.15;17.77;2;
14317;48.6247;-3.146;RCP2.6;2012;11.72;5;7.99;20.81;4;
14317;48.6247;-3.146;RCP2.6;2013;11.83;4;8.72;19.53;3;
14317;48.6247;-3.146;RCP2.6;2014;11.69;3;8.54;18.69;3;
14317;48.6247;-3.146;RCP2.6;2015;11.71;3;6.74;16.57;2;
14317;48.6247;-3.146;RCP2.6;2016;12.07;6;8.6;23.74;6;
14317;48.6247;-3.146;RCP2.6;2017;12.29;4;6.86;18.26;4;
14317;48.6247;-3.146;RCP2.6;2018;11;7;9.85;24.65;7;
14317;48.6247;-3.146;RCP2.6;2019;10.82;6;9.91;22.11;4;
14317;48.6247;-3.146;RCP2.6;2020;11.21;5;6.88;24.55;5;
14318;48.6297;-3.0377;RCP2.6;2006;10.93;3;5.93;17.43;1;
14318;48.6297;-3.0377;RCP2.6;2007;11.48;4;7.47;20.39;4;
14318;48.6297;-3.0377;RCP2.6;2008;11.28;3;8.47;18.59;3;
14318;48.6297;-3.0377;RCP2.6;2009;12.08;5;7.89;23.13;5;
14318;48.6297;-3.0377;RCP2.6;2010;11.59;6;8.54;25.88;6;
14318;48.6297;-3.0377;RCP2.6;2011;11.83;3;7.13;18.89;3;
14318;48.6297;-3.0377;RCP2.6;2012;11.83;4;7.83;19.67;4;
14318;48.6297;-3.0377;RCP2.6;2013;11.98;2;9.28;18.33;1;
14318;48.6297;-3.0377;RCP2.6;2014;11.84;3;8.13;18.69;2;
14318;48.6297;-3.0377;RCP2.6;2015;11.87;2;6.39;17.1;2;
14318;48.6297;-3.0377;RCP2.6;2016;12.19;6;8.3;24.22;6;
14318;48.6297;-3.0377;RCP2.6;2017;12.39;3;6.98;15.5;3;
14318;48.6297;-3.0377;RCP2.6;2018;11.19;8;9.68;24.74;7;
14318;48.6297;-3.0377;RCP2.6;2019;10.95;6;9.48;22.18;5;
14318;48.6297;-3.0377;RCP2.6;2020;11.34;6;7.53;25.28;6;
14319;48.6346;-2.9295;RCP2.6;2006;10.96;2;5.06;17.87;3;
14319;48.6346;-2.9295;RCP2.6;2007;11.44;4;6.88;18.69;4;
14319;48.6346;-2.9295;RCP2.6;2008;11.32;1;6.89;17.29;3;
14319;48.6346;-2.9295;RCP2.6;2009;12.04;4;6.29;18.49;4;
14319;48.6346;-2.9295;RCP2.6;2010;11.62;5;6.89;21.11;6;
14319;48.6346;-2.9295;RCP2.6;2011;11.81;3;6.38;16.69;4;
14319;48.6346;-2.9295;RCP2.6;2012;11.82;4;6.31;18.9;4;
14319;48.6346;-2.9295;RCP2.6;2013;11.94;2;7.16;17.24;2;
14319;48.6346;-2.9295;RCP2.6;2014;11.82;2;6.94;16.57;3;
14319;48.6346;-2.9295;RCP2.6;2015;11.82;1;5.52;14.57;2;
14319;48.6346;-2.9295;RCP2.6;2016;12.14;6;7.1;25.96;6;
14319;48.6346;-2.9295;RCP2.6;2017;12.34;1;5.88;13.6;1;
14319;48.6346;-2.9295;RCP2.6;2018;11.17;5;8.55;20.84;7;
14319;48.6346;-2.9295;RCP2.6;2019;10.98;4;7.88;18.57;4;
14319;48.6346;-2.9295;RCP2.6;2020;11.34;6;6.95;23.63;7;
14328;48.6739;-1.9545;RCP2.6;2006;11.38;4;5;19.48;6;
14328;48.6739;-1.9545;RCP2.6;2007;11.8;1;6.74;18.12;5;
14328;48.6739;-1.9545;RCP2.6;2008;11.68;2;6.94;15.73;2;
14328;48.6739;-1.9545;RCP2.6;2009;12.39;2;6.58;16.87;4;
14328;48.6739;-1.9545;RCP2.6;2010;11.99;1;8.1;17.91;4;
14328;48.6739;-1.9545;RCP2.6;2011;12.16;4;6.01;18.4;4;
14328;48.6739;-1.9545;RCP2.6;2012;12.21;4;7.53;20.42;7;
14328;48.6739;-1.9545;RCP2.6;2013;12.42;1;5.58;13.44;1;
14328;48.6739;-1.9545;RCP2.6;2014;12.15;5;7.57;21.65;6;
14328;48.6739;-1.9545;RCP2.6;2015;12.32;2;5.57;16.17;2;
14328;48.6739;-1.9545;RCP2.6;2016;12.4;7;7.09;21.89;7;
14328;48.6739;-1.9545;RCP2.6;2017;12.85;2;7.12;16.17;4;
14328;48.6739;-1.9545;RCP2.6;2018;11.6;6;6.86;21.72;6;
14328;48.6739;-1.9545;RCP2.6;2019;11.47;4;7.73;20.2;6;
14328;48.6739;-1.9545;RCP2.6;2020;11.79;5;5.76;23.37;9;
14329;48.6778;-1.846;RCP2.6;2006;11.4;5;5.22;23.05;6;
14329;48.6778;-1.846;RCP2.6;2007;11.83;2;6.19;17.16;3;
14329;48.6778;-1.846;RCP2.6;2008;11.73;2;6.96;14.43;2;
14329;48.6778;-1.846;RCP2.6;2009;12.43;2;6.21;14.89;3;
14329;48.6778;-1.846;RCP2.6;2010;12;4;8.53;18.15;4;
14329;48.6778;-1.846;RCP2.6;2011;12.18;4;6.28;19.47;5;
14329;48.6778;-1.846;RCP2.6;2012;12.26;4;7.45;20.47;8;
14329;48.6778;-1.846;RCP2.6;2013;12.48;1;5.69;11.37;1;
14329;48.6778;-1.846;RCP2.6;2014;12.19;3;7.54;19.04;6;
14329;48.6778;-1.846;RCP2.6;2015;12.36;2;5.51;13.76;2;
14329;48.6778;-1.846;RCP2.6;2016;12.43;5;7.3;21.09;7;
14329;48.6778;-1.846;RCP2.6;2017;12.88;2;7.18;15.98;3;
14329;48.6778;-1.846;RCP2.6;2018;11.68;5;6.53;20.57;7;
14329;48.6778;-1.846;RCP2.6;2019;11.51;5;6.93;20.06;5;
14329;48.6778;-1.846;RCP2.6;2020;11.79;5;5.77;23.3;7;
14447;48.6229;-4.5603;RCP2.6;2006;11.61;4;6.41;18.89;4;
14447;48.6229;-4.5603;RCP2.6;2007;12.07;4;6.64;19.94;4;
14447;48.6229;-4.5603;RCP2.6;2008;11.73;9;8.16;22.67;7;
14447;48.6229;-4.5603;RCP2.6;2009;12.4;2;6.72;18.52;1;
14447;48.6229;-4.5603;RCP2.6;2010;12.1;7;7.51;21.58;6;
14447;48.6229;-4.5603;RCP2.6;2011;12.25;3;6.59;17.54;3;
14447;48.6229;-4.5603;RCP2.6;2012;12.33;5;7.91;22.59;5;
14447;48.6229;-4.5603;RCP2.6;2013;12.47;5;7.01;20.46;4;
14447;48.6229;-4.5603;RCP2.6;2014;12.42;3;7.81;18.85;3;
14447;48.6229;-4.5603;RCP2.6;2015;12.49;3;5.47;19.23;3;
14447;48.6229;-4.5603;RCP2.6;2016;12.61;9;8.21;22.14;8;
14447;48.6229;-4.5603;RCP2.6;2017;12.92;5;7.57;20.24;3;
14447;48.6229;-4.5603;RCP2.6;2018;11.76;5;7.96;20.2;3;
14447;48.6229;-4.5603;RCP2.6;2019;11.62;4;7.98;20.2;4;
14447;48.6229;-4.5603;RCP2.6;2020;11.84;5;6.77;22.42;5;
14448;48.6291;-4.4522;RCP2.6;2006;11.47;4;6.67;19.4;4;
14448;48.6291;-4.4522;RCP2.6;2007;11.99;5;6.95;20.49;4;
14448;48.6291;-4.4522;RCP2.6;2008;11.63;10;8.12;23.78;9;
14448;48.6291;-4.4522;RCP2.6;2009;12.3;2;7.64;16.7;2;
14448;48.6291;-4.4522;RCP2.6;2010;11.97;8;7.72;21.07;7;
14448;48.6291;-4.4522;RCP2.6;2011;12.14;3;7.03;17.77;3;
14448;48.6291;-4.4522;RCP2.6;2012;12.23;4;8.46;20.02;4;
14448;48.6291;-4.4522;RCP2.6;2013;12.34;4;7.2;18.91;4;
14448;48.6291;-4.4522;RCP2.6;2014;12.28;5;7.86;21.85;4;
14448;48.6291;-4.4522;RCP2.6;2015;12.35;4;5.34;19.88;4;
14448;48.6291;-4.4522;RCP2.6;2016;12.48;10;7.94;22.07;10;
14448;48.6291;-4.4522;RCP2.6;2017;12.78;4;7.78;19.96;4;
14448;48.6291;-4.4522;RCP2.6;2018;11.61;5;8.56;20.94;5;
14448;48.6291;-4.4522;RCP2.6;2019;11.47;4;8.32;20.63;4;
14448;48.6291;-4.4522;RCP2.6;2020;11.73;5;6.45;24.84;5;
14449;48.6353;-4.3442;RCP2.6;2006;11.54;4;6.65;19.33;4;
14449;48.6353;-4.3442;RCP2.6;2007;12.05;5;6.92;20.37;4;
14449;48.6353;-4.3442;RCP2.6;2008;11.68;10;8.14;23.71;9;
14449;48.6353;-4.3442;RCP2.6;2009;12.36;2;7.61;16.64;2;
14449;48.6353;-4.3442;RCP2.6;2010;12.02;7;7.69;21;7;
14449;48.6353;-4.3442;RCP2.6;2011;12.2;3;7;17.7;3;
14449;48.6353;-4.3442;RCP2.6;2012;12.29;4;8.44;19.96;4;
14449;48.6353;-4.3442;RCP2.6;2013;12.4;4;7.18;18.85;3;
14449;48.6353;-4.3442;RCP2.6;2014;12.33;5;7.83;21.77;4;
14449;48.6353;-4.3442;RCP2.6;2015;12.4;4;5.32;19.81;4;
14449;48.6353;-4.3442;RCP2.6;2016;12.54;10;7.92;22;10;
14449;48.6353;-4.3442;RCP2.6;2017;12.84;4;7.76;19.89;4;
14449;48.6353;-4.3442;RCP2.6;2018;11.67;5;8.53;20.88;5;
14449;48.6353;-4.3442;RCP2.6;2019;11.53;4;8.3;20.49;4;
14449;48.6353;-4.3442;RCP2.6;2020;11.78;5;6.43;24.76;5;
14450;48.6413;-4.236;RCP2.6;2006;11.46;4;6.82;19.79;3;
14450;48.6413;-4.236;RCP2.6;2007;12;4;6.7;20.64;4;
14450;48.6413;-4.236;RCP2.6;2008;11.63;9;8.89;24.92;7;
14450;48.6413;-4.236;RCP2.6;2009;12.31;2;6.93;17.01;1;
14450;48.6413;-4.236;RCP2.6;2010;11.97;8;7.84;21.59;7;
14450;48.6413;-4.236;RCP2.6;2011;12.15;4;6.69;18.92;3;
14450;48.6413;-4.236;RCP2.6;2012;12.23;3;8.02;19.7;3;
14450;48.6413;-4.236;RCP2.6;2013;12.33;2;7.23;17.55;2;
14450;48.6413;-4.236;RCP2.6;2014;12.26;6;7.87;23.34;6;
14450;48.6413;-4.236;RCP2.6;2015;12.32;3;5.76;19.39;3;
14450;48.6413;-4.236;RCP2.6;2016;12.47;8;7.59;20.97;6;
14450;48.6413;-4.236;RCP2.6;2017;12.79;5;7.18;21.27;5;
14450;48.6413;-4.236;RCP2.6;2018;11.62;6;9.09;21.38;6;
14450;48.6413;-4.236;RCP2.6;2019;11.45;5;8.16;22.3;5;
14450;48.6413;-4.236;RCP2.6;2020;11.75;5;6.51;25.22;5;
14451;48.6473;-4.1279;RCP2.6;2006;11.32;3;6.77;16.73;3;
14451;48.6473;-4.1279;RCP2.6;2007;11.86;6;7;21.91;5;
14451;48.6473;-4.1279;RCP2.6;2008;11.48;11;9.09;24.55;9;
14451;48.6473;-4.1279;RCP2.6;2009;12.18;1;7.36;16.84;1;
14451;48.6473;-4.1279;RCP2.6;2010;11.82;7;8.35;21.78;6;
14451;48.6473;-4.1279;RCP2.6;2011;12.03;4;6.73;19.4;4;
14451;48.6473;-4.1279;RCP2.6;2012;12.09;5;7.77;20.12;3;
14451;48.6473;-4.1279;RCP2.6;2013;12.16;4;7.88;18.75;3;
14451;48.6473;-4.1279;RCP2.6;2014;12.12;7;8.23;23.33;5;
14451;48.6473;-4.1279;RCP2.6;2015;12.17;4;5.94;18.93;3;
14451;48.6473;-4.1279;RCP2.6;2016;12.35;5;8.03;20.37;2;
14451;48.6473;-4.1279;RCP2.6;2017;12.62;4;6.66;19.65;4;
14451;48.6473;-4.1279;RCP2.6;2018;11.46;6;9.89;22.41;5;
14451;48.6473;-4.1279;RCP2.6;2019;11.31;6;8.57;24.1;5;
14451;48.6473;-4.1279;RCP2.6;2020;11.61;5;7.49;22.93;5;
14452;48.6532;-4.0197;RCP2.6;2006;11.37;3;6.76;16.68;3;
14452;48.6532;-4.0197;RCP2.6;2007;11.91;6;6.98;21.86;5;
14452;48.6532;-4.0197;RCP2.6;2008;11.53;11;9.06;24.48;9;
14452;48.6532;-4.0197;RCP2.6;2009;12.23;1;7.34;16.79;1;
14452;48.6532;-4.0197;RCP2.6;2010;11.87;7;8.35;21.72;6;
14452;48.6532;-4.0197;RCP2.6;2011;12.08;4;6.71;19.33;4;
14452;48.6532;-4.0197;RCP2.6;2012;12.14;5;7.76;20.06;3;
14452;48.6532;-4.0197;RCP2.6;2013;12.21;4;7.86;18.69;3;
14452;48.6532;-4.0197;RCP2.6;2014;12.16;7;8.21;23.09;5;
14452;48.6532;-4.0197;RCP2.6;2015;12.22;4;5.91;18.88;3;
14452;48.6532;-4.0197;RCP2.6;2016;12.4;5;8.01;20.32;2;
14452;48.6532;-4.0197;RCP2.6;2017;12.67;4;6.65;19.6;4;
14452;48.6532;-4.0197;RCP2.6;2018;11.51;6;10.12;22.34;5;
14452;48.6532;-4.0197;RCP2.6;2019;11.35;6;8.54;24.03;5;
14452;48.6532;-4.0197;RCP2.6;2020;11.66;5;7.47;22.87;5;
14453;48.6589;-3.9115;RCP2.6;2006;11.46;3;7.3;16.34;3;
14453;48.6589;-3.9115;RCP2.6;2007;12;7;7.36;23.45;6;
14453;48.6589;-3.9115;RCP2.6;2008;11.63;9;9.04;25.63;8;
14453;48.6589;-3.9115;RCP2.6;2009;12.33;1;7.16;16.46;1;
14453;48.6589;-3.9115;RCP2.6;2010;11.97;7;8.3;22.24;7;
14453;48.6589;-3.9115;RCP2.6;2011;12.19;5;6.78;20.75;4;
14453;48.6589;-3.9115;RCP2.6;2012;12.2;4;7.98;18.68;3;
14453;48.6589;-3.9115;RCP2.6;2013;12.28;3;8.34;18.46;3;
14453;48.6589;-3.9115;RCP2.6;2014;12.23;5;7.87;23.29;5;
14453;48.6589;-3.9115;RCP2.6;2015;12.29;3;5.66;18.93;3;
14453;48.6589;-3.9115;RCP2.6;2016;12.5;3;7.83;19.53;3;
14453;48.6589;-3.9115;RCP2.6;2017;12.74;3;6.82;19.01;3;
14453;48.6589;-3.9115;RCP2.6;2018;11.57;5;9.95;23.31;5;
14453;48.6589;-3.9115;RCP2.6;2019;11.45;6;9.07;23.7;6;
14453;48.6589;-3.9115;RCP2.6;2020;11.75;4;6.5;19.91;4;
14454;48.6646;-3.8033;RCP2.6;2006;11.13;3;7.45;16.66;3;
14454;48.6646;-3.8033;RCP2.6;2007;11.68;7;7.51;23.91;6;
14454;48.6646;-3.8033;RCP2.6;2008;11.31;9;9.21;26.06;8;
14454;48.6646;-3.8033;RCP2.6;2009;12;1;7.3;16.7;1;
14454;48.6646;-3.8033;RCP2.6;2010;11.65;8;8.43;22.6;7;
14454;48.6646;-3.8033;RCP2.6;2011;11.86;5;6.85;21.14;4;
14454;48.6646;-3.8033;RCP2.6;2012;11.88;4;8.15;19.15;3;
14454;48.6646;-3.8033;RCP2.6;2013;11.96;3;8.4;18.81;3;
14454;48.6646;-3.8033;RCP2.6;2014;11.9;5;8.02;23.67;5;
14454;48.6646;-3.8033;RCP2.6;2015;11.96;3;5.7;19.29;3;
14454;48.6646;-3.8033;RCP2.6;2016;12.17;4;7.97;19.91;3;
14454;48.6646;-3.8033;RCP2.6;2017;12.42;4;7.03;19.38;3;
14454;48.6646;-3.8033;RCP2.6;2018;11.24;6;10.15;23.77;5;
14454;48.6646;-3.8033;RCP2.6;2019;11.13;6;9.24;24.18;6;
14454;48.6646;-3.8033;RCP2.6;2020;11.41;4;6.52;20.29;4;
14455;48.6701;-3.6951;RCP2.6;2006;11.15;2;6.93;18.04;2;
14455;48.6701;-3.6951;RCP2.6;2007;11.66;7;7.88;23.72;6;
14455;48.6701;-3.6951;RCP2.6;2008;11.32;6;8.77;25.52;5;
14455;48.6701;-3.6951;RCP2.6;2009;12;1;8.12;16.83;1;
14455;48.6701;-3.6951;RCP2.6;2010;11.68;6;8.39;23.68;6;
14455;48.6701;-3.6951;RCP2.6;2011;11.9;7;6.79;21.28;5;
14455;48.6701;-3.6951;RCP2.6;2012;11.89;5;8.04;20.61;3;
14455;48.6701;-3.6951;RCP2.6;2013;11.99;3;8.62;18.19;3;
14455;48.6701;-3.6951;RCP2.6;2014;11.91;4;8.51;20.59;4;
14455;48.6701;-3.6951;RCP2.6;2015;11.97;3;5.78;17.9;3;
14455;48.6701;-3.6951;RCP2.6;2016;12.2;4;8.27;19.51;3;
14455;48.6701;-3.6951;RCP2.6;2017;12.43;6;6.83;20.87;4;
14455;48.6701;-3.6951;RCP2.6;2018;11.22;6;10.23;24.6;6;
14455;48.6701;-3.6951;RCP2.6;2019;11.16;6;9.75;24.1;5;
14455;48.6701;-3.6951;RCP2.6;2020;11.48;5;6.42;21.66;4;
14457;48.681;-3.4785;RCP2.6;2006;10.89;2;6.88;17.78;2;
14457;48.681;-3.4785;RCP2.6;2007;11.38;6;6.93;21.16;6;
14457;48.681;-3.4785;RCP2.6;2008;11.08;5;7.33;24.46;6;
14457;48.681;-3.4785;RCP2.6;2009;11.81;3;7.84;18.64;3;
14457;48.681;-3.4785;RCP2.6;2010;11.41;4;7.98;20.31;4;
14457;48.681;-3.4785;RCP2.6;2011;11.66;2;6.73;19.73;6;
14457;48.681;-3.4785;RCP2.6;2012;11.7;2;7.32;19.53;4;
14457;48.681;-3.4785;RCP2.6;2013;11.8;3;7.84;18.59;3;
14457;48.681;-3.4785;RCP2.6;2014;11.67;2;7.81;17.59;2;
14457;48.681;-3.4785;RCP2.6;2015;11.71;2;5.55;17.04;2;
14457;48.681;-3.4785;RCP2.6;2016;12.02;5;8.8;20.23;5;
14457;48.681;-3.4785;RCP2.6;2017;12.25;4;6.09;20.16;5;
14457;48.681;-3.4785;RCP2.6;2018;10.91;6;9.19;21.94;7;
14457;48.681;-3.4785;RCP2.6;2019;10.84;4;8.45;19.87;5;
14457;48.681;-3.4785;RCP2.6;2020;11.25;5;6.38;21.05;6;
14458;48.6862;-3.3702;RCP2.6;2006;10.97;3;6.37;18.86;3;
14458;48.6862;-3.3702;RCP2.6;2007;11.43;5;6.74;20.11;5;
14458;48.6862;-3.3702;RCP2.6;2008;11.18;6;7.44;21.48;7;
14458;48.6862;-3.3702;RCP2.6;2009;11.89;4;8.38;19.86;4;
14458;48.6862;-3.3702;RCP2.6;2010;11.5;4;7.95;20.58;4;
14458;48.6862;-3.3702;RCP2.6;2011;11.74;3;6.86;19;3;
14458;48.6862;-3.3702;RCP2.6;2012;11.75;3;7.18;18.66;3;
14458;48.6862;-3.3702;RCP2.6;2013;11.86;3;7.48;18.71;3;
14458;48.6862;-3.3702;RCP2.6;2014;11.71;2;8.27;16.19;3;
14458;48.6862;-3.3702;RCP2.6;2015;11.77;2;6.06;16.87;3;
14458;48.6862;-3.3702;RCP2.6;2016;12.07;6;8.64;21.44;6;
14458;48.6862;-3.3702;RCP2.6;2017;12.29;4;6.86;18.53;4;
14458;48.6862;-3.3702;RCP2.6;2018;11;6;9;22.52;6;
14458;48.6862;-3.3702;RCP2.6;2019;10.89;4;8.9;19.87;5;
14458;48.6862;-3.3702;RCP2.6;2020;11.28;5;6.22;21.73;5;
14459;48.6914;-3.2619;RCP2.6;2006;10.97;2;6.07;18.75;2;
14459;48.6914;-3.2619;RCP2.6;2007;11.44;2;6.39;19.51;4;
14459;48.6914;-3.2619;RCP2.6;2008;11.23;4;7.4;20.33;4;
14459;48.6914;-3.2619;RCP2.6;2009;11.97;4;8.21;20.6;4;
14459;48.6914;-3.2619;RCP2.6;2010;11.56;6;7.89;22.01;6;
14459;48.6914;-3.2619;RCP2.6;2011;11.75;3;6.5;19.59;4;
14459;48.6914;-3.2619;RCP2.6;2012;11.79;4;7.35;18.19;4;
14459;48.6914;-3.2619;RCP2.6;2013;11.93;3;8.14;18.12;3;
14459;48.6914;-3.2619;RCP2.6;2014;11.77;3;8.54;18.68;4;
14459;48.6914;-3.2619;RCP2.6;2015;11.79;2;5.97;16.58;3;
14459;48.6914;-3.2619;RCP2.6;2016;12.07;4;8.9;19.88;5;
14459;48.6914;-3.2619;RCP2.6;2017;12.32;3;6.92;16.96;3;
14459;48.6914;-3.2619;RCP2.6;2018;11.09;7;9.11;22;8;
14459;48.6914;-3.2619;RCP2.6;2019;10.96;5;8.89;22.76;5;
14459;48.6914;-3.2619;RCP2.6;2020;11.28;5;6.37;20.87;5;
14460;48.6965;-3.1535;RCP2.6;2006;11.02;2;6.06;18.7;2;
14460;48.6965;-3.1535;RCP2.6;2007;11.49;2;6.33;19.45;4;
14460;48.6965;-3.1535;RCP2.6;2008;11.28;4;7.38;20.28;4;
14460;48.6965;-3.1535;RCP2.6;2009;12.02;4;8.19;20.56;4;
14460;48.6965;-3.1535;RCP2.6;2010;11.61;6;7.86;21.94;6;
14460;48.6965;-3.1535;RCP2.6;2011;11.8;3;6.45;19.53;4;
14460;48.6965;-3.1535;RCP2.6;2012;11.83;4;7.33;18.14;4;
14460;48.6965;-3.1535;RCP2.6;2013;11.98;3;8.12;18.07;3;
14460;48.6965;-3.1535;RCP2.6;2014;11.81;3;8.51;18.63;4;
14460;48.6965;-3.1535;RCP2.6;2015;11.84;2;5.94;16.53;3;
14460;48.6965;-3.1535;RCP2.6;2016;12.12;4;8.88;19.83;5;
14460;48.6965;-3.1535;RCP2.6;2017;12.36;3;6.9;16.91;3;
14460;48.6965;-3.1535;RCP2.6;2018;11.14;7;9.1;21.96;8;
14460;48.6965;-3.1535;RCP2.6;2019;11;5;8.89;22.7;5;
14460;48.6965;-3.1535;RCP2.6;2020;11.33;5;6.35;20.83;5;
14461;48.7014;-3.0452;RCP2.6;2006;11.12;2;5.12;18.17;5;
14461;48.7014;-3.0452;RCP2.6;2007;11.53;2;6.18;17.34;3;
14461;48.7014;-3.0452;RCP2.6;2008;11.39;3;6.49;17.17;3;
14461;48.7014;-3.0452;RCP2.6;2009;12.19;4;6.8;18.37;4;
14461;48.7014;-3.0452;RCP2.6;2010;11.72;6;6.75;22.42;6;
14461;48.7014;-3.0452;RCP2.6;2011;11.92;3;5.98;17.21;4;
14461;48.7014;-3.0452;RCP2.6;2012;11.94;3;6.02;16.82;3;
14461;48.7014;-3.0452;RCP2.6;2013;12.08;3;7.31;17.12;3;
14461;48.7014;-3.0452;RCP2.6;2014;11.97;2;7.2;17.26;4;
14461;48.7014;-3.0452;RCP2.6;2015;11.93;1;5.11;16.03;1;
14461;48.7014;-3.0452;RCP2.6;2016;12.22;6;7.6;21.87;6;
14461;48.7014;-3.0452;RCP2.6;2017;12.47;1;5.88;12.91;1;
14461;48.7014;-3.0452;RCP2.6;2018;11.25;6;8.38;20.47;7;
14461;48.7014;-3.0452;RCP2.6;2019;11.07;4;7.19;19.7;5;
14461;48.7014;-3.0452;RCP2.6;2020;11.45;4;6.18;19.88;5;
14462;48.7063;-2.9368;RCP2.6;2006;11.2;2;4.99;18.07;5;
14462;48.7063;-2.9368;RCP2.6;2007;11.61;2;6.14;17.29;3;
14462;48.7063;-2.9368;RCP2.6;2008;11.47;3;6.45;17.08;3;
14462;48.7063;-2.9368;RCP2.6;2009;12.28;3;6.76;18.26;4;
14462;48.7063;-2.9368;RCP2.6;2010;11.81;6;6.75;22.37;6;
14462;48.7063;-2.9368;RCP2.6;2011;12.01;3;5.94;17.11;4;
14462;48.7063;-2.9368;RCP2.6;2012;12.02;3;6.01;16.73;3;
14462;48.7063;-2.9368;RCP2.6;2013;12.17;3;7.27;17.02;3;
14462;48.7063;-2.9368;RCP2.6;2014;12.05;2;7.16;17.15;4;
14462;48.7063;-2.9368;RCP2.6;2015;12.02;1;5.08;15.94;1;
14462;48.7063;-2.9368;RCP2.6;2016;12.31;6;7.56;21.76;6;
14462;48.7063;-2.9368;RCP2.6;2017;12.56;1;5.85;12.82;1;
14462;48.7063;-2.9368;RCP2.6;2018;11.33;6;8.34;20.35;7;
14462;48.7063;-2.9368;RCP2.6;2019;11.16;4;7.18;19.45;5;
14462;48.7063;-2.9368;RCP2.6;2020;11.54;4;6.14;19.77;5;
14600;48.7527;-3.4866;RCP2.6;2006;11.12;3;6.56;18.71;3;
14600;48.7527;-3.4866;RCP2.6;2007;11.51;3;6.75;19.9;6;
14600;48.7527;-3.4866;RCP2.6;2008;11.26;5;7.47;22.18;7;
14600;48.7527;-3.4866;RCP2.6;2009;11.96;4;8.12;19.83;5;
14600;48.7527;-3.4866;RCP2.6;2010;11.56;4;7.62;21.55;5;
14600;48.7527;-3.4866;RCP2.6;2011;11.84;4;6.6;20.18;6;
14600;48.7527;-3.4866;RCP2.6;2012;11.82;3;7.06;18.79;3;
14600;48.7527;-3.4866;RCP2.6;2013;11.97;3;8.05;19.14;4;
14600;48.7527;-3.4866;RCP2.6;2014;11.85;4;8.54;16.94;4;
14600;48.7527;-3.4866;RCP2.6;2015;11.87;1;5.97;17.91;2;
14600;48.7527;-3.4866;RCP2.6;2016;12.2;4;8.54;19.79;5;
14600;48.7527;-3.4866;RCP2.6;2017;12.46;5;7.14;20.51;5;
14600;48.7527;-3.4866;RCP2.6;2018;11.18;7;9.18;21.67;7;
14600;48.7527;-3.4866;RCP2.6;2019;11.02;6;8.63;26.1;8;
14600;48.7527;-3.4866;RCP2.6;2020;11.36;4;6.81;19.66;4;
14601;48.758;-3.3781;RCP2.6;2006;11.1;3;6.57;18.73;3;
14601;48.758;-3.3781;RCP2.6;2007;11.49;3;6.76;19.92;6;
14601;48.758;-3.3781;RCP2.6;2008;11.23;5;7.48;22.21;7;
14601;48.758;-3.3781;RCP2.6;2009;11.94;4;8.13;19.85;5;
14601;48.758;-3.3781;RCP2.6;2010;11.54;4;7.63;21.58;5;
14601;48.758;-3.3781;RCP2.6;2011;11.82;4;6.61;20.2;6;
14601;48.758;-3.3781;RCP2.6;2012;11.8;3;7.06;18.81;3;
14601;48.758;-3.3781;RCP2.6;2013;11.94;3;8.06;19.17;4;
14601;48.758;-3.3781;RCP2.6;2014;11.83;4;8.52;16.96;4;
14601;48.758;-3.3781;RCP2.6;2015;11.85;1;5.98;17.94;2;
14601;48.758;-3.3781;RCP2.6;2016;12.18;4;8.51;19.82;5;
14601;48.758;-3.3781;RCP2.6;2017;12.44;5;7.14;20.54;5;
14601;48.758;-3.3781;RCP2.6;2018;11.15;7;9.18;21.7;7;
14601;48.758;-3.3781;RCP2.6;2019;11;6;8.65;26.13;8;
14601;48.758;-3.3781;RCP2.6;2020;11.33;4;6.82;19.68;4;
14602;48.7631;-3.2696;RCP2.6;2006;11.29;3;6.16;19.48;5;
14602;48.7631;-3.2696;RCP2.6;2007;11.71;4;6.29;19.24;4;
14602;48.7631;-3.2696;RCP2.6;2008;11.47;3;8.06;19.41;6;
14602;48.7631;-3.2696;RCP2.6;2009;12.22;2;8.42;19.07;4;
14602;48.7631;-3.2696;RCP2.6;2010;11.8;5;6.97;21.23;6;
14602;48.7631;-3.2696;RCP2.6;2011;12.03;2;6.57;19.27;4;
14602;48.7631;-3.2696;RCP2.6;2012;12.03;2;7.19;16.96;2;
14602;48.7631;-3.2696;RCP2.6;2013;12.19;3;7.77;17.77;3;
14602;48.7631;-3.2696;RCP2.6;2014;12.08;3;7.97;17.43;4;
14602;48.7631;-3.2696;RCP2.6;2015;12.08;1;5.67;16.71;2;
14602;48.7631;-3.2696;RCP2.6;2016;12.36;2;8.56;18.9;3;
14602;48.7631;-3.2696;RCP2.6;2017;12.61;3;7.19;17.31;3;
14602;48.7631;-3.2696;RCP2.6;2018;11.38;6;9.18;20.88;8;
14602;48.7631;-3.2696;RCP2.6;2019;11.22;7;8.73;23.03;8;
14602;48.7631;-3.2696;RCP2.6;2020;11.56;1;7.11;18.48;3;
14603;48.7682;-3.1611;RCP2.6;2006;11.23;3;6.18;19.54;5;
14603;48.7682;-3.1611;RCP2.6;2007;11.65;4;6.3;19.27;4;
14603;48.7682;-3.1611;RCP2.6;2008;11.41;3;8.04;19.48;6;
14603;48.7682;-3.1611;RCP2.6;2009;12.16;2;8.36;19.37;4;
14603;48.7682;-3.1611;RCP2.6;2010;11.74;5;6.99;21.3;5;
14603;48.7682;-3.1611;RCP2.6;2011;11.96;2;6.59;19.34;4;
14603;48.7682;-3.1611;RCP2.6;2012;11.97;2;7.21;17.02;2;
14603;48.7682;-3.1611;RCP2.6;2013;12.13;3;7.8;17.84;3;
14603;48.7682;-3.1611;RCP2.6;2014;12.02;4;8;17.5;4;
14603;48.7682;-3.1611;RCP2.6;2015;12.02;1;5.66;16.77;2;
14603;48.7682;-3.1611;RCP2.6;2016;12.3;2;8.59;18.98;3;
14603;48.7682;-3.1611;RCP2.6;2017;12.54;3;7.26;17.38;3;
14603;48.7682;-3.1611;RCP2.6;2018;11.32;6;9.19;20.96;8;
14603;48.7682;-3.1611;RCP2.6;2019;11.16;7;8.75;23.02;8;
14603;48.7682;-3.1611;RCP2.6;2020;11.5;1;7.04;18.53;3;
14604;48.7732;-3.0526;RCP2.6;2006;11.29;2;4.96;17.97;3;
14604;48.7732;-3.0526;RCP2.6;2007;11.7;2;6.11;17.28;3;
14604;48.7732;-3.0526;RCP2.6;2008;11.56;3;6.41;16.99;3;
14604;48.7732;-3.0526;RCP2.6;2009;12.36;3;6.73;18.16;4;
14604;48.7732;-3.0526;RCP2.6;2010;11.89;5;6.66;22.2;6;
14604;48.7732;-3.0526;RCP2.6;2011;12.09;2;5.91;17;4;
14604;48.7732;-3.0526;RCP2.6;2012;12.11;3;5.97;16.65;3;
14604;48.7732;-3.0526;RCP2.6;2013;12.26;3;7.23;16.92;3;
14604;48.7732;-3.0526;RCP2.6;2014;12.14;2;7.13;17.05;4;
14604;48.7732;-3.0526;RCP2.6;2015;12.11;1;5.01;15.84;1;
14604;48.7732;-3.0526;RCP2.6;2016;12.4;6;7.51;21.65;6;
14604;48.7732;-3.0526;RCP2.6;2017;12.65;1;5.82;12.74;1;
14604;48.7732;-3.0526;RCP2.6;2018;11.42;4;8.36;20.24;7;
14604;48.7732;-3.0526;RCP2.6;2019;11.24;4;7.13;19.37;5;
14604;48.7732;-3.0526;RCP2.6;2020;11.62;4;6.1;19.66;5;
14743;48.8244;-3.4946;RCP2.6;2006;11.47;3;6.39;18.29;3;
14743;48.8244;-3.4946;RCP2.6;2007;11.87;3;6.72;19.72;6;
14743;48.8244;-3.4946;RCP2.6;2008;11.62;4;7.19;21.7;7;
14743;48.8244;-3.4946;RCP2.6;2009;12.31;3;8.02;19.43;5;
14743;48.8244;-3.4946;RCP2.6;2010;11.92;4;7.45;21.07;4;
14743;48.8244;-3.4946;RCP2.6;2011;12.19;4;6.46;19.73;6;
14743;48.8244;-3.4946;RCP2.6;2012;12.18;3;6.92;18.37;3;
14743;48.8244;-3.4946;RCP2.6;2013;12.33;3;7.89;18.71;4;
14743;48.8244;-3.4946;RCP2.6;2014;12.21;3;8.36;16.56;4;
14743;48.8244;-3.4946;RCP2.6;2015;12.23;1;5.82;17.52;1;
14743;48.8244;-3.4946;RCP2.6;2016;12.56;3;8.36;19.35;4;
14743;48.8244;-3.4946;RCP2.6;2017;12.82;4;6.99;20.06;5;
14743;48.8244;-3.4946;RCP2.6;2018;11.54;7;9.05;21.19;7;
14743;48.8244;-3.4946;RCP2.6;2019;11.37;7;8.5;25.62;8;
14743;48.8244;-3.4946;RCP2.6;2020;11.72;4;6.67;19.35;4;
14745;48.8349;-3.2774;RCP2.6;2006;11.35;3;5.9;19.42;5;
14745;48.8349;-3.2774;RCP2.6;2007;11.76;4;6.26;19.23;4;
14745;48.8349;-3.2774;RCP2.6;2008;11.52;3;8.06;19.34;6;
14745;48.8349;-3.2774;RCP2.6;2009;12.27;2;8.39;19.01;4;
14745;48.8349;-3.2774;RCP2.6;2010;11.85;5;6.94;21.17;6;
14745;48.8349;-3.2774;RCP2.6;2011;12.08;2;6.54;19.2;4;
14745;48.8349;-3.2774;RCP2.6;2012;12.08;2;7.18;16.9;2;
14745;48.8349;-3.2774;RCP2.6;2013;12.25;3;7.75;17.71;3;
14745;48.8349;-3.2774;RCP2.6;2014;12.14;3;7.95;17.37;4;
14745;48.8349;-3.2774;RCP2.6;2015;12.13;1;5.65;16.65;2;
14745;48.8349;-3.2774;RCP2.6;2016;12.41;2;8.53;18.84;3;
14745;48.8349;-3.2774;RCP2.6;2017;12.66;3;7.16;17.25;3;
14745;48.8349;-3.2774;RCP2.6;2018;11.44;6;9.18;20.81;8;
14745;48.8349;-3.2774;RCP2.6;2019;11.27;8;8.84;23.13;8;
14745;48.8349;-3.2774;RCP2.6;2020;11.62;1;7.35;18.43;3;
14746;48.8399;-3.1687;RCP2.6;2006;11.35;3;5.87;19.41;5;
14746;48.8399;-3.1687;RCP2.6;2007;11.77;4;6.25;19.23;4;
14746;48.8399;-3.1687;RCP2.6;2008;11.53;3;8.05;19.33;6;
14746;48.8399;-3.1687;RCP2.6;2009;12.28;2;8.39;19;4;
14746;48.8399;-3.1687;RCP2.6;2010;11.86;5;6.94;21.16;6;
14746;48.8399;-3.1687;RCP2.6;2011;12.09;2;6.54;19.19;4;
14746;48.8399;-3.1687;RCP2.6;2012;12.09;2;7.2;16.89;2;
14746;48.8399;-3.1687;RCP2.6;2013;12.26;3;7.74;17.7;3;
14746;48.8399;-3.1687;RCP2.6;2014;12.15;3;7.94;17.36;4;
14746;48.8399;-3.1687;RCP2.6;2015;12.14;1;5.65;16.64;2;
14746;48.8399;-3.1687;RCP2.6;2016;12.42;2;8.53;18.83;3;
14746;48.8399;-3.1687;RCP2.6;2017;12.67;3;7.16;17.25;4;
14746;48.8399;-3.1687;RCP2.6;2018;11.44;6;9.18;20.8;8;
14746;48.8399;-3.1687;RCP2.6;2019;11.28;8;8.91;23.17;8;
14746;48.8399;-3.1687;RCP2.6;2020;11.62;1;7.34;18.42;3;
